player,cricsheet_id,gender,teams,matches,batting_hand,bowling_hand,bowling_style,bowling_family,role,wicketkeeper_status,metadata_source,confidence,manual_override
RG Sharma,740742ef,male,Deccan Chargers;India;Mumbai Indians,715,,,,,batter,,derived:role_from_usage/v1,0.95,false
V Kohli,ba607b88,male,India;Royal Challengers Bangalore;Royal Challengers Bengaluru,711,,,,,batter,,derived:role_from_usage/v1,0.95,false
MS Dhoni,4a8a2e3b,male,Asia XI;Chennai Super Kings;India;Rising Pune Supergiant;Rising Pune Supergiants,703,,,,,wicketkeeper-batter,yes,derived:role_from_usage/v1 | derived:keeper_inference_aggregate/v1,0.95 | 0.97,false
RA Jadeja,fe93fd9d,male,Chennai Super Kings;Gujarat Lions;India;Kochi Tuskers Kerala;Rajasthan Royals,545,,,,,all-rounder,,derived:role_from_usage/v1,0.95,false
SK Raina,1dc12ab9,male,Chennai Super Kings;Gujarat Lions;India,500,,,,,batting all-rounder,,derived:role_from_usage/v1,0.95,false
JC Buttler,99b75528,male,England;Gujarat Titans;Mumbai Indians;Rajasthan Royals,494,,,,,wicketkeeper-batter,yes,derived:role_from_usage/v1 | derived:keeper_inference_aggregate/v1,0.95 | 0.92,false
AB de Villiers,c4487b84,male,Africa XI;Delhi Daredevils;Royal Challengers Bangalore;South Africa,480,,,,,wicketkeeper-batter,yes,derived:role_from_usage/v1 | derived:keeper_inference_aggregate/v1,0.95 | 0.73,false
DA Miller,d67d5f00,male,Delhi Capitals;Gujarat Titans;ICC World XI;Kings XI Punjab;Lucknow Super Giants;Rajasthan Royals;South Africa,464,,,,,batter,occasional,derived:role_from_usage/v1 | derived:keeper_inference_aggregate/v1,0.95 | 0.6,false
S Dhawan,0a476045,male,Deccan Chargers;Delhi Capitals;Delhi Daredevils;India;Mumbai Indians;Punjab Kings;Sunrisers Hyderabad,455,,,,,batter,,derived:role_from_usage/v1,0.95,false
DA Warner,dcce6f09,male,Australia;Delhi Capitals;Delhi Daredevils;Sunrisers Hyderabad,448,,,,,batter,,derived:role_from_usage/v1,0.95,false
EJG Morgan,d2a6c0e6,male,England;Ireland;Kings XI Punjab;Kolkata Knight Riders;Royal Challengers Bangalore;Sunrisers Hyderabad,427,,,,,batter,,derived:role_from_usage/v1,0.95,false
KC Sangakkara,6b71e6cf,male,Asia XI;Deccan Chargers;ICC World XI;Kings XI Punjab;Sri Lanka;Sunrisers Hyderabad,425,,,,,wicketkeeper-batter,yes,derived:role_from_usage/v1 | derived:keeper_inference_aggregate/v1,0.95 | 0.97,false
CH Gayle,db584dad,male,ICC World XI;Kings XI Punjab;Kolkata Knight Riders;Punjab Kings;Royal Challengers Bangalore;West Indies,421,,,,,all-rounder,,derived:role_from_usage/v1,0.95,false
SL Malinga,a12e1d51,male,Mumbai Indians;Sri Lanka,418,,,,,bowler,,derived:role_from_usage/v1,0.95,false
DPMD Jayawardene,d18f9182,male,Asia XI;Delhi Daredevils;Kings XI Punjab;Kochi Tuskers Kerala;Sri Lanka,416,,,,,batter,,derived:role_from_usage/v1,0.95,false
GJ Maxwell,b681e71e,male,Australia;Delhi Daredevils;Kings XI Punjab;Mumbai Indians;Punjab Kings;Royal Challengers Bangalore;Royal Challengers Bengaluru,413,,,,,all-rounder,,derived:role_from_usage/v1,0.95,false
Yuvraj Singh,1c914163,male,Asia XI;Delhi Daredevils;India;Kings XI Punjab;Mumbai Indians;Pune Warriors;Royal Challengers Bangalore;Sunrisers Hyderabad,413,,,,,all-rounder,,derived:role_from_usage/v1,0.95,false
B Kumar,2e81a32d,male,India;Pune Warriors;Royal Challengers Bengaluru;Sunrisers Hyderabad,412,,,,,bowler,,derived:role_from_usage/v1,0.95,false
TM Dilshan,5bdcdb72,male,Delhi Daredevils;Royal Challengers Bangalore;Sri Lanka,408,,,,,all-rounder,occasional,derived:role_from_usage/v1 | derived:keeper_inference_aggregate/v1,0.95 | 0.6,false
KD Karthik,c03f1114,male,Delhi Daredevils;Gujarat Lions;ICC World XI;India;Kings XI Punjab;Kolkata Knight Riders;Mumbai Indians;Royal Challengers Bangalore;Royal Challengers Bengaluru,405,,,,,wicketkeeper-batter,yes,derived:role_from_usage/v1 | derived:keeper_inference_aggregate/v1,0.95 | 0.78,false
KA Pollard,a757b0d8,male,Mumbai Indians;West Indies,404,,,,,batting all-rounder,,derived:role_from_usage/v1,0.95,false
R Ashwin,495d42a5,male,Chennai Super Kings;Delhi Capitals;India;Kings XI Punjab;Rajasthan Royals;Rising Pune Supergiants,396,,,,,bowler,,derived:role_from_usage/v1,0.95,false
DJ Bravo,87e562a9,male,Chennai Super Kings;Gujarat Lions;Mumbai Indians;West Indies,396,,,,,all-rounder,,derived:role_from_usage/v1,0.95,false
Shakib Al Hasan,7dc35884,male,Bangladesh;Kolkata Knight Riders;Sunrisers Hyderabad,395,,,,,all-rounder,,derived:role_from_usage/v1,0.95,false
BB McCullum,b8a55852,male,Chennai Super Kings;Gujarat Lions;Kochi Tuskers Kerala;Kolkata Knight Riders;New Zealand;Royal Challengers Bangalore,392,,,,,wicketkeeper-batter,yes,derived:role_from_usage/v1 | derived:keeper_inference_aggregate/v1,0.95 | 0.84,false
HH Pandya,dbe50b21,male,Gujarat Titans;India;Mumbai Indians,390,,,,,all-rounder,,derived:role_from_usage/v1,0.95,false
LRPL Taylor,b61a3e1a,male,Delhi Daredevils;New Zealand;Pune Warriors;Rajasthan Royals;Royal Challengers Bangalore;Samoa,385,,,,,batter,,derived:role_from_usage/v1,0.95,false
Q de Kock,372455c4,male,Delhi Daredevils;Kolkata Knight Riders;Lucknow Super Giants;Mumbai Indians;Royal Challengers Bangalore;South Africa;Sunrisers Hyderabad,384,,,,,wicketkeeper-batter,yes,derived:role_from_usage/v1 | derived:keeper_inference_aggregate/v1,0.95 | 0.81,false
SR Watson,4329fbb5,male,Australia;Chennai Super Kings;Rajasthan Royals;Royal Challengers Bangalore,367,,,,,all-rounder,,derived:role_from_usage/v1,0.95,false
JP Duminy,2e8994e7,male,Deccan Chargers;Delhi Daredevils;Mumbai Indians;South Africa,355,,,,,all-rounder,,derived:role_from_usage/v1,0.95,false
Shoaib Malik,64c34cd0,male,Delhi Daredevils;ICC World XI;Pakistan,351,,,,,all-rounder,,derived:role_from_usage/v1,0.95,false
AD Mathews,896d78ad,male,Delhi Daredevils;Kolkata Knight Riders;Pune Warriors;Sri Lanka,351,,,,,all-rounder,,derived:role_from_usage/v1,0.95,false
AR Patel,2e171977,male,Delhi Capitals;India;Kings XI Punjab,348,,,,,all-rounder,,derived:role_from_usage/v1,0.95,false
F du Plessis,3355b542,male,Chennai Super Kings;Delhi Capitals;ICC World XI;Rising Pune Supergiant;Rising Pune Supergiants;Royal Challengers Bangalore;Royal Challengers Bengaluru;South Africa,344,,,,,batter,,derived:role_from_usage/v1,0.95,false
KS Williamson,d027ba9f,male,Gujarat Titans;New Zealand;Sunrisers Hyderabad,343,,,,,batting all-rounder,,derived:role_from_usage/v1,0.95,false
Mahmudullah,bf1d7d3e,male,Bangladesh,343,,,,,all-rounder,,derived:role_from_usage/v1,0.95,false
Harbhajan Singh,8b5b6769,male,Asia XI;Chennai Super Kings;India;Kolkata Knight Riders;Mumbai Indians,343,,,,,bowler,,derived:role_from_usage/v1,0.95,false
YS Chahal,57ee1fde,male,India;Mumbai Indians;Punjab Kings;Rajasthan Royals;Royal Challengers Bangalore,340,,,,,bowler,,derived:role_from_usage/v1,0.95,false
JJ Bumrah,462411b3,male,India;Mumbai Indians,339,,,,,bowler,,derived:role_from_usage/v1,0.95,false
AJ Finch,b8d490fd,male,Australia;Delhi Daredevils;Gujarat Lions;Kings XI Punjab;Kolkata Knight Riders;Mumbai Indians;Pune Warriors;Rajasthan Royals;Royal Challengers Bangalore;Sunrisers Hyderabad,338,,,,,batter,,derived:role_from_usage/v1,0.95,false
SPD Smith,30a45b23,male,Australia;Delhi Capitals;Pune Warriors;Rajasthan Royals;Rising Pune Supergiant;Rising Pune Supergiants,336,,,,,batting all-rounder,,derived:role_from_usage/v1,0.95,false
Mushfiqur Rahim,a94e08ea,male,Bangladesh,331,,,,,wicketkeeper-batter,yes,derived:role_from_usage/v1 | derived:keeper_inference_aggregate/v1,0.95 | 0.97,false
TG Southee,13c35c9e,male,Chennai Super Kings;Kolkata Knight Riders;Mumbai Indians;New Zealand;Rajasthan Royals;Royal Challengers Bangalore,331,,,,,bowler,,derived:role_from_usage/v1,0.95,false
MJ Guptill,2be41edb,male,Kings XI Punjab;Mumbai Indians;New Zealand;Sunrisers Hyderabad,328,,,,,batter,,derived:role_from_usage/v1,0.95,false
Mohammad Hafeez,9ab63e7b,male,Kolkata Knight Riders;Pakistan,328,,,,,all-rounder,,derived:role_from_usage/v1,0.95,false
G Gambhir,bb345e0b,male,Delhi Daredevils;India;Kolkata Knight Riders,326,,,,,batter,,derived:role_from_usage/v1,0.95,false
SA Yadav,271f83cd,male,India;Kolkata Knight Riders;Mumbai Indians,326,,,,,batter,,derived:role_from_usage/v1,0.95,false
KL Rahul,b17e2f24,male,Delhi Capitals;India;Kings XI Punjab;Lucknow Super Giants;Punjab Kings;Royal Challengers Bangalore;Sunrisers Hyderabad,322,,,,,wicketkeeper-batter,yes,derived:role_from_usage/v1 | derived:keeper_inference_aggregate/v1,0.95 | 0.73,false
AM Rahane,29e95537,male,Chennai Super Kings;Delhi Capitals;India;Kolkata Knight Riders;Mumbai Indians;Rajasthan Royals;Rising Pune Supergiant;Rising Pune Supergiants,321,,,,,batter,,derived:role_from_usage/v1,0.95,false
SP Narine,9d430b40,male,Kolkata Knight Riders;West Indies,313,,,,,all-rounder,,derived:role_from_usage/v1,0.95,false
AU Rashid,249d60c9,male,England;Punjab Kings;Sunrisers Hyderabad,312,,,,,bowler,,derived:role_from_usage/v1,0.95,false
Shahid Afridi,0dc00542,male,Asia XI;Deccan Chargers;ICC World XI;Pakistan,312,,,,,all-rounder,,derived:role_from_usage/v1,0.95,false
H Kaur,53cd8da6,female,India;Mumbai Indians,310,,,,,batting all-rounder,,derived:role_from_usage/v1,0.95,false
MM Ali,bb351c23,male,Chennai Super Kings;England;Kolkata Knight Riders;Royal Challengers Bangalore,298,,,,,all-rounder,,derived:role_from_usage/v1,0.95,false
MJ Santner,e4a0deae,male,Chennai Super Kings;Mumbai Indians;New Zealand,296,,,,,bowler,,derived:role_from_usage/v1,0.95,false
DB Sharma,201fef33,female,India;UP Warriorz,295,,,,,all-rounder,,derived:role_from_usage/v1,0.95,false
TA Boult,a818c1be,male,Delhi Capitals;Delhi Daredevils;Kolkata Knight Riders;Mumbai Indians;New Zealand;Rajasthan Royals;Sunrisers Hyderabad,294,,,,,bowler,,derived:role_from_usage/v1,0.95,false
S Mandhana,5d2eda89,female,India;Royal Challengers Bangalore;Royal Challengers Bengaluru,293,,,,,batter,,derived:role_from_usage/v1,0.95,false
V Sehwag,8ba8195d,male,Asia XI;Delhi Daredevils;ICC World XI;India;Kings XI Punjab,290,,,,,batting all-rounder,,derived:role_from_usage/v1,0.95,false
Tamim Iqbal,3b041a12,male,Bangladesh;ICC World XI,289,,,,,batter,,derived:role_from_usage/v1,0.95,false
Mustafizur Rahman,0a8fce53,male,Bangladesh;Chennai Super Kings;Delhi Capitals;Mumbai Indians;Rajasthan Royals;Sunrisers Hyderabad,289,,,,,bowler,,derived:role_from_usage/v1,0.95,false
SS Iyer,85ec8e33,male,Delhi Capitals;Delhi Daredevils;India;Kolkata Knight Riders;Punjab Kings,285,,,,,batter,,derived:role_from_usage/v1,0.95,false
NLTC Perera,0f12f9df,male,Chennai Super Kings;ICC World XI;Kings XI Punjab;Kochi Tuskers Kerala;Mumbai Indians;Rising Pune Supergiants;Sri Lanka;Sunrisers Hyderabad,281,,,,,all-rounder,,derived:role_from_usage/v1,0.95,false
JO Holder,0f721006,male,Chennai Super Kings;Gujarat Titans;Kolkata Knight Riders;Lucknow Super Giants;Rajasthan Royals;Sunrisers Hyderabad;West Indies,281,,,,,bowler,,derived:role_from_usage/v1,0.95,false
NR Sciver-Brunt,f3a18a0c,female,England;Mumbai Indians,280,,,,,all-rounder,,derived:role_from_usage/v1,0.95,false
K Rabada,e62dd25d,male,Delhi Capitals;Delhi Daredevils;Gujarat Titans;Punjab Kings;South Africa,280,,,,,bowler,,derived:role_from_usage/v1,0.95,false
Babar Azam,8a75e999,male,Pakistan,279,,,,,batter,,derived:role_from_usage/v1,0.95,false
Kuldeep Yadav,8d2c70ad,male,Delhi Capitals;India;Kolkata Knight Riders,279,,,,,bowler,,derived:role_from_usage/v1,0.95,false
AD Russell,bbd41817,male,Delhi Daredevils;Kolkata Knight Riders;West Indies,278,,,,,all-rounder,,derived:role_from_usage/v1,0.95,false
MP Stoinis,d9273ee7,male,Australia;Delhi Capitals;Kings XI Punjab;Lucknow Super Giants;Punjab Kings;Royal Challengers Bangalore,277,,,,,all-rounder,,derived:role_from_usage/v1,0.95,false
MEK Hussey,48fd7349,male,Australia;Chennai Super Kings;Mumbai Indians,272,,,,,batter,,derived:role_from_usage/v1,0.95,false
SV Samson,a4cc73aa,male,Chennai Super Kings;Delhi Daredevils;India;Rajasthan Royals,271,,,,,wicketkeeper-batter,yes,derived:role_from_usage/v1 | derived:keeper_inference_aggregate/v1,0.95 | 0.78,false
EA Perry,be150fc8,female,Australia;Royal Challengers Bangalore;Royal Challengers Bengaluru,271,,,,,all-rounder,,derived:role_from_usage/v1,0.95,false
N Pooran,3241e3fd,male,Kings XI Punjab;Lucknow Super Giants;Punjab Kings;Sunrisers Hyderabad;West Indies,266,,,,,wicketkeeper-batter,yes,derived:role_from_usage/v1 | derived:keeper_inference_aggregate/v1,0.95 | 0.73,false
DW Steyn,8fd1a8f5,male,Africa XI;Deccan Chargers;Gujarat Lions;Royal Challengers Bangalore;South Africa;Sunrisers Hyderabad,265,,,,,bowler,,derived:role_from_usage/v1,0.95,false
HC Knight,4ba0289e,female,England;Royal Challengers Bangalore,264,,,,,batting all-rounder,,derived:role_from_usage/v1,0.95,false
Sikandar Raza,26d041c4,male,Punjab Kings;Zimbabwe,263,,,,,all-rounder,,derived:role_from_usage/v1,0.95,false
AT Rayudu,70d205c9,male,Chennai Super Kings;India;Mumbai Indians,263,,,,,batter,yes,derived:role_from_usage/v1 | derived:keeper_inference_aggregate/v1,0.95 | 0.63,false
RV Uthappa,1c17e270,male,Chennai Super Kings;India;Kolkata Knight Riders;Mumbai Indians;Pune Warriors;Rajasthan Royals;Royal Challengers Bangalore,262,,,,,wicketkeeper-batter,yes,derived:role_from_usage/v1 | derived:keeper_inference_aggregate/v1,0.95 | 0.8,false
Mohammed Shami,8cf9814c,male,Delhi Daredevils;Gujarat Titans;India;Kings XI Punjab;Kolkata Knight Riders;Lucknow Super Giants;Punjab Kings;Sunrisers Hyderabad,262,,,,,bowler,,derived:role_from_usage/v1,0.95,false
JH Kallis,86dc8f2e,male,Africa XI;ICC World XI;Kolkata Knight Riders;Royal Challengers Bangalore;South Africa,260,,,,,all-rounder,,derived:role_from_usage/v1,0.95,false
S Luus,6d76bc23,female,South Africa,258,,,,,all-rounder,,derived:role_from_usage/v1,0.95,false
DN Wyatt,a139c379,female,England;Gujarat Giants;Royal Challengers Bengaluru,258,,,,,batting all-rounder,,derived:role_from_usage/v1,0.95,false
MJ Clarke,f842c2cf,male,Australia;Pune Warriors,257,,,,,batting all-rounder,,derived:role_from_usage/v1,0.95,false
A Zampa,14f96089,male,Australia;Rajasthan Royals;Rising Pune Supergiant;Rising Pune Supergiants;Royal Challengers Bangalore;Sunrisers Hyderabad,257,,,,,bowler,,derived:role_from_usage/v1,0.95,false
M Kapp,63e3b6b3,female,Delhi Capitals;South Africa,253,,,,,all-rounder,,derived:role_from_usage/v1,0.95,false
YK Pathan,3c6ffae8,male,India;Kolkata Knight Riders;Rajasthan Royals;Sunrisers Hyderabad,252,,,,,batting all-rounder,,derived:role_from_usage/v1,0.95,false
AJ Healy,321644de,female,Australia;UP Warriorz,252,,,,,wicketkeeper-batter,yes,derived:role_from_usage/v1 | derived:keeper_inference_aggregate/v1,0.95 | 0.97,false
MR Marsh,3d8feaf8,male,Australia;Deccan Chargers;Delhi Capitals;Lucknow Super Giants;Pune Warriors;Rising Pune Supergiants;Sunrisers Hyderabad,252,,,,,all-rounder,,derived:role_from_usage/v1,0.95,false
PR Stirling,cf494ffe,male,Ireland,250,,,,,batting all-rounder,,derived:role_from_usage/v1,0.95,false
MA Starc,3fb19989,male,Australia;Delhi Capitals;Kolkata Knight Riders;Royal Challengers Bangalore,249,,,,,bowler,,derived:role_from_usage/v1,0.95,false
MK Pandey,93b4fc78,male,Delhi Capitals;India;Kolkata Knight Riders;Lucknow Super Giants;Mumbai Indians;Pune Warriors;Royal Challengers Bangalore;Sunrisers Hyderabad,247,,,,,batter,,derived:role_from_usage/v1,0.95,false
L Wolvaardt,e60f81c9,female,Delhi Capitals;Gujarat Giants;South Africa,247,,,,,batter,,derived:role_from_usage/v1,0.95,false
Z Khan,91a4a398,male,Asia XI;Delhi Daredevils;India;Mumbai Indians;Royal Challengers Bangalore,246,,,,,bowler,,derived:role_from_usage/v1,0.95,false
BKG Mendis,5d1e7582,male,Gujarat Titans;Sri Lanka,244,,,,,wicketkeeper-batter,yes,derived:role_from_usage/v1 | derived:keeper_inference_aggregate/v1,0.95 | 0.85,false
WU Tharanga,7ed9fd56,male,Asia XI;Sri Lanka,243,,,,,batter,,derived:role_from_usage/v1,0.95,false
RR Pant,919a3be2,male,Delhi Capitals;Delhi Daredevils;India;Lucknow Super Giants,242,,,,,wicketkeeper-batter,yes,derived:role_from_usage/v1 | derived:keeper_inference_aggregate/v1,0.95 | 0.8,false
BL Mooney,52d1dbc8,female,Australia;Gujarat Giants,242,,,,,batter,yes,derived:role_from_usage/v1 | derived:keeper_inference_aggregate/v1,0.95 | 0.71,false
KMDN Kulasekara,469ea22b,male,Chennai Super Kings;Sri Lanka,240,,,,,bowler,,derived:role_from_usage/v1,0.95,false
AE Jones,b05e45e4,female,England;UP Warriorz,238,,,,,wicketkeeper-batter,yes,derived:role_from_usage/v1 | derived:keeper_inference_aggregate/v1,0.95 | 0.95,false
HK Matthews,d32cf49a,female,Barbados;Mumbai Indians;West Indies,236,,,,,all-rounder,,derived:role_from_usage/v1,0.95,false
HM Amla,e798611a,male,ICC World XI;Kings XI Punjab;South Africa,236,,,,,batter,,derived:role_from_usage/v1,0.95,false
JM Bairstow,abb83e27,male,England;Mumbai Indians;Punjab Kings;Sunrisers Hyderabad,234,,,,,batter,yes,derived:role_from_usage/v1 | derived:keeper_inference_aggregate/v1,0.95 | 0.67,false
Shubman Gill,b4b99816,male,Gujarat Titans;India;Kolkata Knight Riders,233,,,,,batter,,derived:role_from_usage/v1,0.95,false
AC Jayangani,ac56b5a7,female,Sri Lanka;UP Warriorz,232,,,,,all-rounder,,derived:role_from_usage/v1,0.95,false
UT Yadav,cc1e8c68,male,Delhi Daredevils;Gujarat Titans;India;Kolkata Knight Riders;Royal Challengers Bangalore,232,,,,,bowler,,derived:role_from_usage/v1,0.95,false
MG Johnson,f5180fe6,male,Australia;Kings XI Punjab;Kolkata Knight Riders;Mumbai Indians,231,,,,,bowler,,derived:role_from_usage/v1,0.95,false
SFM Devine,de69af96,female,Gujarat Giants;New Zealand;Royal Challengers Bangalore,231,,,,,all-rounder,,derived:role_from_usage/v1,0.95,false
SW Bates,89bbc67a,female,New Zealand,230,,,,,batting all-rounder,,derived:role_from_usage/v1,0.95,false
A Gardner,bc969efb,female,Australia;Gujarat Giants,230,,,,,all-rounder,,derived:role_from_usage/v1,0.95,false
MN Samuels,f846de6a,male,Delhi Daredevils;Pune Warriors;West Indies,230,,,,,all-rounder,,derived:role_from_usage/v1,0.95,false
M Morkel,5bb5a915,male,Africa XI;Delhi Daredevils;ICC World XI;Kolkata Knight Riders;Rajasthan Royals;South Africa,229,,,,,bowler,,derived:role_from_usage/v1,0.95,false
JI Rodrigues,cb08b611,female,Delhi Capitals;India,228,,,,,batter,,derived:role_from_usage/v1,0.95,false
GH Dockrell,99cddc5e,male,Ireland,227,,,,,bowler,,derived:role_from_usage/v1,0.95,false
DL Vettori,d7c6af50,male,Delhi Daredevils;ICC World XI;New Zealand;Royal Challengers Bangalore,227,,,,,bowler,,derived:role_from_usage/v1,0.95,false
AC Kerr,7673c908,female,Mumbai Indians;New Zealand,227,,,,,all-rounder,,derived:role_from_usage/v1,0.95,false
Mashrafe Mortaza,e186f49c,male,Asia XI;Bangladesh;Kolkata Knight Riders,225,,,,,bowler,,derived:role_from_usage/v1,0.95,false
SO Hetmyer,48a1d7b7,male,Delhi Capitals;Rajasthan Royals;Royal Challengers Bangalore;West Indies,225,,,,,batter,,derived:role_from_usage/v1,0.95,false
RT Ponting,7d415ea5,male,Australia;Kolkata Knight Riders;Mumbai Indians,225,,,,,batter,,derived:role_from_usage/v1,0.95,false
IK Pathan,5fa06777,male,Delhi Daredevils;Gujarat Lions;India;Kings XI Punjab;Rising Pune Supergiants;Sunrisers Hyderabad,225,,,,,all-rounder,,derived:role_from_usage/v1,0.95,false
SR Tendulkar,d2c2b2d5,male,India;Mumbai Indians,225,,,,,batting all-rounder,,derived:role_from_usage/v1,0.95,false
S Ecclestone,cdb82f1c,female,England;UP Warriorz,225,,,,,bowler,,derived:role_from_usage/v1,0.95,false
AK Markram,6a26221c,male,Lucknow Super Giants;Punjab Kings;South Africa;Sunrisers Hyderabad,224,,,,,batting all-rounder,,derived:role_from_usage/v1,0.95,false
PP Chawla,98ae73b1,male,Chennai Super Kings;India;Kings XI Punjab;Kolkata Knight Riders;Mumbai Indians,224,,,,,bowler,,derived:role_from_usage/v1,0.95,false
PJ Cummins,ded9240e,male,Australia;Delhi Daredevils;Kolkata Knight Riders;Sunrisers Hyderabad,223,,,,,bowler,,derived:role_from_usage/v1,0.95,false
SD Hope,1fc6ef83,male,Delhi Capitals;West Indies,221,,,,,wicketkeeper-batter,yes,derived:role_from_usage/v1 | derived:keeper_inference_aggregate/v1,0.95 | 0.84,false
ML Schutt,17608a6f,female,Australia;Royal Challengers Bangalore,220,,,,,bowler,,derived:role_from_usage/v1,0.95,false
JE Root,a343262c,male,England;Rajasthan Royals,220,,,,,batting all-rounder,,derived:role_from_usage/v1,0.95,false
CL Tryon,4d4605e6,female,South Africa;UP Warriorz,220,,,,,all-rounder,,derived:role_from_usage/v1,0.95,false
LD Chandimal,8dd02a98,male,Sri Lanka,219,,,,,batter,yes,derived:role_from_usage/v1 | derived:keeper_inference_aggregate/v1,0.95 | 0.67,false
R Dravid,0184dc35,male,ICC World XI;India;Rajasthan Royals;Royal Challengers Bangalore,217,,,,,batter,yes,derived:role_from_usage/v1 | derived:keeper_inference_aggregate/v1,0.95 | 0.67,false
B Lee,dd09ff8e,male,Australia;Kings XI Punjab;Kolkata Knight Riders,217,,,,,bowler,,derived:role_from_usage/v1,0.95,false
Ishan Kishan,752f7486,male,Gujarat Lions;India;Mumbai Indians;Sunrisers Hyderabad,217,,,,,wicketkeeper-batter,yes,derived:role_from_usage/v1 | derived:keeper_inference_aggregate/v1,0.95 | 0.77,false
BRM Taylor,53597be1,male,Zimbabwe,215,,,,,wicketkeeper-batter,yes,derived:role_from_usage/v1 | derived:keeper_inference_aggregate/v1,0.95 | 0.85,false
GC Smith,72861603,male,Africa XI;Pune Warriors;Rajasthan Royals;South Africa,215,,,,,batting all-rounder,,derived:role_from_usage/v1,0.95,false
AC Gilchrist,2b6e6dec,male,Australia;Deccan Chargers;Kings XI Punjab,214,,,,,wicketkeeper-batter,yes,derived:role_from_usage/v1 | derived:keeper_inference_aggregate/v1,0.95 | 0.96,false
MM Lanning,27e003ce,female,Australia;Delhi Capitals;UP Warriorz,212,,,,,batter,,derived:role_from_usage/v1,0.95,false
DR Smith,35205dfc,male,Chennai Super Kings;Deccan Chargers;Gujarat Lions;Mumbai Indians;West Indies,211,,,,,all-rounder,,derived:role_from_usage/v1,0.95,false
TT Beaumont,b2664905,female,England,210,,,,,batter,occasional,derived:role_from_usage/v1 | derived:keeper_inference_aggregate/v1,0.95 | 0.6,false
I Sharma,5bb1a1c4,male,Deccan Chargers;Delhi Capitals;Gujarat Titans;India;Kings XI Punjab;Kolkata Knight Riders;Rising Pune Supergiants;Sunrisers Hyderabad,210,,,,,bowler,,derived:role_from_usage/v1,0.95,false
DJG Sammy,c03c6200,male,ICC World XI;Royal Challengers Bangalore;Sunrisers Hyderabad;West Indies,210,,,,,bowler,,derived:role_from_usage/v1,0.95,false
H Masakadza,31fbf891,male,Zimbabwe,210,,,,,batting all-rounder,,derived:role_from_usage/v1,0.95,false
SC Williams,afe57f7a,male,Zimbabwe,210,,,,,all-rounder,,derived:role_from_usage/v1,0.95,false
E Chigumbura,d2babdd5,male,Africa XI;Zimbabwe,207,,,,,all-rounder,,derived:role_from_usage/v1,0.95,false
Liton Das,0404d43c,male,Bangladesh;Kolkata Knight Riders,206,,,,,wicketkeeper-batter,yes,derived:role_from_usage/v1 | derived:keeper_inference_aggregate/v1,0.95 | 0.75,false
MDKJ Perera,f21043a5,male,Rajasthan Royals;Sri Lanka,206,,,,,batter,yes,derived:role_from_usage/v1 | derived:keeper_inference_aggregate/v1,0.95 | 0.65,false
A Mishra,6b19d823,male,Deccan Chargers;Delhi Capitals;Delhi Daredevils;India;Lucknow Super Giants;Sunrisers Hyderabad,205,,,,,bowler,,derived:role_from_usage/v1,0.95,false
JR Hazlewood,03806cf8,male,Australia;Chennai Super Kings;Royal Challengers Bangalore;Royal Challengers Bengaluru,204,,,,,bowler,,derived:role_from_usage/v1,0.95,false
M Muralitharan,4ba44e19,male,Asia XI;Chennai Super Kings;ICC World XI;Kochi Tuskers Kerala;Royal Challengers Bangalore;Sri Lanka,204,,,,,bowler,,derived:role_from_usage/v1,0.95,false
S Ismail,108c4c09,female,Mumbai Indians;South Africa;UP Warriorz,204,,,,,bowler,,derived:role_from_usage/v1,0.95,false
Mohammad Rizwan,2f26ac1a,male,Pakistan,203,,,,,wicketkeeper-batter,yes,derived:role_from_usage/v1 | derived:keeper_inference_aggregate/v1,0.95 | 0.92,false
PD Collingwood,a386e91b,male,Delhi Daredevils;England;ICC World XI,202,,,,,all-rounder,,derived:role_from_usage/v1,0.95,false
R Powell,650d5e49,male,Delhi Capitals;Kolkata Knight Riders;Rajasthan Royals;West Indies,202,,,,,batter,,derived:role_from_usage/v1,0.95,false
IS Sodhi,641ac5ff,male,New Zealand;Rajasthan Royals,202,,,,,bowler,,derived:role_from_usage/v1,0.95,false
Imran Tahir,acee4cc4,male,Chennai Super Kings;Delhi Daredevils;ICC World XI;Rising Pune Supergiant;South Africa,202,,,,,bowler,,derived:role_from_usage/v1,0.95,false
Fakhar Zaman,1777c020,male,Pakistan,201,,,,,batter,,derived:role_from_usage/v1,0.95,false
Younis Khan,33cb3411,male,Pakistan;Rajasthan Royals,201,,,,,batter,,derived:role_from_usage/v1,0.95,false
ML Green,865eae1f,female,New Zealand,201,,,,,batter,occasional,derived:role_from_usage/v1 | derived:keeper_inference_aggregate/v1,0.95 | 0.6,false
Umar Akmal,fd2bf2a0,male,Pakistan,200,,,,,wicketkeeper-batter,yes,derived:role_from_usage/v1 | derived:keeper_inference_aggregate/v1,0.95 | 0.73,false
MS Wade,afa7e784,male,Australia;Delhi Daredevils;Gujarat Titans,200,,,,,wicketkeeper-batter,yes,derived:role_from_usage/v1 | derived:keeper_inference_aggregate/v1,0.95 | 0.93,false
MD Shanaka,3ff033bb,male,Gujarat Titans;Rajasthan Royals;Sri Lanka,200,,,,,batting all-rounder,,derived:role_from_usage/v1,0.95,false
BA Stokes,e087956b,male,Chennai Super Kings;England;Rajasthan Royals;Rising Pune Supergiant,199,,,,,all-rounder,,derived:role_from_usage/v1,0.95,false
Arshdeep Singh,244048f6,male,India;Kings XI Punjab;Punjab Kings,199,,,,,bowler,,derived:role_from_usage/v1,0.95,false
TWM Latham,e824e6ee,male,New Zealand,198,,,,,wicketkeeper-batter,yes,derived:role_from_usage/v1 | derived:keeper_inference_aggregate/v1,0.95 | 0.88,false
JM Anderson,d12143bf,male,England,198,,,,,bowler,,derived:role_from_usage/v1,0.95,false
KP Pietersen,39f01cdb,male,Delhi Daredevils;England;ICC World XI;Rising Pune Supergiants;Royal Challengers Bangalore,198,,,,,batter,,derived:role_from_usage/v1,0.95,false
JJ Roy,d1c36f5c,male,Delhi Daredevils;England;Gujarat Lions;Kolkata Knight Riders;Sunrisers Hyderabad,198,,,,,batter,,derived:role_from_usage/v1,0.95,false
P Kumar,e938e1bc,male,Gujarat Lions;India;Kings XI Punjab;Mumbai Indians;Royal Challengers Bangalore;Sunrisers Hyderabad,196,,,,,bowler,,derived:role_from_usage/v1,0.95,false
D Ramdin,d1523761,male,West Indies,196,,,,,wicketkeeper-batter,yes,derived:role_from_usage/v1 | derived:keeper_inference_aggregate/v1,0.95 | 0.97,false
ST Jayasuriya,f233bbb4,male,Asia XI;Mumbai Indians;Sri Lanka,195,,,,,all-rounder,,derived:role_from_usage/v1,0.95,false
Kamran Akmal,ff077124,male,Pakistan;Rajasthan Royals,195,,,,,wicketkeeper-batter,yes,derived:role_from_usage/v1 | derived:keeper_inference_aggregate/v1,0.95 | 0.97,false
Misbah-ul-Haq,7eae4418,male,Pakistan;Royal Challengers Bangalore,194,,,,,batter,,derived:role_from_usage/v1,0.95,false
Nida Dar,ed840f44,female,Pakistan,193,,,,,all-rounder,,derived:role_from_usage/v1,0.95,false
A Nehra,96fd40ae,male,Asia XI;Chennai Super Kings;Delhi Daredevils;India;Mumbai Indians;Pune Warriors;Sunrisers Hyderabad,193,,,,,bowler,,derived:role_from_usage/v1,0.95,false
PWH de Silva,a97c8ec2,male,Rajasthan Royals;Royal Challengers Bangalore;Sri Lanka,192,,,,,bowler,,derived:role_from_usage/v1,0.95,false
JDS Neesham,9219eff0,male,Delhi Daredevils;Kings XI Punjab;Mumbai Indians;New Zealand;Rajasthan Royals,191,,,,,all-rounder,,derived:role_from_usage/v1,0.95,false
Mohammed Siraj,2f49c897,male,Gujarat Titans;India;Royal Challengers Bangalore;Royal Challengers Bengaluru;Sunrisers Hyderabad,191,,,,,bowler,,derived:role_from_usage/v1,0.95,false
RD Berrington,e21bc7f3,male,Scotland,191,,,,,batting all-rounder,,derived:role_from_usage/v1,0.95,false
JA Morkel,c3d35165,male,Africa XI;Chennai Super Kings;Delhi Daredevils;Rising Pune Supergiants;Royal Challengers Bangalore;South Africa,190,,,,,all-rounder,,derived:role_from_usage/v1,0.95,false
SA Campbelle,a7cd72b2,female,West Indies,189,,,,,wicketkeeper-batter,yes,derived:role_from_usage/v1 | derived:keeper_inference_aggregate/v1,0.95 | 0.88,false
MV Boucher,f3cb53a1,male,Africa XI;Kolkata Knight Riders;Royal Challengers Bangalore;South Africa,187,,,,,wicketkeeper-batter,yes,derived:role_from_usage/v1 | derived:keeper_inference_aggregate/v1,0.95 | 0.73,false
JL Jonassen,0475a86b,female,Australia;Delhi Capitals,187,,,,,all-rounder,,derived:role_from_usage/v1,0.95,false
Shadab Khan,9de62878,male,Pakistan,186,,,,,all-rounder,,derived:role_from_usage/v1,0.95,false
SM Curran,e94915e6,male,Chennai Super Kings;England;Kings XI Punjab;Punjab Kings,186,,,,,all-rounder,,derived:role_from_usage/v1,0.95,false
A Khaka,0d518f89,female,South Africa,186,,,,,bowler,,derived:role_from_usage/v1,0.95,false
Shafali Verma,d8f59089,female,Delhi Capitals;India,185,,,,,batting all-rounder,,derived:role_from_usage/v1,0.95,false
Aliya Riaz,2904b4b6,female,Pakistan,185,,,,,batting all-rounder,,derived:role_from_usage/v1,0.95,false
Umar Gul,16dfcc19,male,Kolkata Knight Riders;Pakistan,184,,,,,bowler,,derived:role_from_usage/v1,0.95,false
TM Head,12b610c2,male,Australia;Royal Challengers Bangalore;Sunrisers Hyderabad,183,,,,,batting all-rounder,,derived:role_from_usage/v1,0.95,false
SN Thakur,1abb78f8,male,Chennai Super Kings;Delhi Capitals;India;Kings XI Punjab;Kolkata Knight Riders;Lucknow Super Giants;Mumbai Indians;Rising Pune Supergiant,183,,,,,bowler,,derived:role_from_usage/v1,0.95,false
MH Cross,8b261d84,male,Scotland,183,,,,,wicketkeeper-batter,yes,derived:role_from_usage/v1 | derived:keeper_inference_aggregate/v1,0.95 | 0.97,false
RM Ghosh,721e0199,female,India;Royal Challengers Bangalore;Royal Challengers Bengaluru,182,,,,,wicketkeeper-batter,yes,derived:role_from_usage/v1 | derived:keeper_inference_aggregate/v1,0.95 | 0.94,false
CL White,d0513f63,male,Australia;Deccan Chargers;Royal Challengers Bangalore;Sunrisers Hyderabad,182,,,,,batter,,derived:role_from_usage/v1,0.95,false
KH Pandya,5b8c830e,male,India;Lucknow Super Giants;Mumbai Indians;Royal Challengers Bengaluru,182,,,,,all-rounder,,derived:role_from_usage/v1,0.95,false
H Klaasen,235c2bb6,male,Rajasthan Royals;Royal Challengers Bangalore;South Africa;Sunrisers Hyderabad,180,,,,,wicketkeeper-batter,yes,derived:role_from_usage/v1 | derived:keeper_inference_aggregate/v1,0.95 | 0.76,false
Nigar Sultana,3827f6a2,female,Bangladesh,179,,,,,wicketkeeper-batter,yes,derived:role_from_usage/v1 | derived:keeper_inference_aggregate/v1,0.95 | 0.95,false
A Symonds,bd77eb62,male,Australia;Deccan Chargers;Mumbai Indians,179,,,,,all-rounder,,derived:role_from_usage/v1,0.95,false
RS Bopara,7ca5e05d,male,England;Kings XI Punjab;Sunrisers Hyderabad,179,,,,,all-rounder,,derived:role_from_usage/v1,0.95,false
A Balbirnie,6ef13460,male,Ireland,179,,,,,batter,,derived:role_from_usage/v1,0.95,false
WP Saha,fe11caa6,male,Chennai Super Kings;Gujarat Titans;India;Kings XI Punjab;Kolkata Knight Riders;Sunrisers Hyderabad,178,,,,,wicketkeeper-batter,yes,derived:role_from_usage/v1 | derived:keeper_inference_aggregate/v1,0.95 | 0.91,false
Sarfraz Ahmed,2254ab79,male,Pakistan,176,,,,,wicketkeeper-batter,yes,derived:role_from_usage/v1 | derived:keeper_inference_aggregate/v1,0.95 | 0.85,false
DJ Mitchell,eade4650,male,Chennai Super Kings;New Zealand;Rajasthan Royals,176,,,,,batter,,derived:role_from_usage/v1,0.95,false
KM Jadhav,99d63244,male,Chennai Super Kings;Delhi Daredevils;India;Kochi Tuskers Kerala;Royal Challengers Bangalore;Sunrisers Hyderabad,175,,,,,batting all-rounder,yes,derived:role_from_usage/v1 | derived:keeper_inference_aggregate/v1,0.95 | 0.66,false
DS Airee,1747ea18,male,Nepal,175,,,,,all-rounder,,derived:role_from_usage/v1,0.95,false
DJS Dottin,53bee17f,female,Barbados;Gujarat Giants;UP Warriorz;West Indies,174,,,,,all-rounder,,derived:role_from_usage/v1,0.95,false
ASS Fletcher,42d9dd09,female,West Indies,174,,,,,bowler,,derived:role_from_usage/v1,0.95,false
NND de Silva,f0b4294e,female,Sri Lanka,174,,,,,batting all-rounder,,derived:role_from_usage/v1,0.95,false
GH Lewis,1b9d1579,female,Ireland,174,,,,,batter,,derived:role_from_usage/v1,0.95,false
KD Mills,7fb32e5b,male,New Zealand,173,,,,,bowler,,derived:role_from_usage/v1,0.95,false
SR Taylor,92cf79a8,female,West Indies,173,,,,,all-rounder,,derived:role_from_usage/v1,0.95,false
PA Patel,b5da6c24,male,Chennai Super Kings;Deccan Chargers;India;Kochi Tuskers Kerala;Mumbai Indians;Royal Challengers Bangalore;Sunrisers Hyderabad,173,,,,,wicketkeeper-batter,yes,derived:role_from_usage/v1 | derived:keeper_inference_aggregate/v1,0.95 | 0.75,false
CR Woakes,4c5d73db,male,Delhi Capitals;England;Kolkata Knight Riders;Royal Challengers Bangalore,172,,,,,bowler,,derived:role_from_usage/v1,0.95,false
SCJ Broad,eba6a852,male,England,172,,,,,bowler,,derived:role_from_usage/v1,0.95,false
M du Preez,e219f17a,female,South Africa,172,,,,,batter,,derived:role_from_usage/v1,0.95,false
Saeed Ajmal,05d74535,male,Pakistan,172,,,,,bowler,,derived:role_from_usage/v1,0.95,false
M Theekshana,f24c6701,male,Chennai Super Kings;Rajasthan Royals;Sri Lanka,171,,,,,bowler,,derived:role_from_usage/v1,0.95,false
Washington Sundar,f19ccfad,male,Gujarat Titans;India;Rising Pune Supergiant;Royal Challengers Bangalore;Sunrisers Hyderabad,171,,,,,all-rounder,,derived:role_from_usage/v1,0.95,false
Nashra Sandhu,c981d3c2,female,Pakistan,171,,,,,bowler,,derived:role_from_usage/v1,0.95,false
KJ O'Brien,243431b5,male,Ireland,171,,,,,all-rounder,,derived:role_from_usage/v1,0.95,false
Bismah Maroof,3b770527,female,Pakistan,170,,,,,batting all-rounder,,derived:role_from_usage/v1,0.95,false
Shaheen Shah Afridi,45a7e761,male,Pakistan,170,,,,,bowler,,derived:role_from_usage/v1,0.95,false
DJ Hussey,fd835ab3,male,Australia;Chennai Super Kings;Kings XI Punjab;Kolkata Knight Riders,170,,,,,batting all-rounder,,derived:role_from_usage/v1,0.95,false
HH Gibbs,e1d1b294,male,Deccan Chargers;Mumbai Indians;South Africa,169,,,,,batter,,derived:role_from_usage/v1,0.95,false
CR Ervine,c96311d4,male,Zimbabwe,168,,,,,batter,,derived:role_from_usage/v1,0.95,false
RK Paudel,1a3cc554,male,Nepal,168,,,,,batting all-rounder,,derived:role_from_usage/v1,0.95,false
LH Ferguson,2f9d0389,male,Gujarat Titans;Kolkata Knight Riders;New Zealand;Punjab Kings;Rising Pune Supergiant;Royal Challengers Bengaluru,166,,,,,bowler,,derived:role_from_usage/v1,0.95,false
P Nissanka,8ee36b18,male,Delhi Capitals;Sri Lanka,166,,,,,batter,,derived:role_from_usage/v1,0.95,false
S Dube,a4e37e47,male,Chennai Super Kings;India;Rajasthan Royals;Royal Challengers Bangalore,165,,,,,batting all-rounder,,derived:role_from_usage/v1,0.95,false
IR Bell,33155d1b,male,England,164,,,,,batter,,derived:role_from_usage/v1,0.95,false
Taskin Ahmed,ef18b66e,male,Bangladesh,164,,,,,bowler,,derived:role_from_usage/v1,0.95,false
Soumya Sarkar,4d9f9686,male,Bangladesh,163,,,,,batting all-rounder,,derived:role_from_usage/v1,0.95,false
WD Parnell,3a60e0b5,male,Delhi Daredevils;Pune Warriors;Royal Challengers Bangalore;South Africa,162,,,,,bowler,,derived:role_from_usage/v1,0.95,false
CJ Jordan,ffe699c0,male,Chennai Super Kings;England;Kings XI Punjab;Mumbai Indians;Punjab Kings;Royal Challengers Bangalore;Sunrisers Hyderabad,162,,,,,bowler,,derived:role_from_usage/v1,0.95,false
LMM Tahuhu,60471339,female,Gujarat Giants;New Zealand,162,,,,,bowler,,derived:role_from_usage/v1,0.95,false
Muneeba Ali,86fdf668,female,Pakistan,161,,,,,wicketkeeper-batter,yes,derived:role_from_usage/v1 | derived:keeper_inference_aggregate/v1,0.95 | 0.85,false
L Ngidi,f834dcfc,male,Chennai Super Kings;Delhi Capitals;Royal Challengers Bengaluru;South Africa,161,,,,,bowler,,derived:role_from_usage/v1,0.95,false
G Wareham,f0b4e47d,female,Australia;Gujarat Giants;Royal Challengers Bangalore;Royal Challengers Bengaluru,161,,,,,all-rounder,,derived:role_from_usage/v1,0.95,false
MG Erasmus,95a5e066,male,Namibia,161,,,,,all-rounder,,derived:role_from_usage/v1,0.95,false
MA Leask,28131839,male,Scotland,160,,,,,all-rounder,,derived:role_from_usage/v1,0.95,false
MRJ Watt,1252f71a,male,Scotland,160,,,,,bowler,,derived:role_from_usage/v1,0.95,false
JDP Oram,3eac9d95,male,Chennai Super Kings;Mumbai Indians;New Zealand;Rajasthan Royals,160,,,,,all-rounder,,derived:role_from_usage/v1,0.95,false
N de Klerk,ea544967,female,Royal Challengers Bangalore;Royal Challengers Bengaluru;South Africa,160,,,,,all-rounder,,derived:role_from_usage/v1,0.95,false
LMP Simmons,89f64c19,male,Mumbai Indians;West Indies,160,,,,,batter,,derived:role_from_usage/v1,0.95,false
S Lamichhane,b410bd3d,male,Delhi Capitals;Delhi Daredevils;ICC World XI;Nepal,159,,,,,bowler,,derived:role_from_usage/v1,0.95,false
Karan KC,f53b3e1d,male,Nepal,158,,,,,bowler,,derived:role_from_usage/v1,0.95,false
SE Marsh,508a1ea7,male,Australia;Kings XI Punjab,158,,,,,batter,,derived:role_from_usage/v1,0.95,false
GJ Bailey,5056011d,male,Australia;Chennai Super Kings;ICC World XI;Kings XI Punjab;Rising Pune Supergiants,158,,,,,batter,,derived:role_from_usage/v1,0.95,false
L Lee,7b01ce83,female,Delhi Capitals;South Africa,158,,,,,batter,yes,derived:role_from_usage/v1 | derived:keeper_inference_aggregate/v1,0.95 | 0.71,false
MP O'Dowd,b699df47,male,Netherlands,158,,,,,batter,,derived:role_from_usage/v1,0.95,false
Sompal Kami,1adb8ee8,male,Nepal,157,,,,,bowler,,derived:role_from_usage/v1,0.95,false
KH Brunt,6a434bd3,female,England,157,,,,,all-rounder,,derived:role_from_usage/v1,0.95,false
L Delany,b4f73b44,female,Ireland,156,,,,,all-rounder,,derived:role_from_usage/v1,0.95,false
DJ Hooda,73ad96ed,male,Chennai Super Kings;India;Kings XI Punjab;Lucknow Super Giants;Punjab Kings;Rajasthan Royals;Sunrisers Hyderabad,155,,,,,batting all-rounder,,derived:role_from_usage/v1,0.95,false
I Ranaweera,a61850e6,female,Sri Lanka,155,,,,,bowler,,derived:role_from_usage/v1,0.95,false
PVD Chameera,327b58d3,male,Delhi Capitals;Kolkata Knight Riders;Lucknow Super Giants;Sri Lanka,155,,,,,bowler,,derived:role_from_usage/v1,0.95,false
Nahida Akter,66078174,female,Bangladesh,155,,,,,bowler,,derived:role_from_usage/v1,0.95,false
JC Archer,5574750c,male,England;Mumbai Indians;Rajasthan Royals,155,,,,,bowler,,derived:role_from_usage/v1,0.95,false
MM Sharma,759ac88f,male,Chennai Super Kings;Delhi Capitals;Gujarat Titans;India;Kings XI Punjab,154,,,,,bowler,,derived:role_from_usage/v1,0.95,false
Waseem Muhammad,6f02fe2a,male,United Arab Emirates,154,,,,,batter,,derived:role_from_usage/v1,0.95,false
SB Styris,57efa3be,male,Chennai Super Kings;Deccan Chargers;New Zealand,154,,,,,all-rounder,,derived:role_from_usage/v1,0.95,false
Rashid Khan,5f547c8b,male,Gujarat Titans;ICC World XI;Sunrisers Hyderabad,154,,,,,bowler,,derived:role_from_usage/v1,0.95,false
GWHM Perera,53068b45,female,Sri Lanka,154,,,,,batter,yes,derived:role_from_usage/v1 | derived:keeper_inference_aggregate/v1,0.95 | 0.62,false
SA Edwards,b59db04f,male,Netherlands,153,,,,,wicketkeeper-batter,yes,derived:role_from_usage/v1 | derived:keeper_inference_aggregate/v1,0.95 | 0.97,false
GD Phillips,9a46c4e5,male,Gujarat Titans;New Zealand;Rajasthan Royals;Sunrisers Hyderabad,153,,,,,batting all-rounder,yes,derived:role_from_usage/v1 | derived:keeper_inference_aggregate/v1,0.95 | 0.62,false
R Shepherd,c5aef772,male,Lucknow Super Giants;Mumbai Indians;Royal Challengers Bengaluru;Sunrisers Hyderabad;West Indies,153,,,,,bowler,,derived:role_from_usage/v1,0.95,false
BJ Haddin,b0c772ee,male,Australia;Kolkata Knight Riders,153,,,,,wicketkeeper-batter,yes,derived:role_from_usage/v1 | derived:keeper_inference_aggregate/v1,0.95 | 0.97,false
RP Burl,b08252b8,male,Zimbabwe,153,,,,,batting all-rounder,,derived:role_from_usage/v1,0.95,false
BM Scholtz,e85d03d6,male,Namibia,152,,,,,bowler,,derived:role_from_usage/v1,0.95,false
Abdur Razzak,888e32bf,male,Bangladesh;Royal Challengers Bangalore,152,,,,,bowler,,derived:role_from_usage/v1,0.95,false
HG Munsey,ff014c34,male,Scotland,152,,,,,batter,,derived:role_from_usage/v1,0.95,false
JP Faulkner,808f425a,male,Australia;Gujarat Lions;Kings XI Punjab;Pune Warriors;Rajasthan Royals,151,,,,,bowler,,derived:role_from_usage/v1,0.95,false
H Madavi,85021bcd,female,Sri Lanka,150,,,,,batter,,derived:role_from_usage/v1,0.95,false
K Bhurtel,e3386c8a,male,Nepal,150,,,,,batting all-rounder,,derived:role_from_usage/v1,0.95,false
HDRL Thirimanne,c5928dec,male,Sri Lanka,149,,,,,batter,,derived:role_from_usage/v1,0.95,false
NL McCullum,5673a3fc,male,New Zealand;Pune Warriors,149,,,,,bowler,,derived:role_from_usage/v1,0.95,false
Abhishek Sharma,f29185a1,male,Delhi Daredevils;India;Sunrisers Hyderabad,148,,,,,batting all-rounder,,derived:role_from_usage/v1,0.95,false
CA Henry,75820733,female,Delhi Capitals;UP Warriorz;West Indies,148,,,,,all-rounder,,derived:role_from_usage/v1,0.95,false
P Utseya,9de271ef,male,Zimbabwe,148,,,,,bowler,,derived:role_from_usage/v1,0.95,false
SM Sharif,f43dd8c2,male,Scotland,148,,,,,bowler,,derived:role_from_usage/v1,0.95,false
HV Patel,f986ca1a,male,Delhi Capitals;Delhi Daredevils;India;Punjab Kings;Royal Challengers Bangalore;Sunrisers Hyderabad,148,,,,,bowler,,derived:role_from_usage/v1,0.95,false
J Botha,7c503806,male,Africa XI;Delhi Daredevils;Kolkata Knight Riders;Rajasthan Royals;South Africa,148,,,,,bowler,,derived:role_from_usage/v1,0.95,false
LS Livingstone,50c6bc2b,male,England;Punjab Kings;Rajasthan Royals;Royal Challengers Bengaluru;Sunrisers Hyderabad,147,,,,,all-rounder,,derived:role_from_usage/v1,0.95,false
Aasif Sheikh,dcbea954,male,Nepal,147,,,,,wicketkeeper-batter,yes,derived:role_from_usage/v1 | derived:keeper_inference_aggregate/v1,0.95 | 0.96,false
Abdul Razzaq,390ff45b,male,Asia XI;Pakistan,147,,,,,all-rounder,,derived:role_from_usage/v1,0.95,false
AS Joseph,b0946605,male,Gujarat Titans;Mumbai Indians;Royal Challengers Bengaluru;West Indies,147,,,,,bowler,,derived:role_from_usage/v1,0.95,false
Haris Rauf,24bb1c2f,male,Pakistan,146,,,,,bowler,,derived:role_from_usage/v1,0.95,false
CV Varun,5b7ab5a9,male,India;Kings XI Punjab;Kolkata Knight Riders,146,,,,,bowler,,derived:role_from_usage/v1,0.95,false
AD Hales,92aeac25,male,England;Sunrisers Hyderabad,146,,,,,batter,,derived:role_from_usage/v1,0.95,false
Junaid Siddique,84dc72db,male,United Arab Emirates,146,,,,,bowler,,derived:role_from_usage/v1,0.95,false
AJ Hosein,4d7f517e,male,Chennai Super Kings;Sunrisers Hyderabad;West Indies,146,,,,,bowler,,derived:role_from_usage/v1,0.95,false
RP Singh,c3d1402f,male,Deccan Chargers;India;Kochi Tuskers Kerala;Mumbai Indians;Rising Pune Supergiants;Royal Challengers Bangalore,146,,,,,bowler,,derived:role_from_usage/v1,0.95,false
E Lewis,0ebfb1ad,male,Lucknow Super Giants;Mumbai Indians;Rajasthan Royals;West Indies,146,,,,,batter,,derived:role_from_usage/v1,0.95,false
DM Bravo,14b14cd8,male,Kolkata Knight Riders;West Indies,145,,,,,batter,,derived:role_from_usage/v1,0.95,false
KIC Asalanka,732c038e,male,Sri Lanka,145,,,,,batting all-rounder,,derived:role_from_usage/v1,0.95,false
CH Morris,fb66ce1f,male,Chennai Super Kings;Delhi Capitals;Delhi Daredevils;Rajasthan Royals;Royal Challengers Bangalore;South Africa,144,,,,,bowler,,derived:role_from_usage/v1,0.95,false
Sandeep Sharma,ce820073,male,India;Kings XI Punjab;Punjab Kings;Rajasthan Royals;Sunrisers Hyderabad,144,,,,,bowler,,derived:role_from_usage/v1,0.95,false
R Vinay Kumar,41eb4a4f,male,India;Kochi Tuskers Kerala;Kolkata Knight Riders;Mumbai Indians;Royal Challengers Bangalore,144,,,,,bowler,,derived:role_from_usage/v1,0.95,false
TH David,f1f99156,male,Australia;Mumbai Indians;Royal Challengers Bangalore;Royal Challengers Bengaluru;Singapore,143,,,,,batter,,derived:role_from_usage/v1,0.95,false
MJ Henry,e84ac20c,male,Chennai Super Kings;Kings XI Punjab;Lucknow Super Giants;New Zealand,142,,,,,bowler,,derived:role_from_usage/v1,0.95,false
B Muzarabani,449f4e3c,male,Kolkata Knight Riders;Zimbabwe,142,,,,,bowler,,derived:role_from_usage/v1,0.95,false
RR Sarwan,36d33dd0,male,Kings XI Punjab;West Indies,142,,,,,batter,,derived:role_from_usage/v1,0.95,false
JN Frylinck,3c87f0c3,male,Namibia,142,,,,,all-rounder,,derived:role_from_usage/v1,0.95,false
C Sutthiruang,f6ddfe08,female,Thailand,141,,,,,all-rounder,,derived:role_from_usage/v1,0.95,false
M Klaas,ce85fcaf,female,South Africa,141,,,,,bowler,,derived:role_from_usage/v1,0.95,false
ZE Green,8716233e,male,Namibia,141,,,,,wicketkeeper-batter,yes,derived:role_from_usage/v1 | derived:keeper_inference_aggregate/v1,0.95 | 0.97,false
N Koncharoenkai,82c78412,female,Thailand,140,,,,,wicketkeeper-batter,yes,derived:role_from_usage/v1 | derived:keeper_inference_aggregate/v1,0.95 | 0.97,false
MS Chapman,7fa12533,male,Hong Kong;New Zealand,140,,,,,batter,,derived:role_from_usage/v1,0.95,false
MR Adair,fc55ec67,male,Ireland,140,,,,,bowler,,derived:role_from_usage/v1,0.95,false
ML Hayden,d8699ab7,male,Australia;Chennai Super Kings,140,,,,,batter,,derived:role_from_usage/v1,0.95,false
T Brits,06659caa,female,South Africa,140,,,,,batter,,derived:role_from_usage/v1,0.95,false
N Chaiwai,0825e4b3,female,Thailand,139,,,,,batter,,derived:role_from_usage/v1,0.95,false
O Kamchomphu,519b872a,female,Thailand,139,,,,,bowler,,derived:role_from_usage/v1,0.95,false
Yousuf Youhana,e237b28c,male,Asia XI;Pakistan,139,,,,,batter,,derived:role_from_usage/v1,0.95,false
S Chanderpaul,881a9bdd,male,Royal Challengers Bangalore;West Indies,139,,,,,batter,,derived:role_from_usage/v1,0.95,false
DL Chahar,23eeb873,male,Chennai Super Kings;India;Mumbai Indians;Rising Pune Supergiant;Rising Pune Supergiants,139,,,,,bowler,,derived:role_from_usage/v1,0.95,false
Mohammad Ashraful,2bb09eb2,male,Asia XI;Bangladesh;Mumbai Indians,139,,,,,batting all-rounder,,derived:role_from_usage/v1,0.95,false
Mehedi Hasan Miraz,c58b0108,male,Bangladesh,139,,,,,all-rounder,,derived:role_from_usage/v1,0.95,false
SIR Dunkley,3a9e9cb2,female,England;Gujarat Giants,138,,,,,batter,,derived:role_from_usage/v1,0.95,false
HT Tector,59ea70a4,male,Ireland,138,,,,,batting all-rounder,,derived:role_from_usage/v1,0.95,false
DP Conway,df5a6881,male,Chennai Super Kings;New Zealand,138,,,,,batter,yes,derived:role_from_usage/v1 | derived:keeper_inference_aggregate/v1,0.95 | 0.72,false
CK Kapugedera,cfad138c,male,Chennai Super Kings;Sri Lanka,138,,,,,batter,,derived:role_from_usage/v1,0.95,false
Ahmed Shehzad,f8fd6e3f,male,Pakistan,138,,,,,batter,,derived:role_from_usage/v1,0.95,false
R Ngarava,6e3f5a5c,male,Zimbabwe,138,,,,,bowler,,derived:role_from_usage/v1,0.95,false
WK Dilhari,c34a15e6,female,Sri Lanka,138,,,,,all-rounder,,derived:role_from_usage/v1,0.95,false
PD Salt,3d284ca3,male,Delhi Capitals;England;Kolkata Knight Riders;Royal Challengers Bengaluru,137,,,,,batter,yes,derived:role_from_usage/v1 | derived:keeper_inference_aggregate/v1,0.95 | 0.7,false
BA King,7fca84b7,male,West Indies,137,,,,,batter,,derived:role_from_usage/v1,0.95,false
N Mlaba,686362af,female,South Africa,137,,,,,bowler,,derived:role_from_usage/v1,0.95,false
Sidra Ameen,72c9ad99,female,Pakistan,137,,,,,batter,,derived:role_from_usage/v1,0.95,false
SC Ganguly,725529bc,male,Asia XI;India;Kolkata Knight Riders;Pune Warriors,136,,,,,batting all-rounder,,derived:role_from_usage/v1,0.95,false
TM McGrath,ca5acfa4,female,Australia;UP Warriorz,136,,,,,all-rounder,,derived:role_from_usage/v1,0.95,false
O Prendergast,d8f20ba5,female,Ireland,136,,,,,all-rounder,,derived:role_from_usage/v1,0.95,false
MA Agarwal,00ea847a,male,Delhi Daredevils;India;Kings XI Punjab;Punjab Kings;Rising Pune Supergiant;Royal Challengers Bangalore;Royal Challengers Bengaluru;Sunrisers Hyderabad,135,,,,,batter,,derived:role_from_usage/v1,0.95,false
AT Carey,69d03465,male,Australia;Delhi Capitals,135,,,,,wicketkeeper-batter,yes,derived:role_from_usage/v1 | derived:keeper_inference_aggregate/v1,0.95 | 0.9,false
JEC Franklin,cf73ad76,male,Mumbai Indians;New Zealand,135,,,,,all-rounder,,derived:role_from_usage/v1,0.95,false
MM Patel,f0f628c7,male,Gujarat Lions;India;Mumbai Indians;Rajasthan Royals,135,,,,,bowler,,derived:role_from_usage/v1,0.95,false
BMSM Kumari,b55fb828,female,Sri Lanka,135,,,,,bowler,,derived:role_from_usage/v1,0.95,false
JJ Smit,bb134e5c,male,Namibia,134,,,,,all-rounder,,derived:role_from_usage/v1,0.95,false
JD Unadkat,1e66c162,male,Delhi Daredevils;India;Kolkata Knight Riders;Lucknow Super Giants;Mumbai Indians;Rajasthan Royals;Rising Pune Supergiant;Royal Challengers Bangalore;Sunrisers Hyderabad,134,,,,,bowler,,derived:role_from_usage/v1,0.95,false
Jatinder Singh,b80dd12c,male,Oman,134,,,,,batter,,derived:role_from_usage/v1,0.95,false
C Munro,af2c687b,male,Delhi Capitals;Delhi Daredevils;Kolkata Knight Riders;New Zealand,134,,,,,batting all-rounder,,derived:role_from_usage/v1,0.95,false
A Shrubsole,32497ecd,female,England,133,,,,,bowler,,derived:role_from_usage/v1,0.95,false
GB Hogg,f708a0bc,male,Australia;Kolkata Knight Riders;Rajasthan Royals,133,,,,,bowler,,derived:role_from_usage/v1,0.95,false
RE van der Merwe,05c2ca46,male,Delhi Daredevils;Netherlands;Royal Challengers Bangalore;South Africa,133,,,,,bowler,,derived:role_from_usage/v1,0.95,false
MJ McClenaghan,51a3c5ef,male,ICC World XI;Mumbai Indians;New Zealand,133,,,,,bowler,,derived:role_from_usage/v1,0.95,false
Mohammad Nawaz (3),3086f7a4,male,Pakistan,133,,,,,all-rounder,,derived:role_from_usage/v1,0.95,false
RP Yadav,6c3aef71,female,Delhi Capitals;India;Royal Challengers Bengaluru,133,,,,,bowler,,derived:role_from_usage/v1,0.95,false
Nizakat Khan,e3eb9e46,male,Hong Kong,133,,,,,batter,,derived:role_from_usage/v1,0.95,false
Ravi Bishnoi,df064e1a,male,India;Kings XI Punjab;Lucknow Super Giants;Punjab Kings;Rajasthan Royals,132,,,,,bowler,,derived:role_from_usage/v1,0.95,false
WTS Porterfield,ec02b798,male,Ireland,132,,,,,batter,,derived:role_from_usage/v1,0.95,false
Fahima Khatun,558cdd64,female,Bangladesh,132,,,,,all-rounder,,derived:role_from_usage/v1,0.95,false
Fatima Sana,ea9c54de,female,Pakistan,132,,,,,all-rounder,,derived:role_from_usage/v1,0.95,false
L Paul,07248d8e,female,Ireland,132,,,,,batting all-rounder,,derived:role_from_usage/v1,0.95,false
M Vijay,4b57e452,male,Chennai Super Kings;Delhi Daredevils;India;Kings XI Punjab,131,,,,,batter,,derived:role_from_usage/v1,0.95,false
Asif Ali,0a4736eb,male,Bahrain;Pakistan,131,,,,,batting all-rounder,,derived:role_from_usage/v1,0.95,false
N Rana,fb2d1dda,male,Delhi Capitals;India;Kolkata Knight Riders;Mumbai Indians;Rajasthan Royals,130,,,,,batter,,derived:role_from_usage/v1,0.95,false
D van Niekerk,8c5775f3,female,South Africa,130,,,,,all-rounder,,derived:role_from_usage/v1,0.95,false
Tilak Varma,b0482a1d,male,India;Mumbai Indians,130,,,,,batter,,derived:role_from_usage/v1,0.95,false
L Tucker,3979b5e0,male,Ireland,130,,,,,wicketkeeper-batter,yes,derived:role_from_usage/v1 | derived:keeper_inference_aggregate/v1,0.95 | 0.97,false
T Shamsi,a03bba42,male,Rajasthan Royals;Royal Challengers Bangalore;South Africa,129,,,,,bowler,,derived:role_from_usage/v1,0.95,false
BAW Mendis,ea0cdc12,male,Kolkata Knight Riders;Pune Warriors;Sri Lanka,129,,,,,bowler,,derived:role_from_usage/v1,0.95,false
Javeria Khan,d921449d,female,Pakistan,128,,,,,batter,,derived:role_from_usage/v1,0.95,false
MAA Sanjeewani,318a4039,female,Sri Lanka,128,,,,,wicketkeeper-batter,yes,derived:role_from_usage/v1 | derived:keeper_inference_aggregate/v1,0.95 | 0.97,false
HE van der Dussen,9948e262,male,Rajasthan Royals;South Africa,128,,,,,batter,,derived:role_from_usage/v1,0.95,false
Sohail Tanvir,64d43928,male,Pakistan;Rajasthan Royals,127,,,,,bowler,,derived:role_from_usage/v1,0.95,false
S Jafta,34304210,female,South Africa,127,,,,,wicketkeeper-batter,yes,derived:role_from_usage/v1 | derived:keeper_inference_aggregate/v1,0.95 | 0.94,false
N Chantam,b5626ff7,female,Thailand,127,,,,,batter,,derived:role_from_usage/v1,0.95,false
DM de Silva,7d608e12,male,Sri Lanka,126,,,,,all-rounder,,derived:role_from_usage/v1,0.95,false
Renuka Singh,7298db76,female,Gujarat Giants;India;Royal Challengers Bangalore;Royal Challengers Bengaluru,126,,,,,bowler,,derived:role_from_usage/v1,0.95,false
Imad Wasim,9cb8d7a6,male,Pakistan,125,,,,,all-rounder,,derived:role_from_usage/v1,0.95,false
Wahab Riaz,b3118300,male,Pakistan,125,,,,,bowler,,derived:role_from_usage/v1,0.95,false
AE Satterthwaite,72b7ed1e,female,New Zealand,125,,,,,batting all-rounder,,derived:role_from_usage/v1,0.95,false
S Pandey,5463cb7a,female,Delhi Capitals;India;UP Warriorz,125,,,,,bowler,,derived:role_from_usage/v1,0.95,false
KJ Martin,cf75a839,female,New Zealand,125,,,,,wicketkeeper-batter,yes,derived:role_from_usage/v1 | derived:keeper_inference_aggregate/v1,0.95 | 0.87,false
DJ Willey,7f048519,male,Chennai Super Kings;England;Royal Challengers Bangalore,125,,,,,bowler,,derived:role_from_usage/v1,0.95,false
A Sutherland,65d9b6b6,female,Australia;Delhi Capitals;Gujarat Giants,124,,,,,all-rounder,,derived:role_from_usage/v1,0.95,false
Ritu Moni,ad3940a5,female,Bangladesh,124,,,,,all-rounder,,derived:role_from_usage/v1,0.95,false
R Tewatia,39a2dfa8,male,Delhi Capitals;Delhi Daredevils;Gujarat Titans;Kings XI Punjab;Rajasthan Royals,124,,,,,batting all-rounder,,derived:role_from_usage/v1,0.95,false
Faheem Ashraf,bd4ea627,male,Pakistan,124,,,,,bowler,,derived:role_from_usage/v1,0.95,false
V Sibanda,0fdabe05,male,Africa XI;Zimbabwe,124,,,,,batter,,derived:role_from_usage/v1,0.95,false
RR Hendricks,b8cc58c9,male,South Africa,124,,,,,batter,,derived:role_from_usage/v1,0.95,false
RL Chase,3feda4fa,male,West Indies,124,,,,,all-rounder,,derived:role_from_usage/v1,0.95,false
Diana Baig,a51e6c6e,female,Pakistan,123,,,,,bowler,,derived:role_from_usage/v1,0.95,false
AL Phehlukwayo,ab6b1c45,male,South Africa,123,,,,,bowler,,derived:role_from_usage/v1,0.95,false
TL Chatara,5bbabe59,male,Zimbabwe,123,,,,,bowler,,derived:role_from_usage/v1,0.95,false
KDU Prabodhani,a0fdf513,female,Sri Lanka,123,,,,,bowler,,derived:role_from_usage/v1,0.95,false
M Raj,ec2269dc,female,India,123,,,,,batter,,derived:role_from_usage/v1,0.95,false
P Vastrakar,8026ea72,female,India;Mumbai Indians;Royal Challengers Bengaluru,122,,,,,all-rounder,,derived:role_from_usage/v1,0.95,false
AA Alleyne,4b0e3049,female,Barbados;West Indies,122,,,,,all-rounder,,derived:role_from_usage/v1,0.95,false
L Ronchi,0fa5042b,male,Australia;ICC World XI;Mumbai Indians;New Zealand,122,,,,,wicketkeeper-batter,yes,derived:role_from_usage/v1 | derived:keeper_inference_aggregate/v1,0.95 | 0.72,false
SS Connell,2f9a6bd1,female,Barbados;West Indies,122,,,,,bowler,,derived:role_from_usage/v1,0.95,false
T Chetty,53a5767d,female,South Africa,122,,,,,wicketkeeper-batter,yes,derived:role_from_usage/v1 | derived:keeper_inference_aggregate/v1,0.95 | 0.97,false
SM Pollock,88fccd6c,male,Africa XI;ICC World XI;Mumbai Indians;South Africa,122,,,,,all-rounder,,derived:role_from_usage/v1,0.95,false
T Taibu,75de770f,male,Africa XI;Kolkata Knight Riders;Zimbabwe,122,,,,,wicketkeeper-batter,yes,derived:role_from_usage/v1 | derived:keeper_inference_aggregate/v1,0.95 | 0.82,false
Mohammad Amir,e174dadd,male,Pakistan,122,,,,,bowler,,derived:role_from_usage/v1,0.95,false
J Charles,09a9d073,male,West Indies,122,,,,,batter,yes,derived:role_from_usage/v1 | derived:keeper_inference_aggregate/v1,0.95 | 0.66,false
RS Gayakwad,237ec05b,female,Gujarat Giants;India;UP Warriorz,122,,,,,bowler,,derived:role_from_usage/v1,0.95,false
GC Wilson,05de1a5a,male,Ireland,122,,,,,wicketkeeper-batter,yes,derived:role_from_usage/v1 | derived:keeper_inference_aggregate/v1,0.95 | 0.76,false
Aarif Sheikh,cd4d7695,male,Nepal,122,,,,,batting all-rounder,,derived:role_from_usage/v1,0.95,false
Hasan Ali,2911de16,male,Pakistan,122,,,,,bowler,,derived:role_from_usage/v1,0.95,false
Rubel Hossain,f56cd097,male,Bangladesh,121,,,,,bowler,,derived:role_from_usage/v1,0.95,false
CJ Anderson,8abdf100,male,Delhi Daredevils;Mumbai Indians;New Zealand;Royal Challengers Bangalore;United States of America,120,,,,,all-rounder,,derived:role_from_usage/v1,0.95,false
W Madhevere,a879b92c,male,Zimbabwe,120,,,,,batting all-rounder,,derived:role_from_usage/v1,0.95,false
Syed Aziz,6667067e,male,Malaysia,120,,,,,batting all-rounder,yes,derived:role_from_usage/v1 | derived:keeper_inference_aggregate/v1,0.95 | 0.64,false
Ehsan Khan,d3851cd8,male,Hong Kong,119,,,,,bowler,,derived:role_from_usage/v1,0.95,false
NW Bracken,4c61a0f9,male,Australia,119,,,,,bowler,,derived:role_from_usage/v1,0.95,false
R Rampaul,d68e7f48,male,Royal Challengers Bangalore;West Indies,119,,,,,bowler,,derived:role_from_usage/v1,0.95,false
Rohan Mustafa,d1988788,male,United Arab Emirates,119,,,,,all-rounder,,derived:role_from_usage/v1,0.95,false
HC Brook,4ae1755b,male,England;Sunrisers Hyderabad,119,,,,,batter,,derived:role_from_usage/v1,0.95,false
RK Singh,0a509d6b,male,India;Kolkata Knight Riders,118,,,,,batter,,derived:role_from_usage/v1,0.95,false
Sidra Nawaz,ca3ded6f,female,Pakistan,118,,,,,wicketkeeper-batter,yes,derived:role_from_usage/v1 | derived:keeper_inference_aggregate/v1,0.95 | 0.89,false
TT Bresnan,58043739,male,England,118,,,,,bowler,,derived:role_from_usage/v1,0.95,false
BM Halliday,efb6cb2a,female,New Zealand,118,,,,,batting all-rounder,,derived:role_from_usage/v1,0.95,false
S Laomi,4b15618c,female,Thailand,118,,,,,bowler,,derived:role_from_usage/v1,0.95,false
AJ Strauss,b68d14a9,male,England,118,,,,,batter,,derived:role_from_usage/v1,0.95,false
ER Oza,fdc6b34d,female,United Arab Emirates,118,,,,,all-rounder,,derived:role_from_usage/v1,0.95,false
Babar Hayat,fbb657bb,male,Hong Kong,118,,,,,batter,,derived:role_from_usage/v1,0.95,false
A Vala,72e60730,male,Papua New Guinea,118,,,,,all-rounder,,derived:role_from_usage/v1,0.95,false
Fargana Hoque,6e96c956,female,Bangladesh,117,,,,,batter,,derived:role_from_usage/v1,0.95,false
A Nortje,acdc62f5,male,Delhi Capitals;Kolkata Knight Riders;Lucknow Super Giants;South Africa,117,,,,,bowler,,derived:role_from_usage/v1,0.95,false
CE Dean,c6625a26,female,England;Royal Challengers Bengaluru,117,,,,,bowler,,derived:role_from_usage/v1,0.95,false
T Putthawong,23e3f2d6,female,Thailand,117,,,,,bowler,,derived:role_from_usage/v1,0.95,false
JN Loftie-Eaton,f468293b,male,Namibia,117,,,,,all-rounder,,derived:role_from_usage/v1,0.95,false
MD Patel,25d7f1ac,male,United States of America,117,,,,,wicketkeeper-batter,yes,derived:role_from_usage/v1 | derived:keeper_inference_aggregate/v1,0.95 | 0.96,false
RD Gaikwad,45a43fe2,male,Chennai Super Kings;India,116,,,,,batter,,derived:role_from_usage/v1,0.95,false
NV Ojha,890946a0,male,Delhi Daredevils;India;Rajasthan Royals;Sunrisers Hyderabad,116,,,,,wicketkeeper-batter,yes,derived:role_from_usage/v1 | derived:keeper_inference_aggregate/v1,0.95 | 0.92,false
JR Hopes,2498e163,male,Australia;Delhi Daredevils;Kings XI Punjab,116,,,,,all-rounder,,derived:role_from_usage/v1,0.95,false
MF Maharoof,ab89348d,male,Delhi Daredevils;Sri Lanka,116,,,,,bowler,,derived:role_from_usage/v1,0.95,false
PP Ojha,6c6591ab,male,Deccan Chargers;India;Mumbai Indians,116,,,,,bowler,,derived:role_from_usage/v1,0.95,false
Virandeep Singh,415d30b6,male,Malaysia,115,,,,,all-rounder,yes,derived:role_from_usage/v1 | derived:keeper_inference_aggregate/v1,0.95 | 0.61,false
KJ Coetzer,85d8110a,male,Scotland,115,,,,,batter,,derived:role_from_usage/v1,0.95,false
Bilal Khan,dcdb87f2,male,Oman,115,,,,,bowler,,derived:role_from_usage/v1,0.95,false
CRD Fernando,342d8ade,male,Asia XI;Mumbai Indians;Sri Lanka,115,,,,,bowler,,derived:role_from_usage/v1,0.95,false
AF Milne,350bb1b1,male,Chennai Super Kings;Mumbai Indians;New Zealand;Rajasthan Royals;Royal Challengers Bangalore,115,,,,,bowler,,derived:role_from_usage/v1,0.95,false
Mandeep Singh,c3a96caf,male,Delhi Capitals;India;Kings XI Punjab;Kolkata Knight Riders;Punjab Kings;Royal Challengers Bangalore,114,,,,,batter,,derived:role_from_usage/v1,0.95,false
Avesh Khan,eef2536f,male,Delhi Capitals;Delhi Daredevils;India;Lucknow Super Giants;Rajasthan Royals;Royal Challengers Bangalore,114,,,,,bowler,,derived:role_from_usage/v1,0.95,false
S Muniandy,57fcfd3b,male,Malaysia,114,,,,,batting all-rounder,,derived:role_from_usage/v1,0.95,false
CJ Chibhabha,f32dbc84,male,Zimbabwe,114,,,,,all-rounder,,derived:role_from_usage/v1,0.95,false
GP Swann,221ad9d9,male,England,114,,,,,bowler,,derived:role_from_usage/v1,0.95,false
WPUJC Vaas,bcce309e,male,Deccan Chargers;Sri Lanka,114,,,,,bowler,,derived:role_from_usage/v1,0.95,false
A Capsey,910dd54e,female,Delhi Capitals;England,114,,,,,batting all-rounder,occasional,derived:role_from_usage/v1 | derived:keeper_inference_aggregate/v1,0.95 | 0.6,false
P Maya,72eada4c,female,Thailand,113,,,,,all-rounder,,derived:role_from_usage/v1,0.95,false
CS MacLeod,9c376401,male,Scotland,113,,,,,batting all-rounder,,derived:role_from_usage/v1,0.95,false
LE Plunkett,9a963804,male,Delhi Daredevils;England,113,,,,,bowler,,derived:role_from_usage/v1,0.95,false
MK Tiwary,26e5cabf,male,Delhi Daredevils;India;Kings XI Punjab;Kolkata Knight Riders;Rising Pune Supergiant,113,,,,,batter,,derived:role_from_usage/v1,0.95,false
A Hunter,e8fa03ed,female,Ireland,113,,,,,wicketkeeper-batter,yes,derived:role_from_usage/v1 | derived:keeper_inference_aggregate/v1,0.95 | 0.9,false
SN Netravalkar,c8a3f688,male,United States of America,113,,,,,bowler,,derived:role_from_usage/v1,0.95,false
AB Agarkar,fa463154,male,Delhi Daredevils;India;Kolkata Knight Riders,113,,,,,bowler,,derived:role_from_usage/v1,0.95,false
J Little,9061a703,male,Gujarat Titans;Ireland,112,,,,,bowler,,derived:role_from_usage/v1,0.95,false
M Prasidh Krishna,85e0cf10,male,Gujarat Titans;India;Kolkata Knight Riders;Rajasthan Royals,112,,,,,bowler,,derived:role_from_usage/v1,0.95,false
RL Haynes,d7c6b0fb,female,Australia,112,,,,,batter,,derived:role_from_usage/v1,0.95,false
R Trumpelmann,ff6a7ab5,male,Namibia,112,,,,,bowler,,derived:role_from_usage/v1,0.95,false
SE Rutherford,d014d5ac,male,Delhi Capitals;Gujarat Titans;Mumbai Indians;Royal Challengers Bangalore;West Indies,112,,,,,batter,,derived:role_from_usage/v1,0.95,false
STR Binny,bd17b45f,male,India;Mumbai Indians;Rajasthan Royals;Royal Challengers Bangalore,112,,,,,batting all-rounder,,derived:role_from_usage/v1,0.95,false
JE Taylor,4180d897,male,Pune Warriors;West Indies,112,,,,,bowler,,derived:role_from_usage/v1,0.95,false
K Ramharack,321c980e,female,West Indies,111,,,,,bowler,,derived:role_from_usage/v1,0.95,false
Zeeshan Maqsood,34464143,male,Oman,111,,,,,all-rounder,,derived:role_from_usage/v1,0.95,false
Theertha Satish,ee3dcb3f,female,United Arab Emirates,110,,,,,wicketkeeper-batter,yes,derived:role_from_usage/v1 | derived:keeper_inference_aggregate/v1,0.95 | 0.97,false
C de Grandhomme,94d7f855,male,Kolkata Knight Riders;New Zealand;Royal Challengers Bangalore,110,,,,,all-rounder,,derived:role_from_usage/v1,0.95,false
Aizaz Khan,f6c2659d,male,Hong Kong,110,,,,,all-rounder,,derived:role_from_usage/v1,0.95,false
JM Kerr,9af58032,female,New Zealand,110,,,,,bowler,,derived:role_from_usage/v1,0.95,false
AN Kelly,397369e0,female,Ireland,110,,,,,bowler,,derived:role_from_usage/v1,0.95,false
KJ Garth,0b69a844,female,Australia;Gujarat Giants;Ireland;Royal Challengers Bengaluru,110,,,,,all-rounder,,derived:role_from_usage/v1,0.95,false
Sana Mir,b287e7b1,female,Pakistan,110,,,,,all-rounder,,derived:role_from_usage/v1,0.95,false
B de Leede,b3020075,female,Netherlands,110,,,,,wicketkeeper-batter,yes,derived:role_from_usage/v1 | derived:keeper_inference_aggregate/v1,0.95 | 0.97,false
WP Masakadza,4bc0a378,male,Zimbabwe,110,,,,,bowler,,derived:role_from_usage/v1,0.95,false
R Rijke,42e4b276,female,Netherlands,109,,,,,batting all-rounder,,derived:role_from_usage/v1,0.95,false
T Stubbs,85b3fab2,male,Delhi Capitals;Mumbai Indians;South Africa,109,,,,,batter,occasional,derived:role_from_usage/v1 | derived:keeper_inference_aggregate/v1,0.95 | 0.6,false
Poonam Yadav,d0bb40b8,female,Delhi Capitals;India,109,,,,,bowler,,derived:role_from_usage/v1,0.95,false
TP Ura,a82eb3fb,male,Papua New Guinea,108,,,,,batter,,derived:role_from_usage/v1,0.95,false
M Ntini,20a941bb,male,Chennai Super Kings;ICC World XI;South Africa,108,,,,,bowler,,derived:role_from_usage/v1,0.95,false
N Boochatham,58acb320,female,Thailand,108,,,,,all-rounder,,derived:role_from_usage/v1,0.95,false
M Jansen,81c36ee9,male,Mumbai Indians;Punjab Kings;South Africa;Sunrisers Hyderabad,108,,,,,bowler,,derived:role_from_usage/v1,0.95,false
R Stokell,def7b1bb,female,Ireland,108,,,,,batter,,derived:role_from_usage/v1,0.95,false
KA Maharaj,0b60eb09,male,Rajasthan Royals;South Africa,108,,,,,bowler,,derived:role_from_usage/v1,0.95,false
C Murray,5a50471c,female,Ireland,107,,,,,bowler,,derived:role_from_usage/v1,0.95,false
PA van Meekeren,4557dc54,male,Netherlands,107,,,,,bowler,,derived:role_from_usage/v1,0.95,false
DJ Hawoe,a62f55ba,male,Indonesia,107,,,,,all-rounder,,derived:role_from_usage/v1,0.95,false
R Parag,04a418e8,male,India;Rajasthan Royals,107,,,,,batting all-rounder,,derived:role_from_usage/v1,0.95,false
S Bau,9a95bebb,male,Papua New Guinea,107,,,,,batting all-rounder,,derived:role_from_usage/v1,0.95,false
C Green,eaa76d3c,male,Australia;Kolkata Knight Riders;Mumbai Indians;Royal Challengers Bengaluru,107,,,,,all-rounder,,derived:role_from_usage/v1,0.95,false
MA Wood,8d92a2c3,male,Chennai Super Kings;England;Lucknow Super Giants,107,,,,,bowler,,derived:role_from_usage/v1,0.95,false
YBK Jaiswal,6c19c6e5,male,India;Rajasthan Royals,106,,,,,batter,,derived:role_from_usage/v1,0.95,false
IJR Zwilling,47b32a5a,female,Netherlands,106,,,,,all-rounder,,derived:role_from_usage/v1,0.95,false
Gulsan Jha,9811e35e,male,Nepal,106,,,,,all-rounder,,derived:role_from_usage/v1,0.95,false
MC Henriques,32198ae0,male,Australia;Delhi Daredevils;Kolkata Knight Riders;Portugal;Punjab Kings;Royal Challengers Bangalore;Sunrisers Hyderabad,106,,,,,all-rounder,,derived:role_from_usage/v1,0.95,false
DS Kulkarni,d2a989fc,male,Gujarat Lions;India;Mumbai Indians;Rajasthan Royals,106,,,,,bowler,,derived:role_from_usage/v1,0.95,false
Towhid Hridoy,9e52a414,male,Bangladesh,106,,,,,batter,,derived:role_from_usage/v1,0.95,false
R Ravindra,ba5e1069,male,Chennai Super Kings;New Zealand,106,,,,,all-rounder,,derived:role_from_usage/v1,0.95,false
Zahoor Khan,f0e293b0,male,United Arab Emirates,106,,,,,bowler,,derived:role_from_usage/v1,0.95,false
CA Young,bd0a4a7d,male,Ireland,106,,,,,bowler,,derived:role_from_usage/v1,0.95,false
SJ Taylor,e6f36f83,female,England,105,,,,,wicketkeeper-batter,yes,derived:role_from_usage/v1 | derived:keeper_inference_aggregate/v1,0.95 | 0.94,false
LJ Wright,cca50cd6,male,England;Pune Warriors,105,,,,,all-rounder,,derived:role_from_usage/v1,0.95,false
RA Tripathi,77255a9e,male,Chennai Super Kings;India;Kolkata Knight Riders;Rajasthan Royals;Rising Pune Supergiant;Sunrisers Hyderabad,105,,,,,batter,,derived:role_from_usage/v1,0.95,false
Sabbir Rahman,7147f314,male,Bangladesh,105,,,,,batting all-rounder,,derived:role_from_usage/v1,0.95,false
JP Inglis,989889ff,male,Australia;Lucknow Super Giants;Punjab Kings,104,,,,,wicketkeeper-batter,yes,derived:role_from_usage/v1 | derived:keeper_inference_aggregate/v1,0.95 | 0.85,false
Sadia Iqbal,53bb50f0,female,Pakistan,104,,,,,bowler,,derived:role_from_usage/v1,0.95,false
Nazmul Hossain Shanto,1274d7ab,male,Bangladesh,104,,,,,batter,,derived:role_from_usage/v1,0.95,false
BJ Hodge,b57f8a9a,male,Australia;Kochi Tuskers Kerala;Kolkata Knight Riders;Rajasthan Royals,104,,,,,batting all-rounder,,derived:role_from_usage/v1,0.95,false
Mohammad Nadeem,c5d7b244,male,Oman,104,,,,,all-rounder,,derived:role_from_usage/v1,0.95,false
KK Ahmed,a2f46292,male,Chennai Super Kings;Delhi Capitals;India;Sunrisers Hyderabad,104,,,,,bowler,,derived:role_from_usage/v1,0.95,false
A Mohammed,a49985e6,female,West Indies,104,,,,,bowler,,derived:role_from_usage/v1,0.95,false
BFW de Leede,fc4375ef,male,Netherlands,103,,,,,all-rounder,,derived:role_from_usage/v1,0.95,false
S Sreesanth,6b8eb6e5,male,India;Kings XI Punjab;Kochi Tuskers Kerala;Rajasthan Royals,103,,,,,bowler,,derived:role_from_usage/v1,0.95,false
Vaishnave Mahesh,31c56f40,female,United Arab Emirates,103,,,,,bowler,,derived:role_from_usage/v1,0.95,false
KAJ Roach,78eb4223,male,Deccan Chargers;West Indies,103,,,,,bowler,,derived:role_from_usage/v1,0.95,false
SJ Bryce,2ca65aee,female,Delhi Capitals;Scotland,102,,,,,wicketkeeper-batter,yes,derived:role_from_usage/v1 | derived:keeper_inference_aggregate/v1,0.95 | 0.97,false
S Badrinath,3576e47e,male,Chennai Super Kings;India,102,,,,,batter,,derived:role_from_usage/v1,0.95,false
F Banunaek,3c8faed4,male,Indonesia,102,,,,,bowler,,derived:role_from_usage/v1,0.95,false
HM Nicholls,03521fd3,male,New Zealand,102,,,,,batter,,derived:role_from_usage/v1,0.95,false
Basil Hameed,adbf0400,male,United Arab Emirates,101,,,,,all-rounder,,derived:role_from_usage/v1,0.95,false
RR Patel,7fa6bd8e,male,Kenya,101,,,,,batting all-rounder,,derived:role_from_usage/v1,0.95,false
Kushal Malla,7e9f1cde,male,Nepal,101,,,,,all-rounder,,derived:role_from_usage/v1,0.95,false
C Campher,478a63e7,male,Ireland,101,,,,,all-rounder,,derived:role_from_usage/v1,0.95,false
WG Jacks,9caf69a1,male,England;Mumbai Indians;Royal Challengers Bengaluru,101,,,,,batting all-rounder,,derived:role_from_usage/v1,0.95,false
SO Ngoche,49118dc7,male,Kenya,101,,,,,bowler,,derived:role_from_usage/v1,0.95,false
AB Dinda,66b30f71,male,Delhi Daredevils;India;Kolkata Knight Riders;Pune Warriors;Rising Pune Supergiant;Rising Pune Supergiants;Royal Challengers Bangalore,100,,,,,bowler,,derived:role_from_usage/v1,0.95,false
GJ Delany,33b3d2df,male,Ireland,100,,,,,all-rounder,,derived:role_from_usage/v1,0.95,false
L Siaka,6b4593ee,male,Papua New Guinea,100,,,,,batting all-rounder,,derived:role_from_usage/v1,0.95,false
S Mostary,94de63bf,female,Bangladesh,100,,,,,batter,,derived:role_from_usage/v1,0.95,false
M Kaif,d84378a4,male,India;Kings XI Punjab;Rajasthan Royals;Royal Challengers Bangalore,99,,,,,batter,,derived:role_from_usage/v1,0.95,false
AG Cremer,9f0270e0,male,Zimbabwe,99,,,,,bowler,,derived:role_from_usage/v1,0.95,false
V Aravind,cddafe26,male,United Arab Emirates,99,,,,,wicketkeeper-batter,yes,derived:role_from_usage/v1 | derived:keeper_inference_aggregate/v1,0.95 | 0.97,false
Yasmeen Khan,ade5c0c0,female,Namibia,99,,,,,batter,yes,derived:role_from_usage/v1 | derived:keeper_inference_aggregate/v1,0.95 | 0.67,false
MG Bracewell,e38bce7a,male,New Zealand;Royal Challengers Bangalore,99,,,,,all-rounder,,derived:role_from_usage/v1,0.95,false
KA Green,fa9fdefa,female,Namibia,99,,,,,all-rounder,yes,derived:role_from_usage/v1 | derived:keeper_inference_aggregate/v1,0.95 | 0.62,false
P Litchfield,4e6ef14f,female,Australia;Gujarat Giants;UP Warriorz,99,,,,,batter,,derived:role_from_usage/v1,0.95,false
N Vanua,a36915ce,male,Papua New Guinea,99,,,,,bowler,,derived:role_from_usage/v1,0.95,false
C de Lange,c6a019f5,female,Netherlands,99,,,,,bowler,,derived:role_from_usage/v1,0.95,false
F Behardien,dce2019b,male,Kings XI Punjab;South Africa,99,,,,,batting all-rounder,,derived:role_from_usage/v1,0.95,false
Saad Bin Zafar,f28a60e0,male,Canada,99,,,,,bowler,,derived:role_from_usage/v1,0.95,false
CN Nation,639000b6,female,West Indies,98,,,,,batter,,derived:role_from_usage/v1,0.95,false
NM Coulter-Nile,56ab442f,male,Australia;Delhi Daredevils;Kolkata Knight Riders;Mumbai Indians;Rajasthan Royals,98,,,,,bowler,,derived:role_from_usage/v1,0.95,false
Agha Salman,89c16049,male,Pakistan,98,,,,,all-rounder,,derived:role_from_usage/v1,0.95,false
D Ndikubwimana,3cbedf51,male,Rwanda,98,,,,,wicketkeeper-batter,yes,derived:role_from_usage/v1 | derived:keeper_inference_aggregate/v1,0.95 | 0.97,false
JA Diergaardt,b72a8938,female,Namibia,98,,,,,all-rounder,,derived:role_from_usage/v1,0.95,false
RMVD Gunaratne,9e866b59,female,Sri Lanka,98,,,,,batter,,derived:role_from_usage/v1,0.95,false
TL Seifert,4663bd23,male,Delhi Capitals;Kolkata Knight Riders;New Zealand,98,,,,,wicketkeeper-batter,yes,derived:role_from_usage/v1 | derived:keeper_inference_aggregate/v1,0.95 | 0.88,false
Aaron Jones,17aa4f1d,male,United States of America,98,,,,,batting all-rounder,,derived:role_from_usage/v1,0.95,false
V Shankar,0994d0ae,male,Chennai Super Kings;Delhi Daredevils;Gujarat Titans;India;Sunrisers Hyderabad,98,,,,,batting all-rounder,,derived:role_from_usage/v1,0.95,false
Umaima Sohail,821d7d46,female,Pakistan,97,,,,,all-rounder,,derived:role_from_usage/v1,0.95,false
R Musamali,017cadb2,female,Uganda,97,,,,,batting all-rounder,,derived:role_from_usage/v1,0.95,false
L Balaji,b2b50355,male,Chennai Super Kings;India;Kings XI Punjab;Kolkata Knight Riders,97,,,,,bowler,,derived:role_from_usage/v1,0.95,false
MV Waldron,2e4f11e9,female,Ireland,96,,,,,wicketkeeper-batter,yes,derived:role_from_usage/v1 | derived:keeper_inference_aggregate/v1,0.95 | 0.94,false
RW Chakabva,2f0d7e4a,male,Zimbabwe,96,,,,,wicketkeeper-batter,yes,derived:role_from_usage/v1 | derived:keeper_inference_aggregate/v1,0.95 | 0.77,false
J Mbabazi,aaa6e84c,female,Uganda,96,,,,,all-rounder,,derived:role_from_usage/v1,0.95,false
Ahmed Faiz,f6b4f746,male,Malaysia,96,,,,,batter,,derived:role_from_usage/v1,0.95,false
OA Shah,7bf96684,male,England;Kochi Tuskers Kerala;Kolkata Knight Riders;Rajasthan Royals,96,,,,,batter,,derived:role_from_usage/v1,0.95,false
HM Rowe,8ca1f93a,female,New Zealand,96,,,,,bowler,,derived:role_from_usage/v1,0.95,false
KY Chan,6348c6e9,female,Hong Kong,96,,,,,all-rounder,,derived:role_from_usage/v1,0.95,false
W Mwatile,5728635a,female,Namibia,96,,,,,all-rounder,,derived:role_from_usage/v1,0.95,false
J Goswami,84f1ae7f,female,India,96,,,,,bowler,,derived:role_from_usage/v1,0.95,false
A Sharafu,06cad4f0,male,United Arab Emirates,95,,,,,batter,,derived:role_from_usage/v1,0.95,false
Afif Hossain,37138918,male,Bangladesh,95,,,,,batting all-rounder,,derived:role_from_usage/v1,0.95,false
AN Cook,f41598c1,male,England,95,,,,,batter,,derived:role_from_usage/v1,0.95,false
CJA Amini,4d84ad05,male,Papua New Guinea,95,,,,,all-rounder,,derived:role_from_usage/v1,0.95,false
R Bhatia,33a364a6,male,Delhi Daredevils;Kolkata Knight Riders;Rajasthan Royals;Rising Pune Supergiant;Rising Pune Supergiants,95,,,,,bowler,,derived:role_from_usage/v1,0.95,false
Shoriful Islam,bb34fd31,male,Bangladesh,95,,,,,bowler,,derived:role_from_usage/v1,0.95,false
SS Tiwary,709b0bac,male,Delhi Daredevils;India;Mumbai Indians;Rising Pune Supergiants;Royal Challengers Bangalore,95,,,,,batter,,derived:role_from_usage/v1,0.95,false
SC Selman,c29ada99,female,Barbados;West Indies,95,,,,,bowler,,derived:role_from_usage/v1,0.95,false
T Marumani,3d5d51a5,male,Zimbabwe,95,,,,,wicketkeeper-batter,yes,derived:role_from_usage/v1 | derived:keeper_inference_aggregate/v1,0.95 | 0.73,false
JD Ryder,91ffa6c6,male,New Zealand;Pune Warriors;Royal Challengers Bangalore,94,,,,,batting all-rounder,,derived:role_from_usage/v1,0.95,false
M Mupachikwa,6657b319,female,Zimbabwe,94,,,,,wicketkeeper-batter,yes,derived:role_from_usage/v1 | derived:keeper_inference_aggregate/v1,0.95 | 0.76,false
H Deol,3664712e,female,Gujarat Giants;India;UP Warriorz,94,,,,,batter,,derived:role_from_usage/v1,0.95,false
AR McBrine,e957b38f,male,Ireland,94,,,,,all-rounder,,derived:role_from_usage/v1,0.95,false
PA Chatterji,8e7be59c,female,Scotland,94,,,,,all-rounder,,derived:role_from_usage/v1,0.95,false
BJ McCarthy,3766056b,male,Ireland,94,,,,,bowler,,derived:role_from_usage/v1,0.95,false
GD Elliott,c03449e0,male,ICC World XI;New Zealand,94,,,,,all-rounder,,derived:role_from_usage/v1,0.95,false
M Akayezu,1f3b9f8d,male,Rwanda,94,,,,,bowler,,derived:role_from_usage/v1,0.95,false
RAS Lakmal,2f28dc94,male,Sri Lanka,94,,,,,bowler,,derived:role_from_usage/v1,0.95,false
SW Billings,c16d4035,male,Chennai Super Kings;Delhi Daredevils;England;ICC World XI;Kolkata Knight Riders,94,,,,,batter,yes,derived:role_from_usage/v1 | derived:keeper_inference_aggregate/v1,0.95 | 0.65,false
M Bibi,34f86a2d,female,Hong Kong,93,,,,,batting all-rounder,,derived:role_from_usage/v1,0.95,false
Salman Butt,4d6d6280,male,Kolkata Knight Riders;Pakistan,93,,,,,batter,,derived:role_from_usage/v1,0.95,false
S Dharnidharka,f8b50da3,female,United Arab Emirates,93,,,,,all-rounder,,derived:role_from_usage/v1,0.95,false
I Barma,521abce2,female,Nepal,93,,,,,batting all-rounder,,derived:role_from_usage/v1,0.95,false
Ahmer Bin Nisar,afbc53ba,male,Bahrain,93,,,,,batter,yes,derived:role_from_usage/v1 | derived:keeper_inference_aggregate/v1,0.95 | 0.64,false
LM Jongwe,b8704508,male,Zimbabwe,93,,,,,bowler,,derived:role_from_usage/v1,0.95,false
KV Sharma,119678fd,male,Chennai Super Kings;India;Mumbai Indians;Royal Challengers Bangalore;Royal Challengers Bengaluru;Sunrisers Hyderabad,93,,,,,bowler,,derived:role_from_usage/v1,0.95,false
RC Belbashi,dfdaca74,female,Nepal,93,,,,,all-rounder,,derived:role_from_usage/v1,0.95,false
Kycia A Knight,552f664a,female,Barbados;West Indies,93,,,,,batter,yes,derived:role_from_usage/v1 | derived:keeper_inference_aggregate/v1,0.95 | 0.7,false
CR Brathwaite,e342e5fb,male,Delhi Daredevils;Kolkata Knight Riders;Sunrisers Hyderabad;West Indies,93,,,,,bowler,,derived:role_from_usage/v1,0.95,false
A Flintoff,ddc0828d,male,Chennai Super Kings;England;ICC World XI,93,,,,,all-rounder,,derived:role_from_usage/v1,0.95,false
D Padikkal,2c25d4f5,male,India;Lucknow Super Giants;Rajasthan Royals;Royal Challengers Bangalore;Royal Challengers Bengaluru,92,,,,,batter,,derived:role_from_usage/v1,0.95,false
S Glenn,b34e0c77,female,England,92,,,,,bowler,,derived:role_from_usage/v1,0.95,false
S Rana,c4c374d9,female,Delhi Capitals;Gujarat Giants;India;Royal Challengers Bengaluru,92,,,,,bowler,,derived:role_from_usage/v1,0.95,false
CO Obuya,5680f1ad,male,Kenya,92,,,,,all-rounder,,derived:role_from_usage/v1,0.95,false
SN Shihepo,1b3f7dbb,female,Namibia,92,,,,,batting all-rounder,,derived:role_from_usage/v1,0.95,false
Anshuman Rath,552b228c,male,Hong Kong,92,,,,,batting all-rounder,,derived:role_from_usage/v1,0.95,false
Rizwan Butt,e741ed8f,male,Bahrain,92,,,,,bowler,,derived:role_from_usage/v1,0.95,false
Mas Elysa,857de42e,female,Malaysia,92,,,,,batting all-rounder,,derived:role_from_usage/v1,0.95,false
FH Allen,bf74b130,male,Kolkata Knight Riders;New Zealand,92,,,,,batter,,derived:role_from_usage/v1,0.95,false
DT Christian,2a2e6343,male,Australia;Deccan Chargers;Delhi Daredevils;Rising Pune Supergiant;Royal Challengers Bangalore,92,,,,,all-rounder,,derived:role_from_usage/v1,0.95,false
Z Bimenyimana,ba57fb08,male,Rwanda,92,,,,,bowler,,derived:role_from_usage/v1,0.95,false
Imran Anwar,a9a18e3e,male,Bahrain,92,,,,,all-rounder,,derived:role_from_usage/v1,0.95,false
GM Harris,72166006,female,Australia;Royal Challengers Bengaluru;UP Warriorz,92,,,,,batting all-rounder,,derived:role_from_usage/v1,0.95,false
A Reddy,eadc8924,female,Delhi Capitals;India;Royal Challengers Bengaluru,91,,,,,bowler,,derived:role_from_usage/v1,0.95,false
M Hill,bf5e7711,female,Hong Kong,91,,,,,batting all-rounder,,derived:role_from_usage/v1,0.95,false
DJ Malan,ad9c32a2,male,England;Punjab Kings,91,,,,,batter,,derived:role_from_usage/v1,0.95,false
RJ Peterson,26ff4c29,male,Mumbai Indians;South Africa,91,,,,,bowler,,derived:role_from_usage/v1,0.95,false
RW Price,67af6f81,male,Mumbai Indians;Zimbabwe,91,,,,,bowler,,derived:role_from_usage/v1,0.95,false
JL Gunn,907c51ab,female,England,91,,,,,bowler,,derived:role_from_usage/v1,0.95,false
PM Seelaar,abbdca1a,male,Netherlands,91,,,,,all-rounder,,derived:role_from_usage/v1,0.95,false
CB Mpofu,49691d7a,male,Zimbabwe,91,,,,,bowler,,derived:role_from_usage/v1,0.95,false
Nasir Hossain,6eea0b32,male,Bangladesh,91,,,,,all-rounder,,derived:role_from_usage/v1,0.95,false
Ahmed Raza,79b4839e,male,United Arab Emirates,91,,,,,bowler,,derived:role_from_usage/v1,0.95,false
C Aweko,01c1b96c,female,Uganda,91,,,,,bowler,,derived:role_from_usage/v1,0.95,false
GE Plimmer,575494db,female,New Zealand,90,,,,,batter,,derived:role_from_usage/v1,0.95,false
K Ndlovu,8d25271a,female,Zimbabwe,90,,,,,all-rounder,,derived:role_from_usage/v1,0.95,false
Salma Khatun,037f2b86,female,Bangladesh,90,,,,,all-rounder,,derived:role_from_usage/v1,0.95,false
WB Rankin,29b89ae8,male,England;Ireland,90,,,,,bowler,,derived:role_from_usage/v1,0.95,false
IKEG Artawan,190957d2,male,Indonesia,90,,,,,bowler,occasional,derived:role_from_usage/v1 | derived:keeper_inference_aggregate/v1,0.95 | 0.6,false
AH Maqsood,f61e2829,female,Scotland,90,,,,,bowler,,derived:role_from_usage/v1,0.95,false
Rabeya Khan,aaf037b1,female,Bangladesh,90,,,,,bowler,,derived:role_from_usage/v1,0.95,false
LK Bell,38b4583c,female,England;Royal Challengers Bengaluru,90,,,,,bowler,,derived:role_from_usage/v1,0.95,false
MD Gunathilaka,509a7ca1,male,Sri Lanka,89,,,,,batting all-rounder,,derived:role_from_usage/v1,0.95,false
Shanzeen Shahzad,ce291858,female,Hong Kong,89,,,,,batter,occasional,derived:role_from_usage/v1 | derived:keeper_inference_aggregate/v1,0.95 | 0.6,false
Iftikhar Ahmed,29e253dd,male,Pakistan,89,,,,,batting all-rounder,,derived:role_from_usage/v1,0.95,false
Ainna Hamizah Hashim,4c7744de,female,Malaysia,89,,,,,all-rounder,,derived:role_from_usage/v1,0.95,false
SA Wittmann,531aef3b,female,Namibia,89,,,,,batting all-rounder,,derived:role_from_usage/v1,0.95,false
HASD Siriwardene,dbd79036,female,Sri Lanka,89,,,,,all-rounder,,derived:role_from_usage/v1,0.95,false
T Bhatia,211dc1ce,female,Delhi Capitals;India,89,,,,,wicketkeeper-batter,yes,derived:role_from_usage/v1 | derived:keeper_inference_aggregate/v1,0.95 | 0.97,false
ST Finn,ccdd8308,male,England,89,,,,,bowler,,derived:role_from_usage/v1,0.95,false
LN Rajbanshi,6ad2d5f7,male,Nepal,89,,,,,bowler,,derived:role_from_usage/v1,0.95,false
SE Bond,4f629497,male,Kolkata Knight Riders;New Zealand,88,,,,,bowler,,derived:role_from_usage/v1,0.95,false
A King,83558266,female,Australia;UP Warriorz,88,,,,,bowler,,derived:role_from_usage/v1,0.95,false
WA Duraisingam,7467fe01,female,Malaysia,88,,,,,all-rounder,,derived:role_from_usage/v1,0.95,false
KK Nair,944533a5,male,Delhi Capitals;Delhi Daredevils;India;Kings XI Punjab;Rajasthan Royals;Royal Challengers Bangalore,88,,,,,batter,,derived:role_from_usage/v1,0.95,false
Pavandeep Singh,78fcc740,male,Malaysia,88,,,,,bowler,,derived:role_from_usage/v1,0.95,false
Asif Khan,074acfb4,male,United Arab Emirates,88,,,,,batter,,derived:role_from_usage/v1,0.95,false
RR Rossouw,cad00a4d,male,Delhi Capitals;Punjab Kings;Royal Challengers Bangalore;South Africa,87,,,,,batter,,derived:role_from_usage/v1,0.95,false
S Siegers,9a58f2c8,female,Netherlands,87,,,,,bowler,,derived:role_from_usage/v1,0.95,false
A Dutt,803dbf1d,male,Netherlands,87,,,,,bowler,,derived:role_from_usage/v1,0.95,false
RD Chahar,2ed569a0,male,Chennai Super Kings;India;Mumbai Indians;Punjab Kings;Rising Pune Supergiant;Sunrisers Hyderabad,87,,,,,bowler,,derived:role_from_usage/v1,0.95,false
Shoaib Akhtar,10a91f35,male,Asia XI;ICC World XI;Kolkata Knight Riders;Pakistan,87,,,,,bowler,,derived:role_from_usage/v1,0.95,false
DR Martyn,69762509,male,Australia;Rajasthan Royals,87,,,,,batter,,derived:role_from_usage/v1,0.95,false
GA Priandana,2af0e3b1,male,Indonesia,87,,,,,batting all-rounder,,derived:role_from_usage/v1,0.95,false
T Bavuma,9ffd1ac1,male,South Africa,87,,,,,batter,,derived:role_from_usage/v1,0.95,false
Rumana Ahmed,a92763ea,female,Bangladesh,87,,,,,all-rounder,,derived:role_from_usage/v1,0.95,false
G Motie,97bdec3d,male,West Indies,87,,,,,bowler,,derived:role_from_usage/v1,0.95,false
NP Kenjige,f7d267f7,male,United States of America,86,,,,,bowler,,derived:role_from_usage/v1,0.95,false
Shorna Akter,89895ae1,female,Bangladesh,86,,,,,batting all-rounder,,derived:role_from_usage/v1,0.95,false
WIA Fernando,9550470d,male,Sri Lanka,86,,,,,batter,,derived:role_from_usage/v1,0.95,false
KL Cross,1ade138e,female,England,86,,,,,bowler,,derived:role_from_usage/v1,0.95,false
PP Shaw,8b3e9c7c,male,Delhi Capitals;Delhi Daredevils;India,86,,,,,batter,,derived:role_from_usage/v1,0.95,false
IC Gaze,60c250bf,female,New Zealand,86,,,,,wicketkeeper-batter,yes,derived:role_from_usage/v1 | derived:keeper_inference_aggregate/v1,0.95 | 0.97,false
Imrul Kayes,5fbe14fc,male,Bangladesh,86,,,,,batter,,derived:role_from_usage/v1,0.95,false
Y Daswani,2038a273,female,Hong Kong,85,,,,,wicketkeeper-batter,yes,derived:role_from_usage/v1 | derived:keeper_inference_aggregate/v1,0.95 | 0.8,false
O Manishimwe,fb31ca49,male,Rwanda,85,,,,,batter,,derived:role_from_usage/v1,0.95,false
KD Kesuma,4b349dc0,male,Indonesia,85,,,,,wicketkeeper-batter,yes,derived:role_from_usage/v1 | derived:keeper_inference_aggregate/v1,0.95 | 0.74,false
Anjar Tadarus,72275237,male,Indonesia,85,,,,,batting all-rounder,,derived:role_from_usage/v1,0.95,false
Marufa Akter,a50797a4,female,Bangladesh,85,,,,,bowler,,derived:role_from_usage/v1,0.95,false
Mahedi Hasan,9dad0f2e,male,Bangladesh,85,,,,,all-rounder,,derived:role_from_usage/v1,0.95,false
A Bosch,dcf0e8f4,female,South Africa,85,,,,,batting all-rounder,,derived:role_from_usage/v1,0.95,false
NJ O'Brien,84826f48,male,Ireland,85,,,,,batter,yes,derived:role_from_usage/v1 | derived:keeper_inference_aggregate/v1,0.95 | 0.72,false
IO Okpe,1c5c3dce,male,Nigeria,85,,,,,all-rounder,,derived:role_from_usage/v1,0.95,false
JM Sharma,800d2d97,male,India;Punjab Kings;Royal Challengers Bengaluru,84,,,,,wicketkeeper-batter,yes,derived:role_from_usage/v1 | derived:keeper_inference_aggregate/v1,0.95 | 0.9,false
OU Ranasinghe,52d3b7ff,female,Sri Lanka,84,,,,,bowler,,derived:role_from_usage/v1,0.95,false
Kaleemullah,72253b87,male,Oman,84,,,,,bowler,,derived:role_from_usage/v1,0.95,false
IK Gamantika,4d7c5b56,male,Indonesia,84,,,,,all-rounder,,derived:role_from_usage/v1,0.95,false
S Matsikenyeri,e7ba1233,male,Zimbabwe,84,,,,,batting all-rounder,,derived:role_from_usage/v1,0.95,false
D Wiese,aa8d28ae,male,Kolkata Knight Riders;Namibia;Royal Challengers Bangalore;South Africa,83,,,,,all-rounder,,derived:role_from_usage/v1,0.95,false
I Nakisuuyi,2f145a4f,female,Uganda,83,,,,,all-rounder,,derived:role_from_usage/v1,0.95,false
K Awino,c4e7749a,female,Uganda,83,,,,,wicketkeeper-batter,yes,derived:role_from_usage/v1 | derived:keeper_inference_aggregate/v1,0.95 | 0.97,false
NT Miles,d27d0835,female,Hong Kong,83,,,,,batter,,derived:role_from_usage/v1,0.95,false
SA Okpe,681f522f,male,Nigeria,83,,,,,all-rounder,,derived:role_from_usage/v1,0.95,false
Nahida Khan,3e7c0b1e,female,Pakistan,83,,,,,batter,occasional,derived:role_from_usage/v1 | derived:keeper_inference_aggregate/v1,0.95 | 0.6,false
N Dickwella,45963d9e,male,Sri Lanka,83,,,,,batter,yes,derived:role_from_usage/v1 | derived:keeper_inference_aggregate/v1,0.95 | 0.68,false
E Rukiriza,3ac13a94,male,Rwanda,83,,,,,bowler,,derived:role_from_usage/v1,0.95,false
SP Fleming,eea6b7f1,male,Chennai Super Kings;New Zealand,83,,,,,batter,,derived:role_from_usage/v1,0.95,false
H Ishimwe,ffa296f7,female,Rwanda,83,,,,,all-rounder,,derived:role_from_usage/v1,0.95,false
LL Tsotsobe,12bffe91,male,South Africa,83,,,,,bowler,,derived:role_from_usage/v1,0.95,false
R McLaren,c654af19,male,Kings XI Punjab;Kolkata Knight Riders;Mumbai Indians;South Africa,83,,,,,bowler,,derived:role_from_usage/v1,0.95,false
AJ Blackwell,b9164a9b,female,Australia,83,,,,,batter,,derived:role_from_usage/v1,0.95,false
Jahanara Alam,752183c1,female,Bangladesh,83,,,,,bowler,,derived:role_from_usage/v1,0.95,false
SS Cottrell,a1d053dd,male,Kings XI Punjab;West Indies,82,,,,,bowler,,derived:role_from_usage/v1,0.95,false
M Wai Siu,74eecff4,female,Hong Kong,82,,,,,bowler,,derived:role_from_usage/v1,0.95,false
HMRKB Herath,d2fcce2f,male,Sri Lanka,82,,,,,bowler,,derived:role_from_usage/v1,0.95,false
KR Mayers,73c18486,male,Lucknow Super Giants;West Indies,82,,,,,batting all-rounder,,derived:role_from_usage/v1,0.95,false
GD McGrath,ee7d0c82,male,Australia;Delhi Daredevils,82,,,,,bowler,,derived:role_from_usage/v1,0.95,false
KE Bryce,f13d3eba,female,Gujarat Giants;Scotland,82,,,,,all-rounder,,derived:role_from_usage/v1,0.95,false
F Overdijk,022745d5,female,Netherlands,82,,,,,batting all-rounder,,derived:role_from_usage/v1,0.95,false
YH Bhatia,9c3d4e8a,female,India;Mumbai Indians,82,,,,,wicketkeeper-batter,yes,derived:role_from_usage/v1 | derived:keeper_inference_aggregate/v1,0.95 | 0.85,false
Tanzid Hasan,80fe764d,male,Bangladesh,82,,,,,batter,,derived:role_from_usage/v1,0.95,false
S Nampiina,91d9aa26,female,Uganda,82,,,,,batting all-rounder,,derived:role_from_usage/v1,0.95,false
ADS Fletcher,1bae756b,male,West Indies,82,,,,,batter,yes,derived:role_from_usage/v1 | derived:keeper_inference_aggregate/v1,0.95 | 0.67,false
MD Bimenyimana,c1a0cebe,female,Rwanda,82,,,,,all-rounder,,derived:role_from_usage/v1,0.95,false
Aqib Ilyas,b3b39bed,male,Oman,82,,,,,all-rounder,,derived:role_from_usage/v1,0.95,false
Mohammad Irfan,a8e3170f,male,Pakistan,82,,,,,bowler,,derived:role_from_usage/v1,0.95,false
WA Young,8afe73e2,male,New Zealand,82,,,,,batter,,derived:role_from_usage/v1,0.95,false
Junaid Khan,086f5984,male,Pakistan,81,,,,,bowler,,derived:role_from_usage/v1,0.95,false
H Thaker,c01d7726,male,Canada,81,,,,,all-rounder,,derived:role_from_usage/v1,0.95,false
M Kartik,abfeb126,male,India;Kings XI Punjab;Kolkata Knight Riders;Pune Warriors;Royal Challengers Bangalore,81,,,,,bowler,,derived:role_from_usage/v1,0.95,false
BMAJ Mendis,9868bc75,male,Delhi Daredevils;Sri Lanka,81,,,,,all-rounder,,derived:role_from_usage/v1,0.95,false
SMSM Senanayake,4c4fa80b,male,Kolkata Knight Riders;Sri Lanka,81,,,,,bowler,,derived:role_from_usage/v1,0.95,false
N Sibanda,edf62a25,female,Zimbabwe,81,,,,,bowler,,derived:role_from_usage/v1,0.95,false
S Molineux,99e23670,female,Australia;Royal Challengers Bangalore,80,,,,,bowler,,derived:role_from_usage/v1,0.95,false
H Ssenyondo,2b7609f1,male,Uganda,80,,,,,bowler,,derived:role_from_usage/v1,0.95,false
KH Prajapati,c4e73ff1,male,Oman,80,,,,,batter,,derived:role_from_usage/v1,0.95,false
T Natarajan,ce794613,male,Delhi Capitals;India;Kings XI Punjab;Sunrisers Hyderabad,80,,,,,bowler,,derived:role_from_usage/v1,0.95,false
M Gorases,d034d60a,female,Namibia,80,,,,,wicketkeeper-batter,yes,derived:role_from_usage/v1 | derived:keeper_inference_aggregate/v1,0.95 | 0.96,false
EJ Villani,cde96d97,female,Australia,80,,,,,batter,,derived:role_from_usage/v1,0.95,false
V Krishnamurthy,c3f21798,female,Gujarat Giants;India,80,,,,,batter,,derived:role_from_usage/v1,0.95,false
BJ Bennett,eaa36b2a,male,Zimbabwe,80,,,,,batting all-rounder,,derived:role_from_usage/v1,0.95,false
PHKD Mendis,08548b13,male,Sri Lanka;Sunrisers Hyderabad,79,,,,,batting all-rounder,,derived:role_from_usage/v1,0.95,false
Murshida Khatun,712bbd92,female,Bangladesh,79,,,,,batter,,derived:role_from_usage/v1,0.95,false
MN Waller,ec4dada1,male,Zimbabwe,79,,,,,batting all-rounder,,derived:role_from_usage/v1,0.95,false
HNK Jensen,b8cce99f,female,New Zealand,79,,,,,all-rounder,,derived:role_from_usage/v1,0.95,false
VR Iyer,a24be938,male,India;Kolkata Knight Riders;Royal Challengers Bengaluru,79,,,,,batter,,derived:role_from_usage/v1,0.95,false
CS Mugeri-Tiripano,99c86133,female,Zimbabwe,79,,,,,batter,,derived:role_from_usage/v1,0.95,false
TS Sekhukhune,6e28e586,female,South Africa,79,,,,,bowler,,derived:role_from_usage/v1,0.95,false
Mahirah Izzati Ismail,b9b32e3c,female,Malaysia,79,,,,,all-rounder,,derived:role_from_usage/v1,0.95,false
Sulaimon Runsewe,c25d26dc,male,Nigeria,79,,,,,wicketkeeper-batter,yes,derived:role_from_usage/v1 | derived:keeper_inference_aggregate/v1,0.95 | 0.97,false
Ayan Khan,44d6a8b8,male,Oman,78,,,,,all-rounder,,derived:role_from_usage/v1,0.95,false
Y Venugopal Rao,fe763256,male,Deccan Chargers;Delhi Daredevils;India;Sunrisers Hyderabad,78,,,,,batter,,derived:role_from_usage/v1,0.95,false
S Chaturongrattana,bd36bc39,female,Thailand,78,,,,,bowler,,derived:role_from_usage/v1,0.95,false
Sohail Ahmed,4db71b2e,male,Bahrain,78,,,,,batter,,derived:role_from_usage/v1,0.95,false
LPC Silva,1be70c88,male,Deccan Chargers;Sri Lanka,78,,,,,batter,,derived:role_from_usage/v1,0.95,false
RA Mair,d5eb8b84,female,New Zealand,78,,,,,bowler,,derived:role_from_usage/v1,0.95,false
Yasim Murtaza,c9d05f1a,male,Hong Kong,78,,,,,all-rounder,,derived:role_from_usage/v1,0.95,false
NT Ellis,9eb1455b,male,Australia;Chennai Super Kings;Punjab Kings,78,,,,,bowler,,derived:role_from_usage/v1,0.95,false
KKN Egodage,5bb904d4,female,United Arab Emirates,78,,,,,batting all-rounder,,derived:role_from_usage/v1,0.95,false
L Winfield,5230a33d,female,England,78,,,,,batter,occasional,derived:role_from_usage/v1 | derived:keeper_inference_aggregate/v1,0.95 | 0.61,false
GD Arta,e969e580,male,Indonesia,78,,,,,batting all-rounder,,derived:role_from_usage/v1,0.95,false
Abdul Majid Abbasi,0cfb42b5,male,Bahrain,78,,,,,bowler,,derived:role_from_usage/v1,0.95,false
Shafiul Islam,1a8eebbe,male,Bangladesh,77,,,,,bowler,,derived:role_from_usage/v1,0.95,false
BJ McMullen,436c763a,male,Scotland,77,,,,,all-rounder,,derived:role_from_usage/v1,0.95,false
AB Kaur,9565fda6,female,India;Mumbai Indians,77,,,,,all-rounder,,derived:role_from_usage/v1,0.95,false
Saim Ayub,33609a8c,male,Pakistan,77,,,,,all-rounder,,derived:role_from_usage/v1,0.95,false
Ahmad Ramdoni,b5f30525,male,Indonesia,77,,,,,batter,yes,derived:role_from_usage/v1 | derived:keeper_inference_aggregate/v1,0.95 | 0.72,false
JA Duffy,dadbdb68,male,New Zealand;Royal Challengers Bengaluru,77,,,,,bowler,,derived:role_from_usage/v1,0.95,false
CK Langeveldt,d1c94b25,male,Kolkata Knight Riders;Royal Challengers Bangalore;South Africa,77,,,,,bowler,,derived:role_from_usage/v1,0.95,false
SW Tait,addfb70e,male,Australia;Rajasthan Royals,77,,,,,bowler,,derived:role_from_usage/v1,0.95,false
SR Taylor,a9231c3f,male,United States of America,77,,,,,all-rounder,,derived:role_from_usage/v1,0.95,false
S Sesazi,c2c975f9,male,Uganda,77,,,,,batter,,derived:role_from_usage/v1,0.95,false
D Heyliger,f8c72766,male,Canada,77,,,,,bowler,,derived:role_from_usage/v1,0.95,false
Riazat Ali Shah,269cc4ff,male,Uganda,77,,,,,batting all-rounder,,derived:role_from_usage/v1,0.95,false
Nur Dania Syuhada,3af75717,female,Malaysia,76,,,,,all-rounder,,derived:role_from_usage/v1,0.95,false
SK Trivedi,3d7e087f,male,Rajasthan Royals,76,,,,,bowler,,derived:role_from_usage/v1,0.95,false
JM Kemp,6581d753,male,Africa XI;Chennai Super Kings;South Africa,76,,,,,batting all-rounder,,derived:role_from_usage/v1,0.95,false
EC Joyce,a48fc79d,male,England;Ireland,76,,,,,batter,,derived:role_from_usage/v1,0.95,false
K Fraser,a0a65375,female,Scotland,76,,,,,all-rounder,,derived:role_from_usage/v1,0.95,false
HDJ Siegers,6d48df01,female,Netherlands,76,,,,,batting all-rounder,occasional,derived:role_from_usage/v1 | derived:keeper_inference_aggregate/v1,0.95 | 0.61,false
K Kunwar,97e6e41a,female,Nepal,76,,,,,all-rounder,,derived:role_from_usage/v1,0.95,false
Ali Dawood,596982e6,male,Bahrain,76,,,,,bowler,,derived:role_from_usage/v1,0.95,false
Iqra Sahar,aaccb8ca,female,Hong Kong,76,,,,,bowler,,derived:role_from_usage/v1,0.95,false
Naseem Khushi,c63671e9,male,Oman,76,,,,,wicketkeeper-batter,yes,derived:role_from_usage/v1 | derived:keeper_inference_aggregate/v1,0.95 | 0.94,false
Ayesha Zafar,e15f4fa4,female,Pakistan,76,,,,,batting all-rounder,,derived:role_from_usage/v1,0.95,false
Junaid Aziz,c39ee9e0,male,Bahrain,76,,,,,batter,,derived:role_from_usage/v1,0.95,false
D Hazell,ea8b65ab,female,England,76,,,,,bowler,,derived:role_from_usage/v1,0.95,false
LM Kasperek,9b73d523,female,New Zealand,76,,,,,bowler,,derived:role_from_usage/v1,0.95,false
Anam Amin,06653fcc,female,Pakistan,75,,,,,bowler,,derived:role_from_usage/v1,0.95,false
Rishad Hossain,5935d694,male,Bangladesh,75,,,,,bowler,,derived:role_from_usage/v1,0.95,false
DE Bollinger,45c2196c,male,Australia;Chennai Super Kings,75,,,,,bowler,,derived:role_from_usage/v1,0.95,false
Vikramjit Singh,2a9eee66,male,Netherlands,75,,,,,batting all-rounder,,derived:role_from_usage/v1,0.95,false
T Lungameni,1688f2dc,male,Namibia,75,,,,,bowler,,derived:role_from_usage/v1,0.95,false
S Vijay Unni,f737ab44,male,Malaysia,75,,,,,bowler,,derived:role_from_usage/v1,0.95,false
Sharmin Akhter,84fdd3cf,female,Bangladesh,75,,,,,batter,,derived:role_from_usage/v1,0.95,false
W Barresi,0d677597,male,Netherlands,75,,,,,wicketkeeper-batter,yes,derived:role_from_usage/v1 | derived:keeper_inference_aggregate/v1,0.95 | 0.82,false
IJL Trott,ac7fa28f,male,England,75,,,,,batter,,derived:role_from_usage/v1,0.95,false
Mohammad Saifuddin,b3a28446,male,Bangladesh,75,,,,,bowler,,derived:role_from_usage/v1,0.95,false
Iram Javed,dc596fac,female,Pakistan,75,,,,,batter,,derived:role_from_usage/v1,0.95,false
KW Richardson,dfc4d8b5,male,Australia;Pune Warriors;Rajasthan Royals;Royal Challengers Bangalore,75,,,,,bowler,,derived:role_from_usage/v1,0.95,false
DM Nakrani,46a7ac78,male,Uganda,75,,,,,all-rounder,,derived:role_from_usage/v1,0.95,false
J Nkomo,36dfa62e,female,Zimbabwe,75,,,,,all-rounder,,derived:role_from_usage/v1,0.95,false
A Dercksen,d2b1f515,female,South Africa,74,,,,,batting all-rounder,,derived:role_from_usage/v1,0.95,false
Jasdeep Singh,5ec41cd7,male,United States of America,74,,,,,bowler,,derived:role_from_usage/v1,0.95,false
Nur Arianna Natsya,4db4c8be,female,Malaysia,74,,,,,batting all-rounder,,derived:role_from_usage/v1,0.95,false
CT Dhururu,8d7fba79,female,Zimbabwe,74,,,,,batter,yes,derived:role_from_usage/v1 | derived:keeper_inference_aggregate/v1,0.95 | 0.71,false
JP Kotze,9f308dfc,male,Namibia,74,,,,,batter,yes,derived:role_from_usage/v1 | derived:keeper_inference_aggregate/v1,0.95 | 0.7,false
Kaleem Sana,14810ee7,male,Canada,74,,,,,bowler,,derived:role_from_usage/v1,0.95,false
Muhammad Nadir,090f96e4,male,Rwanda,74,,,,,bowler,,derived:role_from_usage/v1,0.95,false
MJ Prior,1200550f,male,England,74,,,,,wicketkeeper-batter,yes,derived:role_from_usage/v1 | derived:keeper_inference_aggregate/v1,0.95 | 0.94,false
Kyshona A Knight,d85a1960,female,Barbados;West Indies,74,,,,,batter,,derived:role_from_usage/v1,0.95,false
C Rububagumya,8088632c,male,Rwanda,74,,,,,batting all-rounder,,derived:role_from_usage/v1,0.95,false
Mosaddek Hossain,8919756f,male,Bangladesh,74,,,,,all-rounder,,derived:role_from_usage/v1,0.95,false
Rinitha Rajith,36ba7f0b,female,United Arab Emirates,74,,,,,batter,,derived:role_from_usage/v1,0.95,false
D Brevis,844e79d1,male,Chennai Super Kings;Mumbai Indians;South Africa,73,,,,,batter,,derived:role_from_usage/v1,0.95,false
L Tshuma,f281dd00,female,Zimbabwe,73,,,,,all-rounder,,derived:role_from_usage/v1,0.95,false
CM Edwards,d4188b60,female,England,73,,,,,batter,,derived:role_from_usage/v1,0.95,false
Manpreet Singh,e9d6a2ce,male,Italy;Singapore,73,,,,,wicketkeeper-batter,yes,derived:role_from_usage/v1 | derived:keeper_inference_aggregate/v1,0.95 | 0.91,false
Fayyaz Butt,bd9fbd51,male,Oman,73,,,,,bowler,,derived:role_from_usage/v1,0.95,false
FH Edwards,a7c226e1,male,Deccan Chargers;West Indies,73,,,,,bowler,,derived:role_from_usage/v1,0.95,false
Aayan Afzal Khan,d2d15439,male,United Arab Emirates,73,,,,,bowler,,derived:role_from_usage/v1,0.95,false
M van Lingen,7eb36269,male,Namibia,73,,,,,batter,,derived:role_from_usage/v1,0.95,false
CA Soper,9920dd86,male,Papua New Guinea,73,,,,,bowler,,derived:role_from_usage/v1,0.95,false
G Malla,b2e1d224,male,Nepal,73,,,,,batter,,derived:role_from_usage/v1,0.95,false
A Dananjaya,5b16a806,male,Mumbai Indians;Sri Lanka,73,,,,,bowler,,derived:role_from_usage/v1,0.95,false
S Nadeem,9d80c5e1,male,Delhi Daredevils;Sunrisers Hyderabad,72,,,,,bowler,,derived:role_from_usage/v1,0.95,false
O Tuyisenge,e6a6888f,male,Rwanda,72,,,,,batter,,derived:role_from_usage/v1,0.95,false
M McColl,d5fa2ab3,female,Scotland,72,,,,,batting all-rounder,,derived:role_from_usage/v1,0.95,false
MS Atapattu,8a686d30,male,Sri Lanka,72,,,,,batter,,derived:role_from_usage/v1,0.95,false
LV van Beek,782fb776,male,Netherlands,72,,,,,bowler,,derived:role_from_usage/v1,0.95,false
Imam-ul-Haq,40c041ea,male,Pakistan,71,,,,,batter,,derived:role_from_usage/v1,0.95,false
Zeeshan Ali,987187b9,male,Hong Kong,71,,,,,wicketkeeper-batter,yes,derived:role_from_usage/v1 | derived:keeper_inference_aggregate/v1,0.95 | 0.93,false
A Ikuzwe,6762a445,female,Rwanda,71,,,,,all-rounder,,derived:role_from_usage/v1,0.95,false
L Goodall,0bb32e98,female,South Africa,71,,,,,batter,,derived:role_from_usage/v1,0.95,false
D Brown,2e81be88,female,Australia,71,,,,,bowler,,derived:role_from_usage/v1,0.95,false
M Labuschagne,fa433be6,male,Australia,71,,,,,batting all-rounder,,derived:role_from_usage/v1,0.95,false
Abdul Samad,8e514b4c,male,Lucknow Super Giants;Sunrisers Hyderabad,71,,,,,batter,,derived:role_from_usage/v1,0.95,false
TK Curran,e86754b2,male,Delhi Capitals;England;Kolkata Knight Riders;Rajasthan Royals,71,,,,,bowler,,derived:role_from_usage/v1,0.95,false
BC Lara,d5403021,male,ICC World XI;West Indies,71,,,,,batter,,derived:role_from_usage/v1,0.95,false
Q Joseph,d6164dc0,female,West Indies,71,,,,,batting all-rounder,,derived:role_from_usage/v1,0.95,false
AM Kimote,34e36b65,male,Tanzania,71,,,,,bowler,,derived:role_from_usage/v1,0.95,false
Aqib Iqbal,14157abf,male,Austria,71,,,,,all-rounder,,derived:role_from_usage/v1,0.95,false
A Kumble,0c2730df,male,Asia XI;India;Royal Challengers Bangalore,71,,,,,bowler,,derived:role_from_usage/v1,0.95,false
RJW Topley,8db7f47f,male,England;Mumbai Indians;Royal Challengers Bangalore;Royal Challengers Bengaluru,70,,,,,bowler,,derived:role_from_usage/v1,0.95,false
Wan Julia,bee0c85c,female,Malaysia,70,,,,,wicketkeeper-batter,yes,derived:role_from_usage/v1 | derived:keeper_inference_aggregate/v1,0.95 | 0.85,false
LN Oluoch,eb4f9c61,male,Kenya,70,,,,,bowler,,derived:role_from_usage/v1,0.95,false
Inzamam-ul-Haq,b9a3d8c6,male,Asia XI;Pakistan,70,,,,,batter,,derived:role_from_usage/v1,0.95,false
XJ Doherty,502b2c81,male,Australia,70,,,,,bowler,,derived:role_from_usage/v1,0.95,false
A Canning,ffd5fcd8,female,Ireland,70,,,,,bowler,,derived:role_from_usage/v1,0.95,false
HWA Landheer,a6ec88f4,female,Netherlands,70,,,,,bowler,,derived:role_from_usage/v1,0.95,false
ME Bouchier,c2554b59,female,England,70,,,,,batter,,derived:role_from_usage/v1,0.95,false
Muhammad Usman,45642393,male,United Arab Emirates,70,,,,,batter,,derived:role_from_usage/v1,0.95,false
KA Jamieson,68c56d09,male,Delhi Capitals;New Zealand;Punjab Kings;Royal Challengers Bangalore,70,,,,,bowler,,derived:role_from_usage/v1,0.95,false
AC Agar,a2421394,male,Australia,70,,,,,bowler,,derived:role_from_usage/v1,0.95,false
RD Rickelton,e66732f8,male,Mumbai Indians;South Africa,70,,,,,wicketkeeper-batter,yes,derived:role_from_usage/v1 | derived:keeper_inference_aggregate/v1,0.95 | 0.86,false
NJ Carey,dff806f4,female,Australia;Mumbai Indians,70,,,,,all-rounder,,derived:role_from_usage/v1,0.95,false
JG Bethell,3c55c703,male,England;Royal Challengers Bengaluru,69,,,,,batting all-rounder,,derived:role_from_usage/v1,0.95,false
Shakeel Ahmed,e29e9c12,male,Oman,69,,,,,bowler,,derived:role_from_usage/v1,0.95,false
C Karunaratne,fb3e0d39,male,Sri Lanka,69,,,,,bowler,,derived:role_from_usage/v1,0.95,false
SL Kalis,2b150c6b,female,Netherlands,69,,,,,batter,,derived:role_from_usage/v1,0.95,false
SR Magar,61c22ad0,female,Nepal,69,,,,,all-rounder,,derived:role_from_usage/v1,0.95,false
K Nassoro,29ee9bf9,male,Tanzania,69,,,,,all-rounder,,derived:role_from_usage/v1,0.95,false
C Kieswetter,1e960f2a,male,England,69,,,,,wicketkeeper-batter,yes,derived:role_from_usage/v1 | derived:keeper_inference_aggregate/v1,0.95 | 0.86,false
K Doriga,365229a8,male,Papua New Guinea,69,,,,,wicketkeeper-batter,yes,derived:role_from_usage/v1 | derived:keeper_inference_aggregate/v1,0.95 | 0.97,false
AJ Tye,7c7d63a2,male,Australia;Gujarat Lions;Kings XI Punjab;Lucknow Super Giants;Rajasthan Royals,69,,,,,bowler,,derived:role_from_usage/v1,0.95,false
B Tau,3a6cbb8e,female,Papua New Guinea,69,,,,,wicketkeeper-batter,yes,derived:role_from_usage/v1 | derived:keeper_inference_aggregate/v1,0.95 | 0.97,false
Aisya Eleesa,2cd18a73,female,Malaysia,68,,,,,bowler,,derived:role_from_usage/v1,0.95,false
MNM Aslam,20481563,male,Kuwait,68,,,,,all-rounder,,derived:role_from_usage/v1,0.95,false
S Gajnabi,c35739a1,female,West Indies,68,,,,,batting all-rounder,,derived:role_from_usage/v1,0.95,false
Asad Shafiq,50250426,male,Pakistan,68,,,,,batter,,derived:role_from_usage/v1,0.95,false
J Maguire,1b1c23bb,female,Ireland,68,,,,,bowler,,derived:role_from_usage/v1,0.95,false
NR Kirton,6b75c2b1,male,Canada,68,,,,,batting all-rounder,,derived:role_from_usage/v1,0.95,false
A Lister,090c0213,female,Scotland,68,,,,,batter,occasional,derived:role_from_usage/v1 | derived:keeper_inference_aggregate/v1,0.95 | 0.61,false
G Ishimwe,b5ae57ee,female,Rwanda,68,,,,,batter,,derived:role_from_usage/v1,0.95,false
MR Aguilleira,4e7aa570,female,West Indies,68,,,,,wicketkeeper-batter,yes,derived:role_from_usage/v1 | derived:keeper_inference_aggregate/v1,0.95 | 0.78,false
K Waiswa,a3a275ec,male,Uganda,68,,,,,batting all-rounder,,derived:role_from_usage/v1,0.95,false
LA Marsh,9706e64b,female,England,68,,,,,all-rounder,,derived:role_from_usage/v1,0.95,false
SJ Benn,364ee2cf,male,West Indies,68,,,,,bowler,,derived:role_from_usage/v1,0.95,false
ME Trescothick,ea42ddb9,male,England,67,,,,,batter,,derived:role_from_usage/v1,0.95,false
R Sandaruwan,cf6acc0d,male,Kuwait,67,,,,,batter,,derived:role_from_usage/v1,0.95,false
Shahbaz Ahmed,f9e6e7ef,male,India;Lucknow Super Giants;Royal Challengers Bangalore;Sunrisers Hyderabad,67,,,,,all-rounder,,derived:role_from_usage/v1,0.95,false
S Kotte,6c8904c8,female,United Arab Emirates,67,,,,,bowler,,derived:role_from_usage/v1,0.95,false
C Madande,3560a786,male,Zimbabwe,67,,,,,wicketkeeper-batter,yes,derived:role_from_usage/v1 | derived:keeper_inference_aggregate/v1,0.95 | 0.79,false
N Vare,20ace887,female,Papua New Guinea,67,,,,,batter,,derived:role_from_usage/v1,0.95,false
M Pathirana,64839cb3,male,Chennai Super Kings;Kolkata Knight Riders;Sri Lanka,67,,,,,bowler,,derived:role_from_usage/v1,0.95,false
V Saini,0fa81719,male,Romania,67,,,,,all-rounder,,derived:role_from_usage/v1,0.95,false
Shamima Sultana,724645f5,female,Bangladesh,67,,,,,batter,yes,derived:role_from_usage/v1 | derived:keeper_inference_aggregate/v1,0.95 | 0.7,false
Nurul Hasan,d365d463,male,Bangladesh,67,,,,,wicketkeeper-batter,yes,derived:role_from_usage/v1 | derived:keeper_inference_aggregate/v1,0.95 | 0.81,false
P Simran Singh,9418198b,male,Kings XI Punjab;Punjab Kings,66,,,,,wicketkeeper-batter,yes,derived:role_from_usage/v1 | derived:keeper_inference_aggregate/v1,0.95 | 0.72,false
Naseem Shah,9c9af282,male,Pakistan,66,,,,,bowler,,derived:role_from_usage/v1,0.95,false
A Badoni,872b03f7,male,Lucknow Super Giants,66,,,,,batter,,derived:role_from_usage/v1,0.95,false
P Molkenboer,fa9db243,female,Netherlands,66,,,,,batting all-rounder,,derived:role_from_usage/v1,0.95,false
AT Nidamanuru,a319edf8,male,Netherlands,66,,,,,batter,,derived:role_from_usage/v1,0.95,false
C Uwase,808bb510,female,Rwanda,66,,,,,batter,,derived:role_from_usage/v1,0.95,false
Nasir Jamshed,4c4a06fb,male,Pakistan,66,,,,,batter,,derived:role_from_usage/v1,0.95,false
P Alako,fcf37e14,female,Uganda,66,,,,,batter,,derived:role_from_usage/v1,0.95,false
CJ McKay,94eac556,male,Australia;Mumbai Indians,66,,,,,bowler,,derived:role_from_usage/v1,0.95,false
KADA Kanchana,4ac6664d,female,Sri Lanka,66,,,,,bowler,,derived:role_from_usage/v1,0.95,false
Naved-ul-Hasan,33f28243,male,Pakistan,65,,,,,bowler,,derived:role_from_usage/v1,0.95,false
P Kurup,50ceaef6,male,Bahrain,65,,,,,batter,yes,derived:role_from_usage/v1 | derived:keeper_inference_aggregate/v1,0.95 | 0.66,false
Khawar Ali,934b36a6,male,Oman,65,,,,,all-rounder,,derived:role_from_usage/v1,0.95,false
FC Jonas,6df697a9,female,New Zealand,65,,,,,bowler,,derived:role_from_usage/v1,0.95,false
Aftab Ahmed,53bc7b84,male,Bangladesh,65,,,,,batting all-rounder,,derived:role_from_usage/v1,0.95,false
Ruchitha Venkatesh,106135f5,female,Hong Kong,65,,,,,bowler,,derived:role_from_usage/v1,0.95,false
Fiaz Ahmed,df1f2f29,male,Bahrain,65,,,,,batter,,derived:role_from_usage/v1,0.95,false
FA Allen,b52ffbbd,male,Mumbai Indians;Punjab Kings;West Indies,65,,,,,bowler,,derived:role_from_usage/v1,0.95,false
Chan Ka Man,c4022bff,female,Hong Kong,65,,,,,bowler,,derived:role_from_usage/v1,0.95,false
WGAKK Kulasuriya,550373ea,female,Sri Lanka,65,,,,,bowler,,derived:role_from_usage/v1,0.95,false
K Joshi,0cd297b9,female,Nepal,65,,,,,batting all-rounder,,derived:role_from_usage/v1,0.95,false
L Keny,aea89d48,female,United Arab Emirates,65,,,,,batter,,derived:role_from_usage/v1,0.95,false
B Shikongo,c26cd57a,male,Namibia,65,,,,,bowler,,derived:role_from_usage/v1,0.95,false
Anamul Haque,72b245dd,male,Bangladesh,65,,,,,batter,occasional,derived:role_from_usage/v1 | derived:keeper_inference_aggregate/v1,0.95 | 0.61,false
KT Perkins,78ad3258,female,New Zealand,65,,,,,batter,,derived:role_from_usage/v1,0.95,false
M Shahrukh Khan,7dcb9bc9,male,Gujarat Titans;Punjab Kings,64,,,,,batter,,derived:role_from_usage/v1,0.95,false
Asmavia Iqbal,98dfe425,female,Pakistan,64,,,,,all-rounder,,derived:role_from_usage/v1,0.95,false
V Hamunyela,d758a366,female,Namibia,64,,,,,bowler,,derived:role_from_usage/v1,0.95,false
Chirag Suri,6176f240,male,United Arab Emirates,64,,,,,batter,,derived:role_from_usage/v1,0.95,false
I Udana,ac5ae4af,male,Royal Challengers Bangalore;Sri Lanka,64,,,,,bowler,,derived:role_from_usage/v1,0.95,false
CA Lynn,45eda7c8,male,Australia;Deccan Chargers;Kolkata Knight Riders;Mumbai Indians,64,,,,,batter,,derived:role_from_usage/v1,0.95,false
Aamir Kaleem,7ecb9a14,male,Oman,64,,,,,all-rounder,,derived:role_from_usage/v1,0.95,false
Meet Bhavsar,b25a3800,male,Kuwait,64,,,,,batting all-rounder,yes,derived:role_from_usage/v1 | derived:keeper_inference_aggregate/v1,0.95 | 0.62,false
RM Koda,f0a45427,male,Indonesia,64,,,,,bowler,,derived:role_from_usage/v1,0.95,false
Puja Mahato,4b95058b,female,Nepal,64,,,,,all-rounder,,derived:role_from_usage/v1,0.95,false
Sandeep Goud,4e1c9f6e,male,Oman,64,,,,,batter,,derived:role_from_usage/v1,0.95,false
MADD Surangika,3f440bd6,female,Sri Lanka,64,,,,,wicketkeeper-batter,yes,derived:role_from_usage/v1 | derived:keeper_inference_aggregate/v1,0.95 | 0.78,false
D Pretorius,11614d87,male,Chennai Super Kings;South Africa,64,,,,,all-rounder,,derived:role_from_usage/v1,0.95,false
S Samarawickrama,9ab2914d,male,Sri Lanka,64,,,,,batter,yes,derived:role_from_usage/v1 | derived:keeper_inference_aggregate/v1,0.95 | 0.64,false
Simi Singh,c9945bdf,male,Ireland,64,,,,,bowler,,derived:role_from_usage/v1,0.95,false
S Singh,612a395c,male,Kenya,64,,,,,wicketkeeper-batter,yes,derived:role_from_usage/v1 | derived:keeper_inference_aggregate/v1,0.95 | 0.87,false
SR Mukkamalla,156d0ea2,male,United States of America,64,,,,,batter,,derived:role_from_usage/v1,0.95,false
B Cooper,ac0edb42,female,West Indies,64,,,,,batter,,derived:role_from_usage/v1,0.95,false
RN ten Doeschate,4ec07775,male,Kolkata Knight Riders;Netherlands,63,,,,,all-rounder,,derived:role_from_usage/v1,0.95,false
I Danladi,c156cc1f,male,Nigeria,63,,,,,batting all-rounder,,derived:role_from_usage/v1,0.95,false
I Nandakumar,9f87d0f0,female,United Arab Emirates,63,,,,,bowler,,derived:role_from_usage/v1,0.95,false
CN Greaves,f42064d5,male,Scotland,63,,,,,bowler,,derived:role_from_usage/v1,0.95,false
Bilal Zalmai,33b67317,male,Austria,63,,,,,all-rounder,,derived:role_from_usage/v1,0.95,false
RP Arnold,cccdde80,male,Sri Lanka,63,,,,,batting all-rounder,,derived:role_from_usage/v1,0.95,false
Rosine Irera,b84718fd,female,Rwanda,63,,,,,bowler,,derived:role_from_usage/v1,0.95,false
M Mwatile,92b9e9af,female,Namibia,63,,,,,batting all-rounder,,derived:role_from_usage/v1,0.95,false
AM Nayar,a45a5e8d,male,India;Kings XI Punjab;Mumbai Indians;Pune Warriors;Rajasthan Royals,63,,,,,batting all-rounder,,derived:role_from_usage/v1,0.95,false
A Nel,2503e881,male,Mumbai Indians;South Africa,63,,,,,bowler,,derived:role_from_usage/v1,0.95,false
EAJ Richardson,50ee0500,female,Ireland,63,,,,,all-rounder,,derived:role_from_usage/v1,0.95,false
S Tippoch,9c4b58db,female,Thailand,63,,,,,all-rounder,,derived:role_from_usage/v1,0.95,false
JW Dernbach,7be8a0ed,male,England;Italy,63,,,,,bowler,,derived:role_from_usage/v1,0.95,false
T Panyangara,3b417422,male,Zimbabwe,63,,,,,bowler,,derived:role_from_usage/v1,0.95,false
LE Kaushalya,8b552293,female,Sri Lanka,63,,,,,all-rounder,,derived:role_from_usage/v1,0.95,false
Zubaidi Zulkifle,dca8273d,male,Malaysia,63,,,,,batter,,derived:role_from_usage/v1,0.95,false
Nain Abidi,5486d41f,female,Pakistan,63,,,,,batter,,derived:role_from_usage/v1,0.95,false
F Nsubuga,87e33d07,male,Uganda,63,,,,,bowler,,derived:role_from_usage/v1,0.95,false
LS Greenway,923b0e02,female,England,63,,,,,batter,,derived:role_from_usage/v1,0.95,false
P Aho,2e392afa,male,Nigeria,63,,,,,bowler,,derived:role_from_usage/v1,0.95,false
B Murekatete,2d4317da,female,Rwanda,63,,,,,bowler,,derived:role_from_usage/v1,0.95,false
N Pradeep,2af838ee,male,Sri Lanka,63,,,,,bowler,,derived:role_from_usage/v1,0.95,false
N Shree Charani,583ce32c,female,Delhi Capitals;India,63,,,,,bowler,,derived:role_from_usage/v1,0.95,false
A Bohara,64fb6b15,male,Nepal,62,,,,,bowler,,derived:role_from_usage/v1,0.95,false
Ainool Hafizs,1bada9da,male,Malaysia,62,,,,,wicketkeeper-batter,yes,derived:role_from_usage/v1 | derived:keeper_inference_aggregate/v1,0.95 | 0.84,false
P Marange,a4f1fdd4,female,Zimbabwe,62,,,,,bowler,,derived:role_from_usage/v1,0.95,false
NS Dhaliwal,cbabd6ad,male,Canada,62,,,,,batter,,derived:role_from_usage/v1,0.95,false
Nasum Ahmed,37654b75,male,Bangladesh,62,,,,,bowler,,derived:role_from_usage/v1,0.95,false
Muhammad Amir,60bec5c3,male,Malaysia,62,,,,,batting all-rounder,,derived:role_from_usage/v1,0.95,false
Nasrulla Rana,9ffb7550,male,Hong Kong,62,,,,,bowler,,derived:role_from_usage/v1,0.95,false
Khushi Sharma,a259c414,female,United Arab Emirates,62,,,,,all-rounder,,derived:role_from_usage/v1,0.95,false
Mohammad Sami,68ddabdb,male,Pakistan,62,,,,,bowler,,derived:role_from_usage/v1,0.95,false
Mukesh Kumar,2cffab74,male,Delhi Capitals;India,62,,,,,bowler,,derived:role_from_usage/v1,0.95,false
Harshit Rana,77b1aa15,male,India;Kolkata Knight Riders,61,,,,,bowler,,derived:role_from_usage/v1,0.95,false
B Sai Sudharsan,d5130a30,male,Gujarat Titans;India,61,,,,,batter,,derived:role_from_usage/v1,0.95,false
MB Kruger,c51add25,male,Namibia,61,,,,,batter,,derived:role_from_usage/v1,0.95,false
VR Aaron,0a3d54b9,male,Delhi Daredevils;Gujarat Titans;India;Kings XI Punjab;Rajasthan Royals;Royal Challengers Bangalore,61,,,,,bowler,,derived:role_from_usage/v1,0.95,false
L Jack,e565ceb7,female,Scotland,61,,,,,batter,,derived:role_from_usage/v1,0.95,false
EJ Carson,7693851c,female,New Zealand,61,,,,,bowler,,derived:role_from_usage/v1,0.95,false
BN Cooper,634a7b21,male,Netherlands,61,,,,,batter,,derived:role_from_usage/v1,0.95,false
RJ Harris,12eddf28,male,Australia;Deccan Chargers;Kings XI Punjab,61,,,,,bowler,,derived:role_from_usage/v1,0.95,false
MP Vaughan,6e1b1ec0,male,England,61,,,,,batting all-rounder,,derived:role_from_usage/v1,0.95,false
Samjhana Khadka,765a2354,female,Nepal,61,,,,,batter,,derived:role_from_usage/v1,0.95,false
JC Tredwell,49b6c09f,male,England,61,,,,,bowler,,derived:role_from_usage/v1,0.95,false
SA Abbott,1a2676c5,male,Australia;Royal Challengers Bangalore;Sunrisers Hyderabad,61,,,,,bowler,,derived:role_from_usage/v1,0.95,false
Dhruv Jurel,bcf325d2,male,India;Rajasthan Royals,61,,,,,wicketkeeper-batter,yes,derived:role_from_usage/v1 | derived:keeper_inference_aggregate/v1,0.95 | 0.75,false
AR Nurse,4a745f65,male,West Indies,61,,,,,bowler,,derived:role_from_usage/v1,0.95,false
P Useni,71fa64d6,male,Nigeria,61,,,,,bowler,,derived:role_from_usage/v1,0.95,false
Naeem Islam,02e83ac5,male,Bangladesh,61,,,,,all-rounder,,derived:role_from_usage/v1,0.95,false
D Hemalatha,1d6ff329,female,Gujarat Giants;India;Royal Challengers Bengaluru,60,,,,,batting all-rounder,,derived:role_from_usage/v1,0.95,false
Z James,816af623,female,West Indies,60,,,,,all-rounder,,derived:role_from_usage/v1,0.95,false
M Musonda,94b52754,female,Zimbabwe,60,,,,,batter,,derived:role_from_usage/v1,0.95,false
II Selemani,b2dadc51,male,Tanzania,60,,,,,batter,,derived:role_from_usage/v1,0.95,false
EN Lynch,4d35d0b3,female,Netherlands,60,,,,,bowler,,derived:role_from_usage/v1,0.95,false
L Mophakedi,c8cdbb92,female,Botswana,60,,,,,wicketkeeper-batter,yes,derived:role_from_usage/v1 | derived:keeper_inference_aggregate/v1,0.95 | 0.97,false
Fawad Alam,61f05b05,male,Pakistan,60,,,,,batting all-rounder,,derived:role_from_usage/v1,0.95,false
S Kaul,dcf81436,male,Delhi Daredevils;India;Royal Challengers Bangalore;Sunrisers Hyderabad,60,,,,,bowler,,derived:role_from_usage/v1,0.95,false
RS Williams,406de451,female,West Indies,60,,,,,batter,yes,derived:role_from_usage/v1 | derived:keeper_inference_aggregate/v1,0.95 | 0.7,false
B Evans,e7e86505,male,Zimbabwe,60,,,,,bowler,,derived:role_from_usage/v1,0.95,false
S Badree,76388dc8,male,Chennai Super Kings;ICC World XI;Rajasthan Royals;Royal Challengers Bangalore;West Indies,60,,,,,bowler,,derived:role_from_usage/v1,0.95,false
Iftikhar Anjum,6adf9347,male,Pakistan,59,,,,,bowler,,derived:role_from_usage/v1,0.95,false
S Akiteng,cf92d76b,female,Uganda,59,,,,,bowler,,derived:role_from_usage/v1,0.95,false
PBB Rajapaksa,6c882e9a,male,Punjab Kings;Sri Lanka,59,,,,,batter,,derived:role_from_usage/v1,0.95,false
SM Kavanagh,7e9b3b60,female,Ireland,59,,,,,batter,occasional,derived:role_from_usage/v1 | derived:keeper_inference_aggregate/v1,0.95 | 0.61,false
KU Carty,6020a3c6,male,West Indies,59,,,,,batter,,derived:role_from_usage/v1,0.95,false
HR Walsh,1ac2a995,male,United States of America;West Indies,59,,,,,bowler,,derived:role_from_usage/v1,0.95,false
A Shukla,a1e80d06,male,Hong Kong,59,,,,,bowler,,derived:role_from_usage/v1,0.95,false
KM Jarvis,59792462,male,Zimbabwe,59,,,,,bowler,,derived:role_from_usage/v1,0.95,false
SB Jakati,c8179c68,male,Chennai Super Kings;Gujarat Lions;Royal Challengers Bangalore,59,,,,,bowler,,derived:role_from_usage/v1,0.95,false
Bilal Tahir,3cf06094,male,Kuwait,59,,,,,batter,,derived:role_from_usage/v1,0.95,false
S Prasanna,f78e7113,male,Sri Lanka,59,,,,,bowler,,derived:role_from_usage/v1,0.95,false
Mohammad Wasim,9e9af5f2,male,Pakistan,59,,,,,bowler,,derived:role_from_usage/v1,0.95,false
R Chopra,a71d0f89,male,United Arab Emirates,59,,,,,batter,occasional,derived:role_from_usage/v1 | derived:keeper_inference_aggregate/v1,0.95 | 0.61,false
AR Cusack,568e5a4a,male,Ireland,59,,,,,bowler,,derived:role_from_usage/v1,0.95,false
SN Khan,f088b960,male,Chennai Super Kings;Delhi Capitals;Kings XI Punjab;Punjab Kings;Royal Challengers Bangalore,58,,,,,batter,,derived:role_from_usage/v1,0.95,false
Haider Butt,14fd10b5,male,Bahrain,58,,,,,batter,,derived:role_from_usage/v1,0.95,false
Vraj Patel,2af28253,male,Kenya,58,,,,,bowler,,derived:role_from_usage/v1,0.95,false
NK Patel,c6e10e5c,male,United States of America,58,,,,,bowler,,derived:role_from_usage/v1,0.95,false
Mohammad Rafique,7ff3fcaa,male,Asia XI;Bangladesh,58,,,,,bowler,,derived:role_from_usage/v1,0.95,false
I Ntirenganya,e73f6c4b,male,Rwanda,58,,,,,bowler,,derived:role_from_usage/v1,0.95,false
RM Patidar,c740ea83,male,India;Royal Challengers Bangalore;Royal Challengers Bengaluru,58,,,,,batter,,derived:role_from_usage/v1,0.95,false
CD McMillan,f5390243,male,New Zealand,58,,,,,batting all-rounder,,derived:role_from_usage/v1,0.95,false
SA Jumbe,91056862,male,Tanzania,58,,,,,all-rounder,,derived:role_from_usage/v1,0.95,false
Harmeet Singh,0bf15e52,male,Rajasthan Royals;United States of America,58,,,,,all-rounder,,derived:role_from_usage/v1,0.95,false
AR Ramjani,30d8136b,male,Uganda,58,,,,,all-rounder,,derived:role_from_usage/v1,0.95,false
Usman Patel,415c6ccf,male,Kuwait,58,,,,,wicketkeeper-batter,yes,derived:role_from_usage/v1 | derived:keeper_inference_aggregate/v1,0.95 | 0.97,false
SS Weerakkody,5f862ccd,female,Sri Lanka,58,,,,,bowler,,derived:role_from_usage/v1,0.95,false
E Bisht,705489eb,female,India;Royal Challengers Bangalore;Royal Challengers Bengaluru,57,,,,,bowler,,derived:role_from_usage/v1,0.95,false
BM Duckett,5f26f677,male,England,57,,,,,batter,,derived:role_from_usage/v1,0.95,false
Haris Sohail,7cd0a092,male,Pakistan,57,,,,,batting all-rounder,,derived:role_from_usage/v1,0.95,false
Shayan Jahangir,571e1d2a,male,United States of America,57,,,,,batter,yes,derived:role_from_usage/v1 | derived:keeper_inference_aggregate/v1,0.95 | 0.68,false
JF Mooney,aae9ce90,male,Ireland,57,,,,,bowler,,derived:role_from_usage/v1,0.95,false
PG Fulton,10a2a1ff,male,New Zealand,57,,,,,batter,,derived:role_from_usage/v1,0.95,false
P Siaka,595433d2,female,Papua New Guinea,57,,,,,all-rounder,,derived:role_from_usage/v1,0.95,false
I Toua,83cde44d,female,Papua New Guinea,57,,,,,bowler,,derived:role_from_usage/v1,0.95,false
T van der Gugten,d99cc23a,male,Netherlands,57,,,,,bowler,,derived:role_from_usage/v1,0.95,false
AJ Hall,6b0c3a20,male,South Africa,57,,,,,bowler,,derived:role_from_usage/v1,0.95,false
E Van Zyl,79ff52b5,female,Namibia,57,,,,,batter,,derived:role_from_usage/v1,0.95,false
KMA Paul,75224f22,male,Delhi Capitals;West Indies,57,,,,,bowler,,derived:role_from_usage/v1,0.95,false
B Rawal,4d1cc284,female,Nepal,57,,,,,batter,,derived:role_from_usage/v1,0.95,false
DEM Carter,c3394c16,female,Scotland,57,,,,,all-rounder,,derived:role_from_usage/v1,0.95,false
SK Warne,bb18be76,male,Australia;Rajasthan Royals,57,,,,,bowler,,derived:role_from_usage/v1,0.95,false
L Vincent,2764133a,male,New Zealand,57,,,,,batter,,derived:role_from_usage/v1,0.95,false
Sadia Yousuf,3cfbddce,female,Pakistan,57,,,,,bowler,,derived:role_from_usage/v1,0.95,false
FJ Klaassen,c042b412,male,Netherlands,57,,,,,bowler,,derived:role_from_usage/v1,0.95,false
M Vohra,c03e2850,male,Kings XI Punjab;Lucknow Super Giants;Rajasthan Royals;Royal Challengers Bangalore,56,,,,,batter,,derived:role_from_usage/v1,0.95,false
Tuba Hassan,0d56e9a5,female,Pakistan,56,,,,,bowler,,derived:role_from_usage/v1,0.95,false
AC Evans,e9a870ed,male,Scotland,56,,,,,bowler,,derived:role_from_usage/v1,0.95,false
S Movva,ee229588,male,Canada,56,,,,,wicketkeeper-batter,yes,derived:role_from_usage/v1 | derived:keeper_inference_aggregate/v1,0.95 | 0.91,false
Amna Tariq,44b53fba,female,Kuwait,56,,,,,all-rounder,,derived:role_from_usage/v1,0.95,false
C Chatphaisan,85c56be8,male,Thailand,56,,,,,batter,,derived:role_from_usage/v1,0.95,false
L Little,4f86926b,female,Ireland,56,,,,,batting all-rounder,,derived:role_from_usage/v1,0.95,false
RR Powar,5d096f3d,male,India;Kings XI Punjab;Kochi Tuskers Kerala,56,,,,,bowler,,derived:role_from_usage/v1,0.95,false
Karanbir Singh,6a97c7a4,male,Austria,56,,,,,batting all-rounder,,derived:role_from_usage/v1,0.95,false
S Mtae,bb641155,female,Tanzania,56,,,,,batter,,derived:role_from_usage/v1,0.95,false
Shoaib Khan,21afb939,male,Oman,56,,,,,batter,,derived:role_from_usage/v1,0.95,false
Abrar Ahmed,abb7c76c,male,Pakistan,56,,,,,bowler,,derived:role_from_usage/v1,0.95,false
Pargat Singh,d2e67105,male,Canada,56,,,,,batting all-rounder,,derived:role_from_usage/v1,0.95,false
Shaiman Anwar,e9630504,male,United Arab Emirates,56,,,,,batter,,derived:role_from_usage/v1,0.95,false
G Singh,e93b6c95,male,Suriname;United States of America,56,,,,,batting all-rounder,,derived:role_from_usage/v1,0.95,false
Muslim Yar,37d8d19a,male,Germany,56,,,,,bowler,,derived:role_from_usage/v1,0.95,false
E Iloku,f1fa1c6b,female,Uganda,55,,,,,batter,yes,derived:role_from_usage/v1 | derived:keeper_inference_aggregate/v1,0.95 | 0.7,false
Imran Khan,da3b91fd,male,Bahrain,55,,,,,bowler,,derived:role_from_usage/v1,0.95,false
MW Short,a90e53ec,male,Australia;Chennai Super Kings;Punjab Kings,55,,,,,batting all-rounder,,derived:role_from_usage/v1,0.95,false
M Daniels,16443d2f,female,South Africa,55,,,,,bowler,,derived:role_from_usage/v1,0.95,false
PZ Kamunya,6e60bbe2,female,Tanzania,55,,,,,all-rounder,,derived:role_from_usage/v1,0.95,false
Khizar Hayat,78bbeba1,male,Malaysia,55,,,,,all-rounder,,derived:role_from_usage/v1,0.95,false
S Khiaoto,3ac854ca,female,Thailand,55,,,,,batter,yes,derived:role_from_usage/v1 | derived:keeper_inference_aggregate/v1,0.95 | 0.62,false
M Uwase,7d6ce83f,female,Rwanda,55,,,,,wicketkeeper-batter,yes,derived:role_from_usage/v1 | derived:keeper_inference_aggregate/v1,0.95 | 0.84,false
M Manhas,c42aaf71,male,Chennai Super Kings;Delhi Daredevils;Pune Warriors,55,,,,,batter,,derived:role_from_usage/v1,0.95,false
K Irakoze,9ccb6e52,male,Rwanda,55,,,,,all-rounder,,derived:role_from_usage/v1,0.95,false
PJ Moor,a1d3540a,male,Zimbabwe,55,,,,,batter,occasional,derived:role_from_usage/v1 | derived:keeper_inference_aggregate/v1,0.95 | 0.61,false
EA Osborne,fe731c62,female,Australia,55,,,,,bowler,,derived:role_from_usage/v1,0.95,false
Chaya Mughal,77b26349,female,United Arab Emirates,55,,,,,all-rounder,yes,derived:role_from_usage/v1 | derived:keeper_inference_aggregate/v1,0.95 | 0.63,false
AA Obanda,7081491e,male,Kenya,55,,,,,batter,,derived:role_from_usage/v1,0.95,false
TU Deshpande,46a9bea1,male,Chennai Super Kings;Delhi Capitals;India;Rajasthan Royals,55,,,,,bowler,,derived:role_from_usage/v1,0.95,false
VP Thamotharam,eb40ed89,male,Malta,55,,,,,all-rounder,,derived:role_from_usage/v1,0.95,false
H Hotchandani,f537d39c,female,United Arab Emirates,55,,,,,all-rounder,,derived:role_from_usage/v1,0.95,false
PG Raut,4958ad5f,female,India,55,,,,,batter,,derived:role_from_usage/v1,0.95,false
HMD Rasangika,d6f9dfd6,female,Bahrain;Sri Lanka,55,,,,,batting all-rounder,,derived:role_from_usage/v1,0.95,false
KD Shah,d5ae21a2,male,Hong Kong,55,,,,,batting all-rounder,,derived:role_from_usage/v1,0.95,false
T Tshose,18ae55e4,male,Botswana,55,,,,,batting all-rounder,,derived:role_from_usage/v1,0.95,false
CP Rizwan,e5309baa,male,United Arab Emirates,55,,,,,batter,,derived:role_from_usage/v1,0.95,false
N Senamontree,44e00a4c,male,Thailand,55,,,,,bowler,,derived:role_from_usage/v1,0.95,false
Khadija Khalil,7c61a686,female,Kuwait,54,,,,,batting all-rounder,yes,derived:role_from_usage/v1 | derived:keeper_inference_aggregate/v1,0.95 | 0.65,false
M Mooketsi,008a024c,male,Botswana,54,,,,,bowler,,derived:role_from_usage/v1,0.95,false
RN Patel,db1bf9c2,male,Kenya,54,,,,,batter,,derived:role_from_usage/v1,0.95,false
Yasin Patel,ecdd8d60,male,Kuwait,54,,,,,bowler,,derived:role_from_usage/v1,0.95,false
Shashank Singh,26989d80,male,Punjab Kings;Sunrisers Hyderabad,54,,,,,batter,,derived:role_from_usage/v1,0.95,false
Mariamma Hyder,c8ae2573,female,Kuwait,54,,,,,bowler,,derived:role_from_usage/v1,0.95,false
SR Bhudia,e9173fb0,male,Kenya,54,,,,,batting all-rounder,,derived:role_from_usage/v1,0.95,false
SIP Fernando,5838cb64,female,Sri Lanka,54,,,,,bowler,,derived:role_from_usage/v1,0.95,false
B Bhandari,82342b13,male,Nepal,54,,,,,wicketkeeper-batter,yes,derived:role_from_usage/v1 | derived:keeper_inference_aggregate/v1,0.95 | 0.9,false
DT Johnston,e01895bb,male,Ireland,54,,,,,bowler,,derived:role_from_usage/v1,0.95,false
G Matome,a6898f7a,female,Botswana,54,,,,,all-rounder,,derived:role_from_usage/v1,0.95,false
I van Zyl,44c3cb6d,female,Namibia,54,,,,,all-rounder,,derived:role_from_usage/v1,0.95,false
T Shadrack,6d972d02,female,Botswana,54,,,,,all-rounder,,derived:role_from_usage/v1,0.95,false
Hiu Ying Cheung,9efce9fd,female,Hong Kong,54,,,,,wicketkeeper-batter,yes,derived:role_from_usage/v1 | derived:keeper_inference_aggregate/v1,0.95 | 0.78,false
CA Ingram,c995d726,male,Delhi Capitals;Delhi Daredevils;South Africa,54,,,,,batter,,derived:role_from_usage/v1,0.95,false
E Dusingizimana,c15e7ba4,male,Rwanda,54,,,,,batter,,derived:role_from_usage/v1,0.95,false
IA Karim,ca92a578,male,Kenya,54,,,,,wicketkeeper-batter,yes,derived:role_from_usage/v1 | derived:keeper_inference_aggregate/v1,0.95 | 0.93,false
UT Khawaja,331ea488,male,Australia;Rising Pune Supergiants,54,,,,,batter,,derived:role_from_usage/v1,0.95,false
Mohammad Naveed,4861d29b,male,United Arab Emirates,54,,,,,bowler,,derived:role_from_usage/v1,0.95,false
Milind Kumar,b4296080,male,United States of America,53,,,,,all-rounder,,derived:role_from_usage/v1,0.95,false
KJ Abbott,a9da7784,male,Kings XI Punjab;South Africa,53,,,,,bowler,,derived:role_from_usage/v1,0.95,false
Priyada Murali,f4b942ae,female,Kuwait,53,,,,,batting all-rounder,,derived:role_from_usage/v1,0.95,false
Taranjeet Singh,ec483176,male,Romania,53,,,,,all-rounder,,derived:role_from_usage/v1,0.95,false
JW Jenner,32a8161e,male,Jersey,53,,,,,batter,,derived:role_from_usage/v1,0.95,false
FC Wilson,a28132bd,female,England,53,,,,,batter,,derived:role_from_usage/v1,0.95,false
A Mokgotlhe,781f1a40,female,Botswana,53,,,,,all-rounder,,derived:role_from_usage/v1,0.95,false
Maria Jasvi,4bed6af7,female,Kuwait,53,,,,,bowler,,derived:role_from_usage/v1,0.95,false
HM Omary,2cbe5db1,female,Tanzania,53,,,,,batter,,derived:role_from_usage/v1,0.95,false
NM Hauritz,8ea6e670,male,Australia,53,,,,,bowler,,derived:role_from_usage/v1,0.95,false
Raqibul Hasan,17efdeb8,male,Bangladesh,53,,,,,batter,,derived:role_from_usage/v1,0.95,false
Mohammad Asif,e03b66ec,male,Asia XI;Delhi Daredevils;Pakistan,53,,,,,bowler,,derived:role_from_usage/v1,0.95,false
Sohaib Maqsood,b98b5e1c,male,Pakistan,53,,,,,batter,,derived:role_from_usage/v1,0.95,false
A Johnson,a28a7fba,male,Canada,53,,,,,batter,,derived:role_from_usage/v1,0.95,false
RH Priest,e6f0408a,female,New Zealand,53,,,,,wicketkeeper-batter,yes,derived:role_from_usage/v1 | derived:keeper_inference_aggregate/v1,0.95 | 0.74,false
H Hiri,9dc3ea7e,male,Papua New Guinea,53,,,,,batter,,derived:role_from_usage/v1,0.95,false
T Munyonga,fbcfa528,male,Zimbabwe,53,,,,,batter,,derived:role_from_usage/v1,0.95,false
P Mishra,3fa5672e,male,Bulgaria,53,,,,,all-rounder,,derived:role_from_usage/v1,0.95,false
Junaid Siddique,62e203d4,male,Bangladesh,53,,,,,batter,,derived:role_from_usage/v1,0.95,false
S Gopal,7a8bd078,male,Mumbai Indians;Rajasthan Royals;Sunrisers Hyderabad,52,,,,,bowler,,derived:role_from_usage/v1,0.95,false
Jaker Ali,cd56a813,male,Bangladesh,52,,,,,batter,yes,derived:role_from_usage/v1 | derived:keeper_inference_aggregate/v1,0.95 | 0.68,false
L Bruce,2a03bd2f,male,Gibraltar,52,,,,,all-rounder,,derived:role_from_usage/v1,0.95,false
VD Adewoye,45a34a2d,male,Nigeria,52,,,,,batting all-rounder,,derived:role_from_usage/v1,0.95,false
SR Patel,18fac429,male,England,52,,,,,all-rounder,,derived:role_from_usage/v1,0.95,false
Azhar Ali,211de69f,male,Pakistan,52,,,,,batting all-rounder,,derived:role_from_usage/v1,0.95,false
NN Odhiambo,753b5a2d,male,Kenya,52,,,,,all-rounder,,derived:role_from_usage/v1,0.95,false
I Takahashi,c988daa1,male,Japan,52,,,,,all-rounder,,derived:role_from_usage/v1,0.95,false
Shahriar Nafees,b9c225c2,male,Bangladesh,52,,,,,batter,,derived:role_from_usage/v1,0.95,false
OC McCoy,529eb9e0,male,Rajasthan Royals;West Indies,52,,,,,bowler,,derived:role_from_usage/v1,0.95,false
RS Morton,2f8a9682,male,West Indies,52,,,,,batter,,derived:role_from_usage/v1,0.95,false
Aina Najwa,31453abb,female,Malaysia,52,,,,,wicketkeeper-batter,yes,derived:role_from_usage/v1 | derived:keeper_inference_aggregate/v1,0.95 | 0.79,false
K Motlanka,21549344,male,Botswana,52,,,,,batting all-rounder,yes,derived:role_from_usage/v1 | derived:keeper_inference_aggregate/v1,0.95 | 0.63,false
K Goud,4d622fee,female,India;UP Warriorz,52,,,,,bowler,,derived:role_from_usage/v1,0.95,false
S Thakor,0848ac5f,male,Tanzania,52,,,,,all-rounder,,derived:role_from_usage/v1,0.95,false
R Satheesan,1125ebe4,male,Romania,52,,,,,batting all-rounder,,derived:role_from_usage/v1,0.95,false
Navdeep Saini,21d4e29b,male,India;Kolkata Knight Riders;Rajasthan Royals;Royal Challengers Bangalore,52,,,,,bowler,,derived:role_from_usage/v1,0.95,false
B Masaba,f33cfd25,male,Uganda,52,,,,,batting all-rounder,,derived:role_from_usage/v1,0.95,false
CBRLS Kumara,4751caa3,male,Sri Lanka,52,,,,,bowler,,derived:role_from_usage/v1,0.95,false
JT Brassell,537021f5,male,Namibia,52,,,,,bowler,,derived:role_from_usage/v1,0.95,false
R Abdulkareem,b9e07e44,male,Nigeria,52,,,,,bowler,,derived:role_from_usage/v1,0.95,false
A Suwanchonrathi,43a2244f,female,Thailand,52,,,,,batter,,derived:role_from_usage/v1,0.95,false
CW Perchard,9f998ed8,male,Jersey,52,,,,,bowler,,derived:role_from_usage/v1,0.95,false
PADLR Sandakan,79aad751,male,Sri Lanka,51,,,,,bowler,,derived:role_from_usage/v1,0.95,false
VJ Kingma,3a7ea906,male,Netherlands,51,,,,,bowler,,derived:role_from_usage/v1,0.95,false
Habibul Bashar,e74ad9ea,male,Bangladesh,51,,,,,batter,,derived:role_from_usage/v1,0.95,false
K Vijayaraghavan,048da365,female,Germany,51,,,,,wicketkeeper-batter,yes,derived:role_from_usage/v1 | derived:keeper_inference_aggregate/v1,0.95 | 0.97,false
J Butler,efcb778e,male,Guernsey;Isle of Man,51,,,,,batting all-rounder,,derived:role_from_usage/v1,0.95,false
M Syahadat Ramli,5efa8af3,male,Malaysia,51,,,,,batter,,derived:role_from_usage/v1,0.95,false
K Kadowaki-Fleming,33290a80,male,Japan,51,,,,,batter,,derived:role_from_usage/v1,0.95,false
Noor Ahmad,efc04be7,male,Chennai Super Kings;Gujarat Titans,51,,,,,bowler,,derived:role_from_usage/v1,0.95,false
NO Miller,ea3ffd1b,male,West Indies,51,,,,,bowler,,derived:role_from_usage/v1,0.95,false
SJ Myburgh,18261c22,male,Netherlands,51,,,,,batter,,derived:role_from_usage/v1,0.95,false
T Banton,25f7b7d6,male,England;Kolkata Knight Riders,51,,,,,batter,,derived:role_from_usage/v1,0.95,false
P Negi,f62772e5,male,Chennai Super Kings;Delhi Daredevils;India;Royal Challengers Bangalore,51,,,,,all-rounder,,derived:role_from_usage/v1,0.95,false
J Overton,59559bc2,male,Chennai Super Kings;England,51,,,,,bowler,,derived:role_from_usage/v1,0.95,false
Tanzim Hasan Sakib,0b0cc297,male,Bangladesh,51,,,,,bowler,,derived:role_from_usage/v1,0.95,false
PW Borren,91052c96,male,Netherlands,51,,,,,all-rounder,,derived:role_from_usage/v1,0.95,false
Khushdil Shah,fce581b5,male,Pakistan,51,,,,,batting all-rounder,,derived:role_from_usage/v1,0.95,false
S Ravichandran,9f2be73d,male,Japan,51,,,,,all-rounder,,derived:role_from_usage/v1,0.95,false
Imran Farhat,480ed517,male,Pakistan,51,,,,,batter,,derived:role_from_usage/v1,0.95,false
Ali Naseer,f5715b48,male,United Arab Emirates,51,,,,,all-rounder,,derived:role_from_usage/v1,0.95,false
HJ Thomas,a3034d3d,female,Papua New Guinea,51,,,,,all-rounder,,derived:role_from_usage/v1,0.95,false
Harpreet Brar,c05edf8e,male,Kings XI Punjab;Punjab Kings,51,,,,,bowler,,derived:role_from_usage/v1,0.95,false
Lata Mondal,5bf87532,female,Bangladesh,51,,,,,batting all-rounder,,derived:role_from_usage/v1,0.95,false
L Lamin,5a970aab,male,Sierra Leone,51,,,,,batter,,derived:role_from_usage/v1,0.95,false
H Singh,8209da53,male,Germany,51,,,,,batter,,derived:role_from_usage/v1,0.95,false
Shamim Hossain,711249d1,male,Bangladesh,51,,,,,batting all-rounder,,derived:role_from_usage/v1,0.95,false
N Davin,72e361fe,male,Namibia,51,,,,,batter,,derived:role_from_usage/v1,0.95,false
SR Patil,33946d69,female,India;Royal Challengers Bangalore;Royal Challengers Bengaluru,51,,,,,bowler,,derived:role_from_usage/v1,0.95,false
PM Weerakkody,1b3718d2,female,Sri Lanka,50,,,,,wicketkeeper-batter,yes,derived:role_from_usage/v1 | derived:keeper_inference_aggregate/v1,0.95 | 0.77,false
Zeefa Jilani,3f2b40f0,female,Kuwait,50,,,,,batting all-rounder,,derived:role_from_usage/v1,0.95,false
MO Kitunda,badef0dc,male,Tanzania,50,,,,,wicketkeeper-batter,yes,derived:role_from_usage/v1 | derived:keeper_inference_aggregate/v1,0.95 | 0.74,false
Nithish Kumar Reddy,aad0c365,male,India;Sunrisers Hyderabad,50,,,,,batting all-rounder,,derived:role_from_usage/v1,0.95,false
R Sharma,5d9a1a73,male,Deccan Chargers;Delhi Daredevils;India;Pune Warriors,50,,,,,bowler,,derived:role_from_usage/v1,0.95,false
D Suzuki,64c81abf,male,Japan,50,,,,,batting all-rounder,,derived:role_from_usage/v1,0.95,false
R Kanoh,5959370f,female,Thailand,50,,,,,batter,,derived:role_from_usage/v1,0.95,false
P Silas,9f2e1944,male,Botswana,50,,,,,batter,,derived:role_from_usage/v1,0.95,false
Muhammad Jawadullah,098a757c,male,United Arab Emirates,50,,,,,bowler,,derived:role_from_usage/v1,0.95,false
Dawood Ahmadzai,951686f5,male,France,50,,,,,bowler,,derived:role_from_usage/v1,0.95,false
NM Odhiambo,c07a1f41,male,Kenya,50,,,,,batting all-rounder,,derived:role_from_usage/v1,0.95,false
IDR Bradshaw,a7489342,male,West Indies,49,,,,,bowler,,derived:role_from_usage/v1,0.95,false
AR Patwa,b43f7a6a,male,Tanzania,49,,,,,batter,,derived:role_from_usage/v1,0.95,false
S Chandramohan,2a6ccc1c,male,Singapore,49,,,,,batter,,derived:role_from_usage/v1,0.95,false
Iqbal Abdulla,85aae393,male,Kolkata Knight Riders;Rajasthan Royals;Royal Challengers Bangalore,49,,,,,bowler,,derived:role_from_usage/v1,0.95,false
SJ Harmison,c16d2e28,male,England,49,,,,,bowler,,derived:role_from_usage/v1,0.95,false
Ghulam Ahmadi,2dfe0612,male,Germany,49,,,,,bowler,,derived:role_from_usage/v1,0.95,false
LCN Smith,340202b0,female,England;Royal Challengers Bengaluru,49,,,,,bowler,,derived:role_from_usage/v1,0.95,false
BW Hilfenhaus,f3171936,male,Australia;Chennai Super Kings,49,,,,,bowler,,derived:role_from_usage/v1,0.95,false
SL Gomez,02264be0,female,Kuwait,49,,,,,batter,,derived:role_from_usage/v1,0.95,false
Washeem Abbas,6de4e430,male,Malta,49,,,,,bowler,,derived:role_from_usage/v1,0.95,false
Mohammad Mithun,77191792,male,Bangladesh,49,,,,,batter,,derived:role_from_usage/v1,0.95,false
CG Williams,e16e7347,male,Namibia,49,,,,,batting all-rounder,,derived:role_from_usage/v1,0.95,false
Muhammad Tanveer,aef39fe4,male,Qatar,49,,,,,batting all-rounder,,derived:role_from_usage/v1,0.95,false
Natalia Pervaiz,fa8a3eb0,female,Pakistan,49,,,,,batter,,derived:role_from_usage/v1,0.95,false
JDF Vandersay,aceb7654,male,Sri Lanka,49,,,,,bowler,,derived:role_from_usage/v1,0.95,false
Mohameed Taiwo,a9d788e3,male,Nigeria,49,,,,,bowler,,derived:role_from_usage/v1,0.95,false
NJ Pius,f4270fc7,female,Tanzania,49,,,,,batting all-rounder,,derived:role_from_usage/v1,0.95,false
V Balakrishnan,0c1da0c4,male,Botswana,49,,,,,batter,,derived:role_from_usage/v1,0.95,false
S Jora,156378d8,male,Nepal,48,,,,,batter,,derived:role_from_usage/v1,0.95,false
O Thomas,c6097d68,male,Rajasthan Royals;West Indies,48,,,,,bowler,,derived:role_from_usage/v1,0.95,false
LR Down,19147fe0,female,New Zealand,48,,,,,batter,,derived:role_from_usage/v1,0.95,false
Dilara Akter,f2670a3d,female,Bangladesh,48,,,,,batter,yes,derived:role_from_usage/v1 | derived:keeper_inference_aggregate/v1,0.95 | 0.66,false
DT Tiripano,dbfb8218,male,Zimbabwe,48,,,,,bowler,,derived:role_from_usage/v1,0.95,false
JS Patel,f5821615,male,New Zealand,48,,,,,bowler,,derived:role_from_usage/v1,0.95,false
TAM Siriwardana,bf7842c9,male,Sri Lanka,48,,,,,all-rounder,,derived:role_from_usage/v1,0.95,false
NRJ Croes,f427e63e,male,Netherlands,48,,,,,batter,,derived:role_from_usage/v1,0.95,false
Syed Rasel,b743f01b,male,Bangladesh,48,,,,,bowler,,derived:role_from_usage/v1,0.95,false
E Sebareme,f99a219a,male,Rwanda,48,,,,,all-rounder,,derived:role_from_usage/v1,0.95,false
FG Kemp,abc9f8a4,female,England,48,,,,,all-rounder,,derived:role_from_usage/v1,0.95,false
LA Dawson,4a461c24,male,England,48,,,,,bowler,,derived:role_from_usage/v1,0.95,false
Sahibzada Farhan,1aba45cd,male,Pakistan,48,,,,,batter,,derived:role_from_usage/v1,0.95,false
VVS Laxman,de8cce37,male,Deccan Chargers;India;Kochi Tuskers Kerala,48,,,,,batter,,derived:role_from_usage/v1,0.95,false
IM Vaghela,8d62fc14,female,United States of America,48,,,,,all-rounder,,derived:role_from_usage/v1,0.95,false
NJ Astle,99639abf,male,New Zealand,48,,,,,batting all-rounder,,derived:role_from_usage/v1,0.95,false
S Sunday,594a0dec,female,Nigeria,48,,,,,batter,,derived:role_from_usage/v1,0.95,false
TD Paine,5748e866,male,Australia;ICC World XI;Pune Warriors,48,,,,,wicketkeeper-batter,yes,derived:role_from_usage/v1 | derived:keeper_inference_aggregate/v1,0.95 | 0.96,false
D Bishoo,7a80ddf2,male,West Indies,48,,,,,bowler,,derived:role_from_usage/v1,0.95,false
TLW Cooper,2318ba22,male,Netherlands,48,,,,,batting all-rounder,,derived:role_from_usage/v1,0.95,false
Abdul Waheed,23fa9ea9,male,Saudi Arabia,48,,,,,batter,,derived:role_from_usage/v1,0.95,false
DN Wellalage,736123bb,male,Sri Lanka,48,,,,,bowler,,derived:role_from_usage/v1,0.95,false
NT Broom,a354c917,male,New Zealand,48,,,,,batter,,derived:role_from_usage/v1,0.95,false
SO Tikolo,00d69fa4,male,Africa XI;Kenya,47,,,,,all-rounder,,derived:role_from_usage/v1,0.95,false
PE Kulume,bb1a5f8a,female,Uganda,47,,,,,batting all-rounder,,derived:role_from_usage/v1,0.95,false
R Nehonde,4393e047,male,Botswana,47,,,,,batting all-rounder,,derived:role_from_usage/v1,0.95,false
LR Shukla,b1451597,male,Delhi Daredevils;Kolkata Knight Riders,47,,,,,batting all-rounder,,derived:role_from_usage/v1,0.95,false
R Slater,8a452195,female,Scotland,47,,,,,bowler,,derived:role_from_usage/v1,0.95,false
NLKWR Dewi,d04fc4a4,female,Indonesia,47,,,,,all-rounder,,derived:role_from_usage/v1,0.95,false
Sami Sohail,602ebd4c,male,Malawi,47,,,,,all-rounder,,derived:role_from_usage/v1,0.95,false
C Kyewuta,395695ce,male,Uganda,47,,,,,bowler,,derived:role_from_usage/v1,0.95,false
D Myers,d96165b5,male,Zimbabwe,47,,,,,batter,,derived:role_from_usage/v1,0.95,false
SM Katich,fdedb37c,male,Australia;Kings XI Punjab,47,,,,,batter,,derived:role_from_usage/v1,0.95,false
M Levitt,6a71ba3a,male,Netherlands,47,,,,,batting all-rounder,,derived:role_from_usage/v1,0.95,false
BC Fortuin,9a2fc964,male,South Africa,47,,,,,bowler,,derived:role_from_usage/v1,0.95,false
WW Hinds,60beb01b,male,West Indies,47,,,,,all-rounder,,derived:role_from_usage/v1,0.95,false
M Yanagida,f20e7e23,female,Japan,47,,,,,batting all-rounder,,derived:role_from_usage/v1,0.95,false
NPAN Sakarini,72b5decf,female,Indonesia,47,,,,,wicketkeeper-batter,yes,derived:role_from_usage/v1 | derived:keeper_inference_aggregate/v1,0.95 | 0.97,false
YM Nkanya,9238dd92,male,Tanzania,47,,,,,bowler,,derived:role_from_usage/v1,0.95,false
RP Singh,0ab3c788,female,United States of America,47,,,,,all-rounder,,derived:role_from_usage/v1,0.95,false
AI Chudasama,9414a81c,female,United States of America,47,,,,,all-rounder,,derived:role_from_usage/v1,0.95,false
AD Mascarenhas,3edb58fc,male,England;Kings XI Punjab;Rajasthan Royals,47,,,,,all-rounder,,derived:role_from_usage/v1,0.95,false
FO Kibasu,1c726c76,female,Tanzania,47,,,,,batting all-rounder,,derived:role_from_usage/v1,0.95,false
Shafina Mahesh,0c40b02d,female,Singapore,47,,,,,all-rounder,yes,derived:role_from_usage/v1 | derived:keeper_inference_aggregate/v1,0.95 | 0.63,false
B Biza,8a522c6c,female,Zimbabwe,47,,,,,all-rounder,,derived:role_from_usage/v1,0.95,false
Gull Feroza,9ff1e91e,female,Pakistan,47,,,,,batter,,derived:role_from_usage/v1,0.95,false
Shahid Wasif,2cc08c3c,male,Hong Kong,47,,,,,batter,,derived:role_from_usage/v1,0.95,false
Faisal Khan,a7553f15,male,Saudi Arabia,47,,,,,batter,,derived:role_from_usage/v1,0.95,false
RG Mukasa,011f6b42,male,Uganda,47,,,,,batter,,derived:role_from_usage/v1,0.95,false
AP Rajeevan,63d6f031,male,Tanzania,47,,,,,wicketkeeper-batter,yes,derived:role_from_usage/v1 | derived:keeper_inference_aggregate/v1,0.95 | 0.74,false
B Shanti,f50ca46d,female,Kuwait,47,,,,,batter,,derived:role_from_usage/v1,0.95,false
Y Saranonnakkun,9c93c0a3,male,Thailand,47,,,,,batter,,derived:role_from_usage/v1,0.95,false
HRA Rainey,7027d12f,female,Scotland,46,,,,,bowler,,derived:role_from_usage/v1,0.95,false
D Foerster,5596d5bf,female,Namibia,46,,,,,batting all-rounder,,derived:role_from_usage/v1,0.95,false
JO Adedeji,abee08c7,male,Nigeria,46,,,,,batting all-rounder,,derived:role_from_usage/v1,0.95,false
R Hekure,c70448aa,male,Papua New Guinea,46,,,,,all-rounder,,derived:role_from_usage/v1,0.95,false
MS Gony,ae78bc32,male,Chennai Super Kings;Deccan Chargers;Gujarat Lions;India;Kings XI Punjab,46,,,,,bowler,,derived:role_from_usage/v1,0.95,false
CB Sole,469ccead,male,Scotland,46,,,,,bowler,,derived:role_from_usage/v1,0.95,false
J Liyanage,84212ffb,male,Sri Lanka,46,,,,,batting all-rounder,,derived:role_from_usage/v1,0.95,false
A Sharma,5661ef90,male,United Arab Emirates,46,,,,,wicketkeeper-batter,yes,derived:role_from_usage/v1 | derived:keeper_inference_aggregate/v1,0.95 | 0.83,false
Hasan Mahmud,80ad39ac,male,Bangladesh,46,,,,,bowler,,derived:role_from_usage/v1,0.95,false
KP Meiyappan,b91f2a31,male,United Arab Emirates,46,,,,,bowler,,derived:role_from_usage/v1,0.95,false
Hamza Tahir,34cb2f69,male,Scotland,46,,,,,bowler,,derived:role_from_usage/v1,0.95,false
DP Nannes,c404f58a,male,Australia;Chennai Super Kings;Delhi Daredevils;Netherlands;Royal Challengers Bangalore,46,,,,,bowler,,derived:role_from_usage/v1,0.95,false
L Mabhero,37f9eb59,female,Zimbabwe,46,,,,,bowler,,derived:role_from_usage/v1,0.95,false
Alok Kapali,54279e23,male,Bangladesh,46,,,,,all-rounder,,derived:role_from_usage/v1,0.95,false
DS Smith,85ad2217,male,West Indies,46,,,,,batter,,derived:role_from_usage/v1,0.95,false
V Vijh,b857468a,male,Luxembourg,46,,,,,all-rounder,,derived:role_from_usage/v1,0.95,false
Umair Tariq,67ec2b09,male,Austria,46,,,,,bowler,,derived:role_from_usage/v1,0.95,false
Hamza Khan,44a5f2b2,male,Rwanda,46,,,,,batter,,derived:role_from_usage/v1,0.95,false
AA Rahayu,2327fdc7,male,Indonesia,46,,,,,batting all-rounder,,derived:role_from_usage/v1,0.95,false
TM Odoyo,2c13defe,male,Africa XI;Kenya,46,,,,,all-rounder,,derived:role_from_usage/v1,0.95,false
SR Clark,a3bfec5d,male,Australia,46,,,,,bowler,,derived:role_from_usage/v1,0.95,false
Maryam Omar,b4d08794,female,Kuwait,46,,,,,all-rounder,,derived:role_from_usage/v1,0.95,false
B Ward,9e0bd203,male,Jersey,46,,,,,all-rounder,,derived:role_from_usage/v1,0.95,false
T Thushara,b2ae53f5,male,Chennai Super Kings;Sri Lanka,46,,,,,bowler,,derived:role_from_usage/v1,0.95,false
J Theron,dec8e038,male,Deccan Chargers;Kings XI Punjab;Rajasthan Royals;South Africa;United States of America,46,,,,,bowler,,derived:role_from_usage/v1,0.95,false
SACA King,77851c2d,female,West Indies,46,,,,,batting all-rounder,,derived:role_from_usage/v1,0.95,false
S Randiv,f5f18a18,male,Chennai Super Kings;Sri Lanka,46,,,,,bowler,,derived:role_from_usage/v1,0.95,false
CN Kakuru,f6aed283,male,Uganda,46,,,,,wicketkeeper-batter,yes,derived:role_from_usage/v1 | derived:keeper_inference_aggregate/v1,0.95 | 0.97,false
Shiraz Khan,f310704c,male,Kuwait,46,,,,,all-rounder,,derived:role_from_usage/v1,0.95,false
Hammad Mirza,0b7b78c6,male,Oman,46,,,,,batter,yes,derived:role_from_usage/v1 | derived:keeper_inference_aggregate/v1,0.95 | 0.67,false
Khadija Tul Kubra,bec997fc,female,Bangladesh,46,,,,,bowler,,derived:role_from_usage/v1,0.95,false
JP Behrendorff,4933f499,male,Australia;Mumbai Indians,46,,,,,bowler,,derived:role_from_usage/v1,0.95,false
A Brindle,053dc208,female,England,46,,,,,all-rounder,,derived:role_from_usage/v1,0.95,false
N Shangase,b17a4a93,female,South Africa,45,,,,,all-rounder,,derived:role_from_usage/v1,0.95,false
JH Davey,d3868bd0,male,Scotland,45,,,,,bowler,,derived:role_from_usage/v1,0.95,false
J Mubarak,a9520ac2,male,Sri Lanka,45,,,,,batter,,derived:role_from_usage/v1,0.95,false
Al-Amin Hossain,3f5f39cd,male,Bangladesh,45,,,,,bowler,,derived:role_from_usage/v1,0.95,false
M Koli,eb0f2802,male,Romania,45,,,,,bowler,,derived:role_from_usage/v1,0.95,false
G Coetzee,3204c99f,male,Gujarat Titans;Mumbai Indians;South Africa,45,,,,,bowler,,derived:role_from_usage/v1,0.95,false
AC Voges,864c199e,male,Australia;Rajasthan Royals,45,,,,,batting all-rounder,,derived:role_from_usage/v1,0.95,false
S Gokhale,62653085,female,United Arab Emirates,45,,,,,batting all-rounder,,derived:role_from_usage/v1,0.95,false
R Mutumbami,5fef85ee,male,Zimbabwe,45,,,,,wicketkeeper-batter,yes,derived:role_from_usage/v1 | derived:keeper_inference_aggregate/v1,0.95 | 0.83,false
CN Ackermann,e734d090,male,Netherlands,45,,,,,all-rounder,,derived:role_from_usage/v1,0.95,false
Khaled Mashud,ade071c5,male,Bangladesh,45,,,,,wicketkeeper-batter,yes,derived:role_from_usage/v1 | derived:keeper_inference_aggregate/v1,0.95 | 0.97,false
EU Kejarukua,e7068bfd,female,Namibia,45,,,,,bowler,,derived:role_from_usage/v1,0.95,false
S Jimmy,2daa8e40,female,Papua New Guinea,45,,,,,all-rounder,,derived:role_from_usage/v1,0.95,false
N Gwanzura,9c2e3040,female,Zimbabwe,45,,,,,batting all-rounder,,derived:role_from_usage/v1,0.95,false
MW Forde,83d17bbc,male,West Indies,45,,,,,bowler,,derived:role_from_usage/v1,0.95,false
Imran Nazir,3eb7c45d,male,Pakistan,45,,,,,batter,,derived:role_from_usage/v1,0.95,false
Siow Tzin Yee,686b7194,female,Malaysia,45,,,,,batting all-rounder,,derived:role_from_usage/v1,0.95,false
H Carlyon,42bf1b7d,male,Jersey,45,,,,,all-rounder,,derived:role_from_usage/v1,0.95,false
I Niyomugabo,72bf5103,male,Rwanda,45,,,,,batter,,derived:role_from_usage/v1,0.95,false
XM Marshall,ffb504b1,male,United States of America;West Indies,45,,,,,batter,,derived:role_from_usage/v1,0.95,false
NR Kumar,b3bad3f2,male,Canada;United States of America,45,,,,,batting all-rounder,,derived:role_from_usage/v1,0.95,false
E Wachira,f5e70dd4,female,Kenya,45,,,,,all-rounder,,derived:role_from_usage/v1,0.95,false
MM Letsoalo,7544bf30,female,South Africa,45,,,,,bowler,,derived:role_from_usage/v1,0.95,false
N Wadhera,d1a60072,male,Mumbai Indians;Punjab Kings,45,,,,,batter,,derived:role_from_usage/v1,0.95,false
NY McLean,1d39dc61,female,West Indies,45,,,,,batter,,derived:role_from_usage/v1,0.95,false
J Bangura,d7acab5d,male,Sierra Leone,45,,,,,wicketkeeper-batter,yes,derived:role_from_usage/v1 | derived:keeper_inference_aggregate/v1,0.95 | 0.97,false
RR Seth,7ccc0a38,female,Singapore,45,,,,,batting all-rounder,,derived:role_from_usage/v1,0.95,false
C Bosch,172dff15,male,Mumbai Indians;South Africa,45,,,,,bowler,,derived:role_from_usage/v1,0.95,false
Ravinderpal Singh,f80682f8,male,Canada,45,,,,,batter,,derived:role_from_usage/v1,0.95,false
DM Kimmince,d693012d,female,Australia,45,,,,,all-rounder,,derived:role_from_usage/v1,0.95,false
Amjad Sher,3b4a8cfb,male,Finland,45,,,,,bowler,,derived:role_from_usage/v1,0.95,false
BYA Mendis,a9fabff4,female,Sri Lanka,45,,,,,batter,,derived:role_from_usage/v1,0.95,false
GK Diviya,992979fa,female,Singapore,45,,,,,all-rounder,,derived:role_from_usage/v1,0.95,false
TJ Murtagh,c89474d1,male,Ireland,44,,,,,bowler,,derived:role_from_usage/v1,0.95,false
S Verma,185e6c0c,female,Gujarat Giants;India,44,,,,,wicketkeeper-batter,yes,derived:role_from_usage/v1 | derived:keeper_inference_aggregate/v1,0.95 | 0.97,false
SJ Baard,e8511411,male,Namibia,44,,,,,batter,,derived:role_from_usage/v1,0.95,false
AP Yadav,a5501504,male,Thailand,44,,,,,wicketkeeper-batter,yes,derived:role_from_usage/v1 | derived:keeper_inference_aggregate/v1,0.95 | 0.91,false
Umran Malik,81c08fa3,male,India;Sunrisers Hyderabad,44,,,,,bowler,,derived:role_from_usage/v1,0.95,false
K Klein,374bb5e7,male,Netherlands,44,,,,,bowler,,derived:role_from_usage/v1,0.95,false
D Parashar,395179e8,male,United Arab Emirates,44,,,,,all-rounder,,derived:role_from_usage/v1,0.95,false
Vinu Kumar,3775b9f9,female,Singapore,44,,,,,batting all-rounder,,derived:role_from_usage/v1,0.95,false
B Arora,39e9f0c9,male,Malta,44,,,,,all-rounder,,derived:role_from_usage/v1,0.95,false
J Sumerauer,0b581ed6,male,Jersey,44,,,,,all-rounder,,derived:role_from_usage/v1,0.95,false
D Madushanka,de7d833e,male,Sri Lanka;Sunrisers Hyderabad,44,,,,,bowler,,derived:role_from_usage/v1,0.95,false
J Glasgow,a2632c7c,female,West Indies,44,,,,,batting all-rounder,,derived:role_from_usage/v1,0.95,false
BA Carse,cad40f5e,male,England,44,,,,,bowler,,derived:role_from_usage/v1,0.95,false
M Ariokot,c328bc6c,female,Uganda,44,,,,,batting all-rounder,,derived:role_from_usage/v1,0.95,false
O Kgeresi,cba01c28,female,Botswana,44,,,,,batter,,derived:role_from_usage/v1,0.95,false
M Ashwin,e2db2409,male,Kings XI Punjab;Mumbai Indians;Punjab Kings;Rajasthan Royals;Rising Pune Supergiants;Royal Challengers Bangalore,44,,,,,bowler,,derived:role_from_usage/v1,0.95,false
XC Bartlett,3b53243a,male,Australia;Punjab Kings,44,,,,,bowler,,derived:role_from_usage/v1,0.95,false
K Shrestha,119de50f,female,Nepal,44,,,,,wicketkeeper-batter,yes,derived:role_from_usage/v1 | derived:keeper_inference_aggregate/v1,0.95 | 0.97,false
Mehran Khan,d7bfcc0b,male,Oman,44,,,,,batting all-rounder,,derived:role_from_usage/v1,0.95,false
G Kodali,f606177e,female,United States of America,44,,,,,bowler,,derived:role_from_usage/v1,0.95,false
K Piet,39fd9295,male,Botswana,44,,,,,bowler,,derived:role_from_usage/v1,0.95,false
Jaspal Singh,adca37a2,male,Malta,44,,,,,batting all-rounder,,derived:role_from_usage/v1,0.95,false
V Mbazo,a2317d14,male,Botswana,44,,,,,wicketkeeper-batter,yes,derived:role_from_usage/v1 | derived:keeper_inference_aggregate/v1,0.95 | 0.85,false
RM Farrell,4ed7d23f,female,Australia,44,,,,,bowler,,derived:role_from_usage/v1,0.95,false
Gurkeerat Singh,6eb146d2,male,India;Kings XI Punjab;Royal Challengers Bangalore,44,,,,,batting all-rounder,occasional,derived:role_from_usage/v1 | derived:keeper_inference_aggregate/v1,0.95 | 0.61,false
J Miyaji,414d8a10,male,Uganda,44,,,,,bowler,,derived:role_from_usage/v1,0.95,false
CAK Rajitha,8012d0b8,male,Sri Lanka,44,,,,,bowler,,derived:role_from_usage/v1,0.95,false
DBL Powell,83904270,male,West Indies,44,,,,,bowler,,derived:role_from_usage/v1,0.95,false
Khizer Ahmed,723ca856,male,Norway,44,,,,,wicketkeeper-batter,yes,derived:role_from_usage/v1 | derived:keeper_inference_aggregate/v1,0.95 | 0.97,false
C Munoz-Mills,17bc032c,male,Spain,44,,,,,batter,,derived:role_from_usage/v1,0.95,false
I Liyanage,826e1017,male,Qatar,44,,,,,wicketkeeper-batter,yes,derived:role_from_usage/v1 | derived:keeper_inference_aggregate/v1,0.95 | 0.73,false
Baseer Khan,75ebfe19,male,Austria,44,,,,,batting all-rounder,,derived:role_from_usage/v1,0.95,false
Sharjeel Khan,193ef196,male,Pakistan,44,,,,,batter,,derived:role_from_usage/v1,0.95,false
L Phiri,cca8bdca,female,Zimbabwe,43,,,,,bowler,,derived:role_from_usage/v1,0.95,false
Sultana Khatun,fb0c0bcc,female,Bangladesh,43,,,,,bowler,,derived:role_from_usage/v1,0.95,false
DAS Gunaratne,770494eb,male,Sri Lanka,43,,,,,all-rounder,,derived:role_from_usage/v1,0.95,false
A Nao,4d1ec7eb,male,Papua New Guinea,43,,,,,bowler,,derived:role_from_usage/v1,0.95,false
Noman Amjad,c079c66a,male,France,43,,,,,all-rounder,,derived:role_from_usage/v1,0.95,false
R Coker,3239c8a9,male,Sierra Leone,43,,,,,all-rounder,,derived:role_from_usage/v1,0.95,false
D Dhingra,b0dc5d0d,female,United States of America,43,,,,,batter,,derived:role_from_usage/v1,0.95,false
Q Abel,2e988457,female,Kenya,43,,,,,all-rounder,,derived:role_from_usage/v1,0.95,false
Aysha,37ceee4e,female,Qatar,43,,,,,all-rounder,,derived:role_from_usage/v1,0.95,false
F Achelam,b6b3ee6e,male,Uganda,43,,,,,wicketkeeper-batter,yes,derived:role_from_usage/v1 | derived:keeper_inference_aggregate/v1,0.95 | 0.97,false
TL Suman,aaa1b522,male,Deccan Chargers;Mumbai Indians;Pune Warriors,43,,,,,batting all-rounder,,derived:role_from_usage/v1,0.95,false
B Sharki,fbdc8309,male,Nepal,43,,,,,batter,,derived:role_from_usage/v1,0.95,false
MBA Lamplough,997fffbe,female,Hong Kong,43,,,,,batting all-rounder,,derived:role_from_usage/v1,0.95,false
VG Arora,7c3b3b78,male,Kolkata Knight Riders;Punjab Kings,43,,,,,bowler,,derived:role_from_usage/v1,0.95,false
PE Mendonca,70bab30b,female,Oman,43,,,,,all-rounder,,derived:role_from_usage/v1,0.95,false
GF Linde,e5437608,male,Lucknow Super Giants;South Africa,43,,,,,all-rounder,,derived:role_from_usage/v1,0.95,false
EL Watson,45dd7433,female,Scotland,43,,,,,batter,yes,derived:role_from_usage/v1 | derived:keeper_inference_aggregate/v1,0.95 | 0.67,false
Ishtiaq Ahmad,056b433b,male,Saudi Arabia,43,,,,,bowler,,derived:role_from_usage/v1,0.95,false
KOA Powell,e012ad13,male,West Indies,43,,,,,batter,,derived:role_from_usage/v1,0.95,false
Vinay Ravi,9c181b99,male,Norway,43,,,,,bowler,,derived:role_from_usage/v1,0.95,false
Yash Dayal,7210d461,male,Gujarat Titans;Royal Challengers Bengaluru,43,,,,,bowler,,derived:role_from_usage/v1,0.95,false
SR Thompson,7f3ad1ed,male,Ireland,43,,,,,all-rounder,,derived:role_from_usage/v1,0.95,false
Zeeshan Khan,3f9b1a96,male,Malta,43,,,,,batter,,derived:role_from_usage/v1,0.95,false
HH Dippenaar,98ecf62a,male,Africa XI;South Africa,43,,,,,batter,,derived:role_from_usage/v1,0.95,false
R Dhawan,26a85969,male,India;Kings XI Punjab;Mumbai Indians;Punjab Kings,43,,,,,bowler,,derived:role_from_usage/v1,0.95,false
RJ Nicol,8d8c24fd,male,New Zealand,43,,,,,batting all-rounder,,derived:role_from_usage/v1,0.95,false
AG Prince,035cb925,male,Africa XI;South Africa,43,,,,,batter,,derived:role_from_usage/v1,0.95,false
E Malinga,5750bcb4,male,Sri Lanka;Sunrisers Hyderabad,42,,,,,bowler,,derived:role_from_usage/v1,0.95,false
M Tom,cebc1351,female,Papua New Guinea,42,,,,,bowler,,derived:role_from_usage/v1,0.95,false
WK Lai,6ab99b17,female,Hong Kong,42,,,,,batting all-rounder,,derived:role_from_usage/v1,0.95,false
BA Pai,716bf559,male,Gibraltar,42,,,,,all-rounder,,derived:role_from_usage/v1,0.95,false
D Maisuria,a96b36af,male,Botswana,42,,,,,bowler,,derived:role_from_usage/v1,0.95,false
A Limdawala,2bcbcac3,male,Malawi,42,,,,,batting all-rounder,,derived:role_from_usage/v1,0.95,false
Waqar Zalmai,74571ec4,male,Austria,42,,,,,bowler,,derived:role_from_usage/v1,0.95,false
T Ruma,3697a0ff,female,Papua New Guinea,42,,,,,batter,,derived:role_from_usage/v1,0.95,false
CS Fraser,fb9a8cc3,female,West Indies,42,,,,,bowler,,derived:role_from_usage/v1,0.95,false
G Dempsey,940feccc,female,Ireland,42,,,,,bowler,,derived:role_from_usage/v1,0.95,false
SF Mire,3300d23c,male,Zimbabwe,42,,,,,batting all-rounder,,derived:role_from_usage/v1,0.95,false
V Ooko,2ae76bf6,female,Kenya,42,,,,,batter,,derived:role_from_usage/v1,0.95,false
TC Barker,c31adb5c,male,Luxembourg,42,,,,,batter,,derived:role_from_usage/v1,0.95,false
OF Smith,23cca426,male,Punjab Kings;West Indies,42,,,,,bowler,,derived:role_from_usage/v1,0.95,false
Sarfaraz Ali,db95ddeb,male,Bahrain,42,,,,,all-rounder,,derived:role_from_usage/v1,0.95,false
Mohamed Shafeeq,ff13b10c,male,Kuwait,42,,,,,bowler,,derived:role_from_usage/v1,0.95,false
MJ Lumb,11df3dc8,male,Deccan Chargers;England;Rajasthan Royals,42,,,,,batter,,derived:role_from_usage/v1,0.95,false
Sadaf Shamas,f19c8dc0,female,Pakistan,42,,,,,batter,,derived:role_from_usage/v1,0.95,false
GO Jones,2e929b99,male,England,42,,,,,wicketkeeper-batter,yes,derived:role_from_usage/v1 | derived:keeper_inference_aggregate/v1,0.95 | 0.93,false
A van der Merwe,02610bad,female,Namibia,42,,,,,batter,,derived:role_from_usage/v1,0.95,false
T Musekiwa,06fc82b8,male,Zimbabwe,42,,,,,batter,,derived:role_from_usage/v1,0.95,false
CV Anto,c01ca5af,male,Kuwait,42,,,,,batter,occasional,derived:role_from_usage/v1 | derived:keeper_inference_aggregate/v1,0.95 | 0.61,false
Ateeq Iqbal,29b322c7,male,Hong Kong,42,,,,,bowler,,derived:role_from_usage/v1,0.95,false
PJ Sangwan,9fc0ef64,male,Delhi Daredevils;Gujarat Lions;Gujarat Titans;Kolkata Knight Riders;Mumbai Indians,42,,,,,bowler,,derived:role_from_usage/v1,0.95,false
CJ Ferguson,9b4935c8,male,Australia;Pune Warriors,42,,,,,batter,,derived:role_from_usage/v1,0.95,false
FDM Karunaratne,400e2d4d,male,Sri Lanka,42,,,,,batter,,derived:role_from_usage/v1,0.95,false
R Obuya,6bc04a3e,male,Uganda,42,,,,,batter,,derived:role_from_usage/v1,0.95,false
SSJ Brooks,977b841a,male,West Indies,42,,,,,batter,,derived:role_from_usage/v1,0.95,false
Zain Ul Abidin,b93b87ae,male,Saudi Arabia,42,,,,,bowler,,derived:role_from_usage/v1,0.95,false
DAJ Bracewell,2e9fdf9b,male,Delhi Daredevils;New Zealand,42,,,,,bowler,,derived:role_from_usage/v1,0.95,false
Mohammad Hasnain,8596fe80,male,Pakistan,42,,,,,bowler,,derived:role_from_usage/v1,0.95,false
PWA Mulder,c96f6ac5,male,South Africa;Sunrisers Hyderabad,42,,,,,all-rounder,,derived:role_from_usage/v1,0.95,false
MWR Stokes,c573d173,male,Guernsey,42,,,,,all-rounder,,derived:role_from_usage/v1,0.95,false
Usman Khan,e8a552ef,male,France,42,,,,,all-rounder,,derived:role_from_usage/v1,0.95,false
B Bezuidenhout,564afdcf,female,New Zealand;South Africa,42,,,,,batter,yes,derived:role_from_usage/v1 | derived:keeper_inference_aggregate/v1,0.95 | 0.63,false
W Niyitanga,e7631adc,male,Rwanda,42,,,,,batter,,derived:role_from_usage/v1,0.95,false
JE Cameron,5ebc3941,female,Australia,41,,,,,batter,,derived:role_from_usage/v1,0.95,false
JW Hastings,012829ff,male,Australia;Chennai Super Kings;Kolkata Knight Riders,41,,,,,bowler,,derived:role_from_usage/v1,0.95,false
JM How,fd8f11e9,male,New Zealand,41,,,,,batter,,derived:role_from_usage/v1,0.95,false
NN Saidi,16610c7b,female,Tanzania,41,,,,,all-rounder,,derived:role_from_usage/v1,0.95,false
A Kohli,eb9082b2,female,Germany,41,,,,,all-rounder,,derived:role_from_usage/v1,0.95,false
S Sajana,a4dcac97,female,India;Mumbai Indians,41,,,,,batter,,derived:role_from_usage/v1,0.95,false
HN Ya France,915264c2,male,Namibia,41,,,,,bowler,,derived:role_from_usage/v1,0.95,false
M Markande,a9fd84fb,male,India;Mumbai Indians;Rajasthan Royals;Sunrisers Hyderabad,41,,,,,bowler,,derived:role_from_usage/v1,0.95,false
AM Peterson,ae2c396f,female,New Zealand,41,,,,,all-rounder,,derived:role_from_usage/v1,0.95,false
MH Yardy,3812d56b,male,England,41,,,,,all-rounder,,derived:role_from_usage/v1,0.95,false
KV Morea,270bf7e2,male,Papua New Guinea,41,,,,,bowler,,derived:role_from_usage/v1,0.95,false
DG Blampied,d8976cb7,male,Jersey,41,,,,,bowler,,derived:role_from_usage/v1,0.95,false
TS Fray,c7537f8a,male,Bermuda,41,,,,,batter,,derived:role_from_usage/v1,0.95,false
C Connolly,fe366f34,male,Australia;Punjab Kings,41,,,,,batting all-rounder,,derived:role_from_usage/v1,0.95,false
CS Baugh,151e8077,male,West Indies,41,,,,,wicketkeeper-batter,yes,derived:role_from_usage/v1 | derived:keeper_inference_aggregate/v1,0.95 | 0.96,false
H Lakov,87a6f411,male,Bulgaria,41,,,,,all-rounder,,derived:role_from_usage/v1,0.95,false
D Gough,fcbf5a30,male,England,41,,,,,bowler,,derived:role_from_usage/v1,0.95,false
DR Tuffey,43936951,male,New Zealand,41,,,,,bowler,,derived:role_from_usage/v1,0.95,false
Mudassar Bukhari,37312a74,male,Netherlands,41,,,,,all-rounder,,derived:role_from_usage/v1,0.95,false
Sanjida Islam,12755a62,female,Bangladesh,41,,,,,batter,,derived:role_from_usage/v1,0.95,false
Rameez Shahzad,e045c165,male,United Arab Emirates,41,,,,,batter,,derived:role_from_usage/v1,0.95,false
NE Bolton,dd883071,female,Australia,41,,,,,batter,,derived:role_from_usage/v1,0.95,false
V Ganesan,baa7dd37,male,Germany,41,,,,,batting all-rounder,,derived:role_from_usage/v1,0.95,false
I van der Woning,5aa8574b,female,Netherlands,41,,,,,bowler,,derived:role_from_usage/v1,0.95,false
DR Gibson,d2763568,female,England;Gujarat Giants,41,,,,,all-rounder,,derived:role_from_usage/v1,0.95,false
G Voll,5c30d455,female,Australia;Royal Challengers Bengaluru;UP Warriorz,41,,,,,batter,,derived:role_from_usage/v1,0.95,false
NA Greenwood,7ca68967,male,Jersey,41,,,,,batting all-rounder,,derived:role_from_usage/v1,0.95,false
P Koech,f4a0a615,male,Kenya,41,,,,,bowler,,derived:role_from_usage/v1,0.95,false
Qamar Mushtaque,fc362c5d,male,Norway,41,,,,,bowler,,derived:role_from_usage/v1,0.95,false
Yasir Ali,79209272,male,Spain,41,,,,,all-rounder,occasional,derived:role_from_usage/v1 | derived:keeper_inference_aggregate/v1,0.95 | 0.61,false
AK Maguire,f888a374,female,Ireland,40,,,,,bowler,,derived:role_from_usage/v1,0.95,false
SM Mayers,91d9613e,female,Zimbabwe,40,,,,,batting all-rounder,,derived:role_from_usage/v1,0.95,false
CD Collymore,87b177e8,male,West Indies,40,,,,,bowler,,derived:role_from_usage/v1,0.95,false
D Kansonkho,45ca12a7,male,Malawi,40,,,,,batter,,derived:role_from_usage/v1,0.95,false
IDM Latin,78f719ea,male,Gibraltar,40,,,,,batting all-rounder,,derived:role_from_usage/v1,0.95,false
S Desungnoen,3eb26dc4,male,Thailand,40,,,,,batting all-rounder,,derived:role_from_usage/v1,0.95,false
JNT Seales,ded9ff1e,male,West Indies,40,,,,,bowler,,derived:role_from_usage/v1,0.95,false
HJH Marshall,70542bef,male,New Zealand,40,,,,,batter,,derived:role_from_usage/v1,0.95,false
RJ Sidebottom,9dca07d7,male,England,40,,,,,bowler,,derived:role_from_usage/v1,0.95,false
DMW Rawlins,f1eb3c73,male,Bermuda,40,,,,,all-rounder,,derived:role_from_usage/v1,0.95,false
SKS Gill,faef026c,male,Luxembourg,40,,,,,batting all-rounder,,derived:role_from_usage/v1,0.95,false
AV Lazarus,30c917bf,male,Thailand,40,,,,,batter,,derived:role_from_usage/v1,0.95,false
Waqas Barkat,a2eac9df,male,Hong Kong,40,,,,,batting all-rounder,,derived:role_from_usage/v1,0.95,false
Aiman Anwer,c736a96b,female,Pakistan,40,,,,,bowler,,derived:role_from_usage/v1,0.95,false
N Pokana,87a92b6b,male,Papua New Guinea,40,,,,,bowler,,derived:role_from_usage/v1,0.95,false
CM Gough,f1328a90,female,Germany,40,,,,,all-rounder,,derived:role_from_usage/v1,0.95,false
Sameera Khan,237baa2c,female,Oman,40,,,,,batting all-rounder,,derived:role_from_usage/v1,0.95,false
Meghna Singh,f176e421,female,Gujarat Giants;India,40,,,,,bowler,,derived:role_from_usage/v1,0.95,false
Mohammad Naim,7923a51d,male,Bangladesh,40,,,,,batter,,derived:role_from_usage/v1,0.95,false
SA Ahmad,8de618ab,male,Denmark,40,,,,,all-rounder,,derived:role_from_usage/v1,0.95,false
AGS Gous,d1305df0,male,United States of America,40,,,,,batter,occasional,derived:role_from_usage/v1 | derived:keeper_inference_aggregate/v1,0.95 | 0.61,false
Saber Zakhil,036dcf9b,male,Belgium,40,,,,,batting all-rounder,,derived:role_from_usage/v1,0.95,false
Muhammad Wafiq,f104c434,male,Malaysia,40,,,,,bowler,,derived:role_from_usage/v1,0.95,false
D Gumyusenge,eeb78e0a,male,Rwanda,40,,,,,batter,,derived:role_from_usage/v1,0.95,false
Ramandeep Singh,be24ead0,male,India;Kolkata Knight Riders;Mumbai Indians,40,,,,,batter,,derived:role_from_usage/v1,0.95,false
Imal Zuwak,1283e17b,male,Sweden,40,,,,,batter,,derived:role_from_usage/v1,0.95,false
G Sesay,c556b9d2,male,Sierra Leone,40,,,,,bowler,,derived:role_from_usage/v1,0.95,false
MK Lomror,da934ee8,male,Rajasthan Royals;Royal Challengers Bangalore;Royal Challengers Bengaluru,40,,,,,batter,,derived:role_from_usage/v1,0.95,false
JM Vince,a15618fe,male,England,40,,,,,batter,,derived:role_from_usage/v1,0.95,false
A Mazvishaya,09a58e2d,female,Zimbabwe,39,,,,,bowler,,derived:role_from_usage/v1,0.95,false
JN Gillespie,74234d66,male,Australia,39,,,,,bowler,,derived:role_from_usage/v1,0.95,false
MA Ouma,0939c670,male,Kenya,39,,,,,wicketkeeper-batter,yes,derived:role_from_usage/v1 | derived:keeper_inference_aggregate/v1,0.95 | 0.86,false
C Magaia,bb4d1237,female,Mozambique,39,,,,,wicketkeeper-batter,yes,derived:role_from_usage/v1 | derived:keeper_inference_aggregate/v1,0.95 | 0.73,false
K Nestor,b89cde87,male,Gibraltar,39,,,,,batting all-rounder,,derived:role_from_usage/v1,0.95,false
T Nightingale,51a125b3,male,Guernsey,39,,,,,batting all-rounder,,derived:role_from_usage/v1,0.95,false
Janak Prakash,f092b4c7,male,Singapore,39,,,,,all-rounder,,derived:role_from_usage/v1,0.95,false
Suyash Sharma,9440ef41,male,Kolkata Knight Riders;Royal Challengers Bengaluru,39,,,,,bowler,,derived:role_from_usage/v1,0.95,false
Rameen Shamim,0b78b7c1,female,Pakistan,39,,,,,bowler,,derived:role_from_usage/v1,0.95,false
BJ Currie,2ecd844a,male,Scotland,39,,,,,bowler,,derived:role_from_usage/v1,0.95,false
Fiza,c7c60bc5,female,Oman,39,,,,,batting all-rounder,,derived:role_from_usage/v1,0.95,false
S Kolcharam,761c929e,female,Germany,39,,,,,batting all-rounder,,derived:role_from_usage/v1,0.95,false
JA Fitzgerald,4e6ff836,male,Gibraltar,39,,,,,batting all-rounder,,derived:role_from_usage/v1,0.95,false
S Veerapathiran,1e569fb0,male,Bahrain,39,,,,,bowler,,derived:role_from_usage/v1,0.95,false
HAM Shah,007113d7,male,Denmark,39,,,,,batting all-rounder,,derived:role_from_usage/v1,0.95,false
L Canessane,72a4c3b2,male,France,39,,,,,wicketkeeper-batter,yes,derived:role_from_usage/v1 | derived:keeper_inference_aggregate/v1,0.95 | 0.73,false
Ikramullah Khan,c6e1354c,male,Qatar,39,,,,,all-rounder,,derived:role_from_usage/v1,0.95,false
S Aravind,957532de,male,India;Royal Challengers Bangalore,39,,,,,bowler,,derived:role_from_usage/v1,0.95,false
MS Bisla,5afd4539,male,Kings XI Punjab;Kolkata Knight Riders;Royal Challengers Bangalore,39,,,,,wicketkeeper-batter,yes,derived:role_from_usage/v1 | derived:keeper_inference_aggregate/v1,0.95 | 0.85,false
TP Kanwar,443c122f,female,Gujarat Giants;India,39,,,,,bowler,,derived:role_from_usage/v1,0.95,false
S MacMahon,ef2bcebf,female,Ireland,39,,,,,bowler,,derived:role_from_usage/v1,0.95,false
I Kaia,5ad8c974,male,Zimbabwe,39,,,,,batter,,derived:role_from_usage/v1,0.95,false
VS Solanki,7ee2ce62,male,England,39,,,,,batter,,derived:role_from_usage/v1,0.95,false
Usman Khan,bafb9238,male,Pakistan,39,,,,,wicketkeeper-batter,yes,derived:role_from_usage/v1 | derived:keeper_inference_aggregate/v1,0.95 | 0.85,false
R Sakurano-Thomas,dd14abf5,male,Japan,39,,,,,all-rounder,,derived:role_from_usage/v1,0.95,false
Yasir Hameed,f144d99b,male,Pakistan,39,,,,,batter,,derived:role_from_usage/v1,0.95,false
CK Coventry,a21ea40c,male,Zimbabwe,39,,,,,batter,occasional,derived:role_from_usage/v1 | derived:keeper_inference_aggregate/v1,0.95 | 0.61,false
C Wright,d465c6d7,male,Cayman Islands,39,,,,,bowler,,derived:role_from_usage/v1,0.95,false
CMA Shillington,60e11a00,female,Ireland,39,,,,,batter,,derived:role_from_usage/v1,0.95,false
CR Seneviratna,bff0535a,female,Sri Lanka;United Arab Emirates,39,,,,,all-rounder,,derived:role_from_usage/v1,0.95,false
Manan Ali,d0b643e1,male,Saudi Arabia,39,,,,,batter,occasional,derived:role_from_usage/v1 | derived:keeper_inference_aggregate/v1,0.95 | 0.61,false
UCKA Dona,caa99fcb,female,United Arab Emirates,39,,,,,batter,,derived:role_from_usage/v1,0.95,false
Sayed Monib,b9cfb0b1,male,Kuwait,39,,,,,bowler,,derived:role_from_usage/v1,0.95,false
C Abel,d92d3563,female,Scotland,39,,,,,bowler,,derived:role_from_usage/v1,0.95,false
JN Mohammed,773cec26,male,West Indies,39,,,,,batting all-rounder,,derived:role_from_usage/v1,0.95,false
A Gbla,34ab1e6e,male,Sierra Leone,39,,,,,batting all-rounder,,derived:role_from_usage/v1,0.95,false
JE Ronalds,d4f98302,female,Germany,39,,,,,batting all-rounder,,derived:role_from_usage/v1,0.95,false
SF Jerome,e393c6c1,female,Tanzania,39,,,,,bowler,,derived:role_from_usage/v1,0.95,false
CD Wallace,7b5c6c0b,male,Scotland,39,,,,,batter,yes,derived:role_from_usage/v1 | derived:keeper_inference_aggregate/v1,0.95 | 0.63,false
V Shukla,101b1180,male,Oman,39,,,,,batter,yes,derived:role_from_usage/v1 | derived:keeper_inference_aggregate/v1,0.95 | 0.67,false
T Jamtsho,c01d1c0a,male,Bhutan,39,,,,,batting all-rounder,,derived:role_from_usage/v1,0.95,false
Fitri Sham,d2ec068c,male,Malaysia,39,,,,,bowler,,derived:role_from_usage/v1,0.95,false
Erika Oda,4c8a1197,female,Japan,38,,,,,batter,,derived:role_from_usage/v1,0.95,false
A Kano,e92841c0,female,Japan,38,,,,,wicketkeeper-batter,yes,derived:role_from_usage/v1 | derived:keeper_inference_aggregate/v1,0.95 | 0.77,false
L Agatha,1aebb2fa,female,Brazil,38,,,,,batter,,derived:role_from_usage/v1,0.95,false
B Khumalo,33ab1f1c,male,Botswana,38,,,,,bowler,,derived:role_from_usage/v1,0.95,false
N Nuntarach,9e3575ce,male,Thailand,38,,,,,batting all-rounder,,derived:role_from_usage/v1,0.95,false
Sarawut Maliwan,36a0a88c,male,Thailand,38,,,,,bowler,,derived:role_from_usage/v1,0.95,false
Ahmed Aqeel,92f0e10e,male,Malaysia,38,,,,,batting all-rounder,,derived:role_from_usage/v1,0.95,false
Suraj Kumar,bb9d73d8,male,Oman,38,,,,,batter,occasional,derived:role_from_usage/v1 | derived:keeper_inference_aggregate/v1,0.95 | 0.61,false
PR Surve,206efeb1,male,Indonesia,38,,,,,batting all-rounder,,derived:role_from_usage/v1,0.95,false
Parvez Hossain Emon,489aaf0a,male,Bangladesh,38,,,,,batter,,derived:role_from_usage/v1,0.95,false
AR White,f27f89e8,male,Ireland,38,,,,,batting all-rounder,,derived:role_from_usage/v1,0.95,false
S Walaza,f67ea6d2,female,Uganda,38,,,,,bowler,,derived:role_from_usage/v1,0.95,false
M Shumba,6766ca00,male,Zimbabwe,38,,,,,batter,,derived:role_from_usage/v1,0.95,false
SI Kamea,0730a707,male,Papua New Guinea,38,,,,,bowler,,derived:role_from_usage/v1,0.95,false
SZ Vayani,a4afc486,male,Malawi,38,,,,,all-rounder,,derived:role_from_usage/v1,0.95,false
DL Brangman,dab18aa5,male,Bermuda,38,,,,,bowler,,derived:role_from_usage/v1,0.95,false
IECM Wong,e5b17517,female,England;Mumbai Indians,38,,,,,bowler,,derived:role_from_usage/v1,0.95,false
Shahadat Hossain,090f9211,male,Bangladesh,38,,,,,bowler,,derived:role_from_usage/v1,0.95,false
Riya Sharma,8b7cda26,female,Nepal,38,,,,,bowler,,derived:role_from_usage/v1,0.95,false
Yves Cyusa,b5aa28ce,male,Rwanda,38,,,,,batting all-rounder,,derived:role_from_usage/v1,0.95,false
Farhad Reza,4948a447,male,Bangladesh,38,,,,,bowler,,derived:role_from_usage/v1,0.95,false
L Idambo,27339093,female,Kenya,38,,,,,all-rounder,,derived:role_from_usage/v1,0.95,false
A Chandel,78fa5f6d,female,Japan,38,,,,,all-rounder,,derived:role_from_usage/v1,0.95,false
Shivam Mavi,c38d3503,male,India;Kolkata Knight Riders,38,,,,,bowler,,derived:role_from_usage/v1,0.95,false
Sirajullah Khadim,ff36e706,male,Portugal,38,,,,,bowler,,derived:role_from_usage/v1,0.95,false
SHT Kandamby,488b7e1b,male,Sri Lanka,38,,,,,batting all-rounder,,derived:role_from_usage/v1,0.95,false
IMHC Joyce,d3b4b8ed,female,Ireland,38,,,,,all-rounder,,derived:role_from_usage/v1,0.95,false
D Ravu,053f3ce3,male,Papua New Guinea,38,,,,,bowler,,derived:role_from_usage/v1,0.95,false
P Mapotsane,9ea555a4,female,Botswana,38,,,,,batting all-rounder,,derived:role_from_usage/v1,0.95,false
Ayasha Rahman,2f899a44,female,Bangladesh,38,,,,,batter,,derived:role_from_usage/v1,0.95,false
RB Patel,f88dc8de,male,Uganda,38,,,,,batter,,derived:role_from_usage/v1,0.95,false
Luqman Butt,7a6decc8,male,Cambodia,38,,,,,all-rounder,,derived:role_from_usage/v1,0.95,false
S Mahmood,0f6db197,male,England,38,,,,,bowler,,derived:role_from_usage/v1,0.95,false
Shaheryar Butt,b6bad765,male,Belgium,38,,,,,batter,,derived:role_from_usage/v1,0.95,false
L Yamamoto-Lake,fa23405f,male,Japan,38,,,,,batter,,derived:role_from_usage/v1,0.95,false
S Conteh,8f70fff7,male,Sierra Leone,38,,,,,all-rounder,,derived:role_from_usage/v1,0.95,false
N Burger,465aa633,male,Rajasthan Royals;South Africa,38,,,,,bowler,,derived:role_from_usage/v1,0.95,false
DJM Short,1a156c88,male,Australia;Rajasthan Royals,38,,,,,batting all-rounder,,derived:role_from_usage/v1,0.95,false
BTJ Wheal,3f61a062,male,Scotland,38,,,,,bowler,,derived:role_from_usage/v1,0.95,false
Namgay Thinley,9c333e40,male,Bhutan,38,,,,,all-rounder,,derived:role_from_usage/v1,0.95,false
A Randhawa,1798078c,male,Austria,38,,,,,batter,,derived:role_from_usage/v1,0.95,false
SJ Modani,290cba17,male,United States of America,38,,,,,batter,,derived:role_from_usage/v1,0.95,false
TD Smartt,cc3884f9,female,West Indies,38,,,,,bowler,,derived:role_from_usage/v1,0.95,false
D Doyle-Calle,74be2916,male,Spain,38,,,,,batter,,derived:role_from_usage/v1,0.95,false
Ibrahim Hassan,4add4c98,male,Maldives,38,,,,,bowler,,derived:role_from_usage/v1,0.95,false
K Gowtham,90de905a,male,India;Kings XI Punjab;Lucknow Super Giants;Rajasthan Royals,37,,,,,bowler,,derived:role_from_usage/v1,0.95,false
D Ferreira,f0af99a7,male,Delhi Capitals;Rajasthan Royals;South Africa,37,,,,,batting all-rounder,,derived:role_from_usage/v1,0.95,false
AM Kamara,4ca3d67d,female,Sierra Leone,37,,,,,all-rounder,,derived:role_from_usage/v1,0.95,false
S Tuhadeleni,13f7c5f4,female,Namibia,37,,,,,bowler,,derived:role_from_usage/v1,0.95,false
A Gurung,10854c82,female,Bhutan,37,,,,,all-rounder,,derived:role_from_usage/v1,0.95,false
Surya Anand,ef141f36,male,Denmark,37,,,,,all-rounder,,derived:role_from_usage/v1,0.95,false
HER Tyler,0ba9de33,male,Philippines,37,,,,,wicketkeeper-batter,yes,derived:role_from_usage/v1 | derived:keeper_inference_aggregate/v1,0.95 | 0.79,false
Selim Salau,d18d3a0f,male,Nigeria,37,,,,,batter,,derived:role_from_usage/v1,0.95,false
Naman Dhir,fffa744b,male,Mumbai Indians,37,,,,,batter,,derived:role_from_usage/v1,0.95,false
KM Beams,fa8f9dc3,female,Australia,37,,,,,bowler,,derived:role_from_usage/v1,0.95,false
Sufyan Mehmood,bf172ae6,male,Oman,37,,,,,all-rounder,,derived:role_from_usage/v1,0.95,false
Haider Ali,dd572696,male,United Arab Emirates,37,,,,,bowler,,derived:role_from_usage/v1,0.95,false
AF Giles,a4af4849,male,England,37,,,,,bowler,,derived:role_from_usage/v1,0.95,false
CL Cairns,0b130202,male,New Zealand,37,,,,,all-rounder,,derived:role_from_usage/v1,0.95,false
OH Agbomadzie,b38a9f73,male,Ghana,37,,,,,all-rounder,,derived:role_from_usage/v1,0.95,false
KS Bagabena,1ce4f664,male,Ghana,37,,,,,bowler,,derived:role_from_usage/v1,0.95,false
E Otieno,c57fa67e,male,Kenya,37,,,,,bowler,,derived:role_from_usage/v1,0.95,false
Sher Sahak,8299b9a2,male,Norway,37,,,,,batting all-rounder,,derived:role_from_usage/v1,0.95,false
LT Bichard,dfcdb11e,male,Guernsey,37,,,,,bowler,,derived:role_from_usage/v1,0.95,false
GC Murtaza,6cc4d322,male,Cambodia,37,,,,,bowler,,derived:role_from_usage/v1,0.95,false
C Hinze,626af7ff,male,Japan,37,,,,,bowler,,derived:role_from_usage/v1,0.95,false
KP Navgire,617a0b79,female,India;UP Warriorz,37,,,,,batter,,derived:role_from_usage/v1,0.95,false
H Karunaratne,f8e27d4a,female,Sri Lanka,37,,,,,batting all-rounder,,derived:role_from_usage/v1,0.95,false
TT Samaraweera,2008fc75,male,Sri Lanka,37,,,,,batter,,derived:role_from_usage/v1,0.95,false
MR Gillespie,7d7ab238,male,New Zealand,37,,,,,bowler,,derived:role_from_usage/v1,0.95,false
Abdur Rehman,d094e7d1,male,Pakistan,37,,,,,bowler,,derived:role_from_usage/v1,0.95,false
AA Patil,7c1ba524,female,India,37,,,,,all-rounder,,derived:role_from_usage/v1,0.95,false
B White,1a448be0,male,Ireland,37,,,,,bowler,,derived:role_from_usage/v1,0.95,false
Aritra Dutta,f3a5c378,male,Singapore,37,,,,,batter,,derived:role_from_usage/v1,0.95,false
RM Dorji,3d7f02d4,male,Bhutan,37,,,,,batting all-rounder,,derived:role_from_usage/v1,0.95,false
PJ Ongondo,27cc4361,male,Africa XI;Kenya,37,,,,,bowler,,derived:role_from_usage/v1,0.95,false
AM Phangiso,7f8ecc51,male,South Africa,37,,,,,bowler,,derived:role_from_usage/v1,0.95,false
SH Mohamedi,10ab6a37,female,Tanzania,37,,,,,wicketkeeper-batter,yes,derived:role_from_usage/v1 | derived:keeper_inference_aggregate/v1,0.95 | 0.97,false
LV Boas,3a00d34f,female,Brazil,37,,,,,all-rounder,,derived:role_from_usage/v1,0.95,false
A Patmore,85119526,male,Japan,37,,,,,wicketkeeper-batter,yes,derived:role_from_usage/v1 | derived:keeper_inference_aggregate/v1,0.95 | 0.87,false
N Choden,a904600a,female,Bhutan,37,,,,,wicketkeeper-batter,yes,derived:role_from_usage/v1 | derived:keeper_inference_aggregate/v1,0.95 | 0.89,false
Sheraz Sheikh,4aad6842,male,Belgium,37,,,,,batting all-rounder,,derived:role_from_usage/v1,0.95,false
P Khadka,12c3ba4d,male,Nepal,37,,,,,all-rounder,,derived:role_from_usage/v1,0.95,false
RMAM Avery,4cf645c9,female,Brazil,37,,,,,batting all-rounder,,derived:role_from_usage/v1,0.95,false
M Ribeiro,38424a4d,female,Brazil,37,,,,,bowler,,derived:role_from_usage/v1,0.95,false
E Sandy,59063d6b,female,Nigeria,37,,,,,batter,,derived:role_from_usage/v1,0.95,false
VD Philander,cfe70281,male,South Africa,37,,,,,bowler,,derived:role_from_usage/v1,0.95,false
R Mazumder,b23d3ec5,male,Cyprus,37,,,,,batter,,derived:role_from_usage/v1,0.95,false
LA Dunbar,f50433e9,male,Serbia,37,,,,,batter,,derived:role_from_usage/v1,0.95,false
E Niyomugabo,2dcac6ff,male,Rwanda,37,,,,,batting all-rounder,,derived:role_from_usage/v1,0.95,false
S Etim,aa197946,female,Nigeria,37,,,,,wicketkeeper-batter,yes,derived:role_from_usage/v1 | derived:keeper_inference_aggregate/v1,0.95 | 0.97,false
ZL Win,b5714cf9,female,Myanmar,37,,,,,all-rounder,occasional,derived:role_from_usage/v1 | derived:keeper_inference_aggregate/v1,0.95 | 0.61,false
T Bharaj,49556abb,male,Denmark,37,,,,,batter,occasional,derived:role_from_usage/v1 | derived:keeper_inference_aggregate/v1,0.95 | 0.61,false
K Mirpuri,441006af,male,Gibraltar,37,,,,,bowler,,derived:role_from_usage/v1,0.95,false
PSR Gurusinghe,591a7004,female,Singapore,37,,,,,wicketkeeper-batter,yes,derived:role_from_usage/v1 | derived:keeper_inference_aggregate/v1,0.95 | 0.85,false
JA Richardson,1ee08e9a,male,Australia;Delhi Capitals;Punjab Kings,37,,,,,bowler,,derived:role_from_usage/v1,0.95,false
D Abeyrathna,ee17d329,male,Norway,37,,,,,batting all-rounder,,derived:role_from_usage/v1,0.95,false
Sahel Zadran,dae28050,male,Austria,37,,,,,bowler,,derived:role_from_usage/v1,0.95,false
Nadeem Ahmed,023f6b02,male,Hong Kong,36,,,,,bowler,,derived:role_from_usage/v1,0.95,false
Z Kamara,a4e98e6b,female,Sierra Leone,36,,,,,batting all-rounder,occasional,derived:role_from_usage/v1 | derived:keeper_inference_aggregate/v1,0.95 | 0.61,false
NW Sariani,e910d955,female,Indonesia,36,,,,,bowler,,derived:role_from_usage/v1,0.95,false
Haider Ali,c13e34f4,male,Pakistan,36,,,,,batter,,derived:role_from_usage/v1,0.95,false
Umar Adam,5d77a96a,male,Maldives,36,,,,,all-rounder,,derived:role_from_usage/v1,0.95,false
D Sabir,04bc296f,male,Bermuda,36,,,,,batting all-rounder,,derived:role_from_usage/v1,0.95,false
DC Smith,a968d39b,male,Philippines,36,,,,,all-rounder,,derived:role_from_usage/v1,0.95,false
Anwar Ali,eb2d5fe7,male,Pakistan,36,,,,,bowler,,derived:role_from_usage/v1,0.95,false
V Araa,040f11e8,female,Papua New Guinea,36,,,,,bowler,,derived:role_from_usage/v1,0.95,false
MPP San,5bc290a2,female,Myanmar,36,,,,,all-rounder,,derived:role_from_usage/v1,0.95,false
TT Soe,59f44fde,female,Myanmar,36,,,,,all-rounder,,derived:role_from_usage/v1,0.95,false
S Periyalwar,d207e4fb,male,Romania,36,,,,,batter,,derived:role_from_usage/v1,0.95,false
S Davizi,5787be00,male,Czech Republic,36,,,,,batting all-rounder,,derived:role_from_usage/v1,0.95,false
Razmal Shigiwal,60cc80ac,male,Austria,36,,,,,batter,,derived:role_from_usage/v1,0.95,false
S Yeshi,0c24fb7b,male,Bhutan,36,,,,,bowler,,derived:role_from_usage/v1,0.95,false
E Beukes,fbb8cf87,male,Cambodia,36,,,,,batting all-rounder,,derived:role_from_usage/v1,0.95,false
S Choden,e1e0775d,female,Bhutan,36,,,,,batting all-rounder,,derived:role_from_usage/v1,0.95,false
L Cardoso,5777d460,female,Brazil,36,,,,,all-rounder,,derived:role_from_usage/v1,0.95,false
SAN Maypriani,ad135bde,female,Indonesia,36,,,,,bowler,,derived:role_from_usage/v1,0.95,false
SA Mohandas,8b0b3bba,male,Hungary,36,,,,,bowler,,derived:role_from_usage/v1,0.95,false
AR Puri,1f490b28,male,Singapore,36,,,,,bowler,,derived:role_from_usage/v1,0.95,false
D Ajekun,2494ff9e,male,Nigeria,36,,,,,batter,,derived:role_from_usage/v1,0.95,false
M Taniyama,cbd91942,male,Japan,36,,,,,bowler,,derived:role_from_usage/v1,0.95,false
I Chuma,b1021056,female,Mozambique,36,,,,,batting all-rounder,,derived:role_from_usage/v1,0.95,false
Shahreeennawab,faa8843f,female,Qatar,36,,,,,batting all-rounder,,derived:role_from_usage/v1,0.95,false
J Rasu,1021b6e5,male,Vanuatu,36,,,,,all-rounder,,derived:role_from_usage/v1,0.95,false
T Zangmo,b1f21c0f,female,Bhutan,36,,,,,all-rounder,,derived:role_from_usage/v1,0.95,false
Rizwan Haider,dc60abdc,male,Malaysia,36,,,,,bowler,,derived:role_from_usage/v1,0.95,false
NMP Suwandewi,52b57a65,female,Indonesia,36,,,,,all-rounder,,derived:role_from_usage/v1,0.95,false
N Nipiko,c498c510,male,Vanuatu,36,,,,,batting all-rounder,,derived:role_from_usage/v1,0.95,false
Abishek Porel,ad3b6e95,male,Delhi Capitals,36,,,,,batter,,derived:role_from_usage/v1,0.95,false
Usman Najeeb,615688b6,male,Saudi Arabia,36,,,,,bowler,,derived:role_from_usage/v1,0.95,false
BM Tickner,48ad3373,male,New Zealand,36,,,,,bowler,,derived:role_from_usage/v1,0.95,false
A Ndiraya,c8e6bddd,female,Zimbabwe,36,,,,,batter,,derived:role_from_usage/v1,0.95,false
F Eseigbe,292d11ee,female,Nigeria,36,,,,,batting all-rounder,,derived:role_from_usage/v1,0.95,false
HR Huddleston,8d6b36e3,female,New Zealand,36,,,,,bowler,,derived:role_from_usage/v1,0.95,false
LA Burns,5b616bf0,male,Spain,36,,,,,all-rounder,,derived:role_from_usage/v1,0.95,false
CNIM Joyce,56418eae,female,Ireland,35,,,,,batter,,derived:role_from_usage/v1,0.95,false
GA Elwiss,287ed3a0,female,England,35,,,,,bowler,,derived:role_from_usage/v1,0.95,false
MJG Nielsen,e2410b5e,female,New Zealand,35,,,,,bowler,,derived:role_from_usage/v1,0.95,false
GSNFG Jayasuriya,b58b7db6,male,Sri Lanka;United States of America,35,,,,,all-rounder,,derived:role_from_usage/v1,0.95,false
Saif Hassan,bb95564b,male,Bangladesh,35,,,,,batting all-rounder,,derived:role_from_usage/v1,0.95,false
Khadija Imtiaz,1438d928,female,Qatar,35,,,,,batting all-rounder,,derived:role_from_usage/v1,0.95,false
L Udeh,8451562a,female,Nigeria,35,,,,,bowler,,derived:role_from_usage/v1,0.95,false
S Nadigotla,b78b3ffd,male,Romania,35,,,,,wicketkeeper-batter,yes,derived:role_from_usage/v1 | derived:keeper_inference_aggregate/v1,0.95 | 0.86,false
Ali Khan,b0eaaac6,male,United States of America,35,,,,,bowler,,derived:role_from_usage/v1,0.95,false
IDA Damarell,580ae7f2,male,Guernsey,35,,,,,wicketkeeper-batter,yes,derived:role_from_usage/v1 | derived:keeper_inference_aggregate/v1,0.95 | 0.97,false
W Boshoff,cad11a02,male,Sweden,35,,,,,wicketkeeper-batter,yes,derived:role_from_usage/v1 | derived:keeper_inference_aggregate/v1,0.95 | 0.97,false
Haroon Arshad,be0f9ce9,male,Hong Kong,35,,,,,all-rounder,,derived:role_from_usage/v1,0.95,false
Saqlain Arshad,71ad618b,male,Qatar,35,,,,,batting all-rounder,,derived:role_from_usage/v1,0.95,false
A Raghuvanshi,d7017798,male,Kolkata Knight Riders,35,,,,,batter,occasional,derived:role_from_usage/v1 | derived:keeper_inference_aggregate/v1,0.95 | 0.61,false
Panna Ghosh,005f0561,female,Bangladesh,35,,,,,bowler,,derived:role_from_usage/v1,0.95,false
Jay Odedra,526e006d,male,Oman,35,,,,,bowler,,derived:role_from_usage/v1,0.95,false
N Deonarine,caf1b14c,male,West Indies,35,,,,,all-rounder,,derived:role_from_usage/v1,0.95,false
Azhar Mahmood,9a158001,male,Kings XI Punjab;Kolkata Knight Riders;Pakistan,35,,,,,all-rounder,,derived:role_from_usage/v1,0.95,false
J Intan,2dfdd316,female,Malaysia,35,,,,,batter,,derived:role_from_usage/v1,0.95,false
Roma Thapa,05d9faac,female,Nepal,35,,,,,batter,occasional,derived:role_from_usage/v1 | derived:keeper_inference_aggregate/v1,0.95 | 0.61,false
Bilal Hassun,1a9e9efe,male,Uganda,35,,,,,bowler,,derived:role_from_usage/v1,0.95,false
Ahmadullah Shinwari,e068d48e,male,Norway,35,,,,,bowler,,derived:role_from_usage/v1,0.95,false
V Zimonjic,7f784eb8,male,Serbia,35,,,,,all-rounder,,derived:role_from_usage/v1,0.95,false
Aman Desai,c10fd8f9,male,Singapore,35,,,,,wicketkeeper-batter,yes,derived:role_from_usage/v1 | derived:keeper_inference_aggregate/v1,0.95 | 0.89,false
Tenjin Rabgey,1fed517a,male,Bhutan,35,,,,,batter,,derived:role_from_usage/v1,0.95,false
P Awana,1a0c3177,male,India;Kings XI Punjab,35,,,,,bowler,,derived:role_from_usage/v1,0.95,false
CA Pujara,d4f9dbd4,male,India;Kings XI Punjab;Kolkata Knight Riders;Royal Challengers Bangalore,35,,,,,batter,,derived:role_from_usage/v1,0.95,false
Umm-e-Hani,6ee11109,female,Pakistan,35,,,,,bowler,,derived:role_from_usage/v1,0.95,false
Hussain Talat,bb4b445b,male,Pakistan,35,,,,,batting all-rounder,,derived:role_from_usage/v1,0.95,false
D Jakiel,8b7ce771,male,Malawi;Zimbabwe,35,,,,,bowler,,derived:role_from_usage/v1,0.95,false
FR Davies,2479daa6,female,England,35,,,,,bowler,,derived:role_from_usage/v1,0.95,false
LL Htun,ec687c3a,female,Myanmar,35,,,,,all-rounder,,derived:role_from_usage/v1,0.95,false
BE Hendricks,b56dc5f7,male,Kings XI Punjab;South Africa,35,,,,,bowler,,derived:role_from_usage/v1,0.95,false
S Vashisht,20ac8219,male,Romania,35,,,,,bowler,,derived:role_from_usage/v1,0.95,false
WJ Cope,fb34b0ec,male,Luxembourg,35,,,,,batting all-rounder,,derived:role_from_usage/v1,0.95,false
N Thushara,ee1b6c27,male,Mumbai Indians;Royal Challengers Bengaluru;Sri Lanka,35,,,,,bowler,,derived:role_from_usage/v1,0.95,false
OGL Bascome,94a1827c,male,Bermuda,35,,,,,batter,occasional,derived:role_from_usage/v1 | derived:keeper_inference_aggregate/v1,0.95 | 0.61,false
Mohammad Haris,ff3f6fc1,male,Pakistan,35,,,,,wicketkeeper-batter,yes,derived:role_from_usage/v1 | derived:keeper_inference_aggregate/v1,0.95 | 0.9,false
Ibrahim Rizan,7267e3cd,male,Maldives,35,,,,,bowler,,derived:role_from_usage/v1,0.95,false
Zon Lin,3b492b8d,female,Myanmar,35,,,,,batting all-rounder,,derived:role_from_usage/v1,0.95,false
L Filer,31adb911,female,England,35,,,,,bowler,,derived:role_from_usage/v1,0.95,false
Adnan Idrees,0e34c23a,male,Kuwait,35,,,,,all-rounder,,derived:role_from_usage/v1,0.95,false
VS Padhaal,c4fb0b39,male,Finland,35,,,,,batter,,derived:role_from_usage/v1,0.95,false
GP Tom,88bcd09d,female,Papua New Guinea,35,,,,,bowler,,derived:role_from_usage/v1,0.95,false
SS McKechnie,e6dd77bb,male,Hong Kong,35,,,,,wicketkeeper-batter,yes,derived:role_from_usage/v1 | derived:keeper_inference_aggregate/v1,0.95 | 0.85,false
AP Tare,855a210c,male,Delhi Daredevils;Mumbai Indians;Sunrisers Hyderabad,35,,,,,batter,yes,derived:role_from_usage/v1 | derived:keeper_inference_aggregate/v1,0.95 | 0.67,false
Hamza Dar,557550a4,male,Spain,35,,,,,batter,,derived:role_from_usage/v1,0.95,false
F Chipare,c0dc015b,female,Zimbabwe,35,,,,,bowler,,derived:role_from_usage/v1,0.95,false
R Shimwamana,03fb10bd,female,Rwanda,35,,,,,bowler,,derived:role_from_usage/v1,0.95,false
Zahir Mohammed,7c38942a,male,Hungary,35,,,,,batter,,derived:role_from_usage/v1,0.95,false
SF Daley,1f7825dd,female,West Indies,35,,,,,all-rounder,,derived:role_from_usage/v1,0.95,false
A Aitken-Drummond,25c73eb6,female,Scotland,34,,,,,batting all-rounder,,derived:role_from_usage/v1,0.95,false
MDN Hansika,dfc89c58,female,Sri Lanka,34,,,,,batter,,derived:role_from_usage/v1,0.95,false
A Steyn,14baca9f,female,South Africa,34,,,,,batter,,derived:role_from_usage/v1,0.95,false
RL Powell,33a50ecf,male,West Indies,34,,,,,batting all-rounder,,derived:role_from_usage/v1,0.95,false
TT Aung,57fb24e6,female,Myanmar,34,,,,,batter,,derived:role_from_usage/v1,0.95,false
AS Qwele,26b3df21,female,Tanzania,34,,,,,all-rounder,,derived:role_from_usage/v1,0.95,false
S Kananji,23917bf0,female,Malawi,34,,,,,all-rounder,,derived:role_from_usage/v1,0.95,false
Kashif Daud,24fcd95d,male,United Arab Emirates,34,,,,,all-rounder,,derived:role_from_usage/v1,0.95,false
Ayesha Naseem,8c2c0a03,female,Pakistan,34,,,,,batter,,derived:role_from_usage/v1,0.95,false
N Navaika,b0023708,female,Vanuatu,34,,,,,all-rounder,,derived:role_from_usage/v1,0.95,false
EL Bartram,5fa7f030,female,Italy,34,,,,,all-rounder,,derived:role_from_usage/v1,0.95,false
DM Gondaria,9048c17e,male,Kenya,34,,,,,batting all-rounder,,derived:role_from_usage/v1,0.95,false
R Sathish,626c5379,male,Kings XI Punjab;Kolkata Knight Riders;Mumbai Indians,34,,,,,batting all-rounder,,derived:role_from_usage/v1,0.95,false
CR Pagydyala,d7c02672,female,United States of America,34,,,,,batter,,derived:role_from_usage/v1,0.95,false
MA Jones,05f96194,male,Scotland,34,,,,,batter,,derived:role_from_usage/v1,0.95,false
P Murungi,fbdc5ab1,male,Uganda,34,,,,,batter,,derived:role_from_usage/v1,0.95,false
Aminata Kamara,f7aca3b3,female,Sierra Leone,34,,,,,all-rounder,,derived:role_from_usage/v1,0.95,false
A Salomao,04e145f4,female,Mozambique,34,,,,,bowler,,derived:role_from_usage/v1,0.95,false
V Langiatu,fdd18ca0,female,Vanuatu,34,,,,,batter,,derived:role_from_usage/v1,0.95,false
R Andrew,66c1accf,female,Vanuatu,34,,,,,all-rounder,,derived:role_from_usage/v1,0.95,false
TB Robinson,5d664346,male,New Zealand,34,,,,,batter,,derived:role_from_usage/v1,0.95,false
B Niaz,b7824537,male,Belgium,34,,,,,batting all-rounder,,derived:role_from_usage/v1,0.95,false
A Dalzell,66498395,female,Ireland,34,,,,,all-rounder,,derived:role_from_usage/v1,0.95,false
RA Sealy,1e98804a,male,Cayman Islands,34,,,,,wicketkeeper-batter,yes,derived:role_from_usage/v1 | derived:keeper_inference_aggregate/v1,0.95 | 0.73,false
H Goto,b3af5bff,female,Japan,34,,,,,batter,yes,derived:role_from_usage/v1 | derived:keeper_inference_aggregate/v1,0.95 | 0.69,false
S Lita D'Sa,a289cfa0,female,Kuwait,34,,,,,batter,yes,derived:role_from_usage/v1 | derived:keeper_inference_aggregate/v1,0.95 | 0.68,false
C Mahamalage,3250b7db,female,Italy,34,,,,,all-rounder,,derived:role_from_usage/v1,0.95,false
M Yunusu Issa,bbab35a3,male,Tanzania,34,,,,,batting all-rounder,,derived:role_from_usage/v1,0.95,false
T Perera,456397e5,male,Botswana,34,,,,,batting all-rounder,,derived:role_from_usage/v1,0.95,false
SJ Coyte,a5f488bc,female,Australia,34,,,,,bowler,,derived:role_from_usage/v1,0.95,false
Mohamed Azzam,e43c9818,male,Maldives,34,,,,,wicketkeeper-batter,yes,derived:role_from_usage/v1 | derived:keeper_inference_aggregate/v1,0.95 | 0.97,false
JN Malan,f76d7466,male,South Africa,34,,,,,batter,,derived:role_from_usage/v1,0.95,false
NK Ariani,382377a4,female,Indonesia,34,,,,,bowler,,derived:role_from_usage/v1,0.95,false
GP Meade,3957a70a,male,Italy,34,,,,,wicketkeeper-batter,yes,derived:role_from_usage/v1 | derived:keeper_inference_aggregate/v1,0.95 | 0.79,false
Qanita Jalil,2ea9b32c,female,Pakistan,34,,,,,all-rounder,,derived:role_from_usage/v1,0.95,false
Kainat Imtiaz,9714e764,female,Pakistan,34,,,,,all-rounder,,derived:role_from_usage/v1,0.95,false
Waji Ul Hassan,6892f9c3,male,Saudi Arabia,34,,,,,batting all-rounder,,derived:role_from_usage/v1,0.95,false
C Bah,7213d757,male,Sierra Leone,34,,,,,batting all-rounder,,derived:role_from_usage/v1,0.95,false
Sazib Bhuiyan,e5464794,male,Czech Republic,34,,,,,all-rounder,,derived:role_from_usage/v1,0.95,false
AJ Turner,ff1e12a0,male,Australia;Lucknow Super Giants;Rajasthan Royals,34,,,,,batting all-rounder,,derived:role_from_usage/v1,0.95,false
TI Gajanayake,d577d45a,female,Bahrain,34,,,,,all-rounder,,derived:role_from_usage/v1,0.95,false
S Smith,18a0ba24,male,Bermuda,34,,,,,wicketkeeper-batter,yes,derived:role_from_usage/v1 | derived:keeper_inference_aggregate/v1,0.95 | 0.97,false
D Wulandari,8c0d904e,female,Indonesia,34,,,,,batting all-rounder,,derived:role_from_usage/v1,0.95,false
SVE Bharathi,6a63c29c,male,Germany,34,,,,,bowler,,derived:role_from_usage/v1,0.95,false
Walid Ghauri,331e137f,male,Norway,34,,,,,batter,,derived:role_from_usage/v1,0.95,false
Kartik Tyagi,5d2eea49,male,Gujarat Titans;Kolkata Knight Riders;Rajasthan Royals;Sunrisers Hyderabad,34,,,,,bowler,,derived:role_from_usage/v1,0.95,false
NC Monteiro,752af5a4,female,Brazil,34,,,,,bowler,,derived:role_from_usage/v1,0.95,false
Shariz Ahmad,7595b47f,male,Netherlands,34,,,,,bowler,,derived:role_from_usage/v1,0.95,false
Mohammad Ghazanfar,00321fff,male,Hong Kong,34,,,,,bowler,,derived:role_from_usage/v1,0.95,false
S Bodha,00467a76,male,Gibraltar,34,,,,,bowler,,derived:role_from_usage/v1,0.95,false
AM Fernando,de3d549a,male,Sri Lanka,34,,,,,bowler,,derived:role_from_usage/v1,0.95,false
BJ Watling,928670cc,male,New Zealand,33,,,,,batter,,derived:role_from_usage/v1,0.95,false
A Chilia,a0d07fd6,female,Vanuatu,33,,,,,batter,,derived:role_from_usage/v1,0.95,false
H Dhavina,cd12f384,female,Singapore,33,,,,,bowler,,derived:role_from_usage/v1,0.95,false
L Malino,7a81836e,female,Malawi,33,,,,,bowler,,derived:role_from_usage/v1,0.95,false
S Thanikaithasan,498aacac,male,Denmark,33,,,,,batter,,derived:role_from_usage/v1,0.95,false
Sachin Mandy,501fca0d,male,Germany,33,,,,,wicketkeeper-batter,yes,derived:role_from_usage/v1 | derived:keeper_inference_aggregate/v1,0.95 | 0.94,false
Javed Hina,a487762e,female,Oman,33,,,,,batter,,derived:role_from_usage/v1,0.95,false
A Dcosta,3a4d914f,female,Oman,33,,,,,all-rounder,,derived:role_from_usage/v1,0.95,false
S Chinawa,bdbde085,female,Malawi,33,,,,,batter,,derived:role_from_usage/v1,0.95,false
JE Dunford,89a7dd4a,male,Jersey,33,,,,,wicketkeeper-batter,yes,derived:role_from_usage/v1 | derived:keeper_inference_aggregate/v1,0.95 | 0.97,false
LB Ferbrache,0f72f582,male,Guernsey,33,,,,,batter,,derived:role_from_usage/v1,0.95,false
W Miyauchi,fef40097,male,Japan,33,,,,,wicketkeeper-batter,yes,derived:role_from_usage/v1 | derived:keeper_inference_aggregate/v1,0.95 | 0.82,false
DD Ebrahim,b590a4d8,male,Zimbabwe,33,,,,,batter,,derived:role_from_usage/v1,0.95,false
TP Visee,881b3f8e,male,Netherlands,33,,,,,batter,,derived:role_from_usage/v1,0.95,false
Bipul Sharma,c18496e1,male,Kings XI Punjab;Sunrisers Hyderabad,33,,,,,bowler,,derived:role_from_usage/v1,0.95,false
M Mani,8d1ade08,female,Delhi Capitals;India,33,,,,,bowler,,derived:role_from_usage/v1,0.95,false
M Phiase,537cc79f,female,Botswana,33,,,,,batting all-rounder,,derived:role_from_usage/v1,0.95,false
C Chukwuonye,bb0aac11,female,Nigeria,33,,,,,batting all-rounder,,derived:role_from_usage/v1,0.95,false
T Wangchuk,39799e49,male,Bhutan,33,,,,,bowler,,derived:role_from_usage/v1,0.95,false
C Roberts,07ac9c54,male,France,33,,,,,batter,,derived:role_from_usage/v1,0.95,false
DP Vaidya,f9ded29b,female,India;UP Warriorz,33,,,,,all-rounder,,derived:role_from_usage/v1,0.95,false
GC Bhogle,a1965ce2,female,United States of America,33,,,,,batter,,derived:role_from_usage/v1,0.95,false
Apsari Begam,eb765b41,female,Nepal,33,,,,,batter,,derived:role_from_usage/v1,0.95,false
Sahir Naqash,352e589f,male,Germany,33,,,,,all-rounder,,derived:role_from_usage/v1,0.95,false
E Anyipo,d9e5ecb4,female,Uganda,33,,,,,bowler,,derived:role_from_usage/v1,0.95,false
MH Ushanga,0286eabe,female,Tanzania,33,,,,,bowler,,derived:role_from_usage/v1,0.95,false
R Bakum,c74c583b,male,Ghana,33,,,,,batting all-rounder,,derived:role_from_usage/v1,0.95,false
G Bakiweyem,5fe3709e,male,Ghana,33,,,,,bowler,,derived:role_from_usage/v1,0.95,false
A Mansale,a22b4f3f,male,Vanuatu,33,,,,,batter,,derived:role_from_usage/v1,0.95,false
DC Thomas,08a4f9ad,male,West Indies,33,,,,,wicketkeeper-batter,yes,derived:role_from_usage/v1 | derived:keeper_inference_aggregate/v1,0.95 | 0.84,false
SP Krishnamurthi,3b8e7647,male,United States of America,33,,,,,batting all-rounder,,derived:role_from_usage/v1,0.95,false
S Shrivastava,ac166f77,male,Oman,33,,,,,bowler,,derived:role_from_usage/v1,0.95,false
Aslam Khan,31080a88,male,Malaysia,33,,,,,batter,,derived:role_from_usage/v1,0.95,false
AM Hardie,d405c0d5,male,Australia,33,,,,,all-rounder,,derived:role_from_usage/v1,0.95,false
M Choamba,5570c4c1,male,Malawi,33,,,,,batting all-rounder,,derived:role_from_usage/v1,0.95,false
B Stanlake,6834d1f2,male,Australia;Royal Challengers Bangalore;Sunrisers Hyderabad,33,,,,,bowler,,derived:role_from_usage/v1,0.95,false
F Odhiambo,97eb9a07,female,Kenya,33,,,,,batting all-rounder,,derived:role_from_usage/v1,0.95,false
A Makri,98affc04,female,Greece,33,,,,,all-rounder,occasional,derived:role_from_usage/v1 | derived:keeper_inference_aggregate/v1,0.95 | 0.61,false
P Mujaji,a246f48f,female,Zimbabwe,33,,,,,batter,occasional,derived:role_from_usage/v1 | derived:keeper_inference_aggregate/v1,0.95 | 0.62,false
A Dizija,6483c062,male,Serbia,33,,,,,batter,,derived:role_from_usage/v1,0.95,false
PV Tambe,6aed7e79,male,Gujarat Lions;Rajasthan Royals,33,,,,,bowler,,derived:role_from_usage/v1,0.95,false
A Argyropoulou,3f1bfd19,female,Greece,33,,,,,wicketkeeper-batter,yes,derived:role_from_usage/v1 | derived:keeper_inference_aggregate/v1,0.95 | 0.97,false
M Vervitsioti,6fd40892,female,Greece,33,,,,,all-rounder,,derived:role_from_usage/v1,0.95,false
M Corazon,0baa36e0,female,Indonesia,33,,,,,batter,,derived:role_from_usage/v1,0.95,false
Ashutosh Sharma,84d9c311,male,Delhi Capitals;Punjab Kings,32,,,,,batter,,derived:role_from_usage/v1,0.95,false
FA Sargent,fa6e2cb3,female,Ireland,32,,,,,bowler,,derived:role_from_usage/v1,0.95,false
Fariha Trisna,7b51bfa4,female,Bangladesh,32,,,,,bowler,,derived:role_from_usage/v1,0.95,false
SJ McGlashan,af71535d,female,New Zealand,32,,,,,batter,,derived:role_from_usage/v1,0.95,false
AM Blignaut,80ec5dfd,male,Zimbabwe,32,,,,,bowler,,derived:role_from_usage/v1,0.95,false
S Georgota,d07b6842,female,Greece,32,,,,,all-rounder,,derived:role_from_usage/v1,0.95,false
H Iwasaki,f2698c78,female,Japan,32,,,,,batter,,derived:role_from_usage/v1,0.95,false
H Doriga,5aa874da,female,Papua New Guinea,32,,,,,batter,,derived:role_from_usage/v1,0.95,false
BB Sran,d8b2f218,male,India;Kings XI Punjab;Mumbai Indians;Rajasthan Royals;Sunrisers Hyderabad,32,,,,,bowler,,derived:role_from_usage/v1,0.95,false
SM Dhanusri,4e4d2c20,female,Malaysia,32,,,,,batting all-rounder,,derived:role_from_usage/v1,0.95,false
L Bull,256d29e8,female,Sierra Leone,32,,,,,all-rounder,,derived:role_from_usage/v1,0.95,false
O Mondlane,7f97139f,female,Mozambique,32,,,,,batting all-rounder,,derived:role_from_usage/v1,0.95,false
Geovanis Uwase,088f22fd,female,Rwanda,32,,,,,batting all-rounder,,derived:role_from_usage/v1,0.95,false
Fayaz Khan,373954ca,male,Germany,32,,,,,batting all-rounder,,derived:role_from_usage/v1,0.95,false
BV Sears,e1891e00,male,New Zealand,32,,,,,bowler,,derived:role_from_usage/v1,0.95,false
G Mckeon,31366b7e,male,France,32,,,,,batting all-rounder,,derived:role_from_usage/v1,0.95,false
BCJ Cutting,2e11c706,male,Australia;ICC World XI;Mumbai Indians;Rajasthan Royals;Sunrisers Hyderabad,32,,,,,all-rounder,,derived:role_from_usage/v1,0.95,false
Sanjida Akter Meghla,a6412417,female,Bangladesh,32,,,,,bowler,,derived:role_from_usage/v1,0.95,false
ZB Lion-Cachet,d99de998,male,Netherlands,32,,,,,all-rounder,,derived:role_from_usage/v1,0.95,false
YS Samra,d02c40ab,male,Canada,32,,,,,batter,,derived:role_from_usage/v1,0.95,false
J Jarvis,ab54f9e7,male,Scotland,32,,,,,bowler,,derived:role_from_usage/v1,0.95,false
Rameesha Shahid,b810425e,female,Germany,32,,,,,batting all-rounder,,derived:role_from_usage/v1,0.95,false
M Rathnayake,a969dc4c,female,Italy,32,,,,,wicketkeeper-batter,yes,derived:role_from_usage/v1 | derived:keeper_inference_aggregate/v1,0.95 | 0.97,false
GK Ghalley,2d1b6dee,male,Bhutan,32,,,,,batter,,derived:role_from_usage/v1,0.95,false
Usman Shinwari,f0e722e0,male,Pakistan,32,,,,,bowler,,derived:role_from_usage/v1,0.95,false
NKF Rada Rani,39f4084c,female,Indonesia,32,,,,,batting all-rounder,,derived:role_from_usage/v1,0.95,false
M Polimeri,35ccd83f,female,Greece,32,,,,,batter,,derived:role_from_usage/v1,0.95,false
N Benjamin,58317766,female,Namibia,32,,,,,batting all-rounder,,derived:role_from_usage/v1,0.95,false
Sonam,09cbca15,female,Bhutan,32,,,,,all-rounder,,derived:role_from_usage/v1,0.95,false
Zeshan Arif,6829b373,male,Austria,32,,,,,batter,,derived:role_from_usage/v1,0.95,false
W Nalisa,673be48f,male,Vanuatu,32,,,,,bowler,,derived:role_from_usage/v1,0.95,false
MG Bevan,c500ec39,male,Australia,32,,,,,batter,,derived:role_from_usage/v1,0.95,false
G Kansonkho,f3ca5af8,male,Malawi,32,,,,,batter,,derived:role_from_usage/v1,0.95,false
MLG Silva,3b62a6b4,female,Brazil,32,,,,,batter,,derived:role_from_usage/v1,0.95,false
Hisham Sheikh,c4441675,male,Saudi Arabia,32,,,,,all-rounder,,derived:role_from_usage/v1,0.95,false
S Joseph,97290faf,male,Lucknow Super Giants;West Indies,32,,,,,bowler,,derived:role_from_usage/v1,0.95,false
C Pengkumta,b3540b2a,male,Thailand,32,,,,,all-rounder,,derived:role_from_usage/v1,0.95,false
M Podosky,c46999c7,male,Philippines,32,,,,,batting all-rounder,,derived:role_from_usage/v1,0.95,false
OB Nightingale,1deb4c0c,male,Guernsey,32,,,,,batter,,derived:role_from_usage/v1,0.95,false
NK Aneesh Kumar,e23da78c,male,Switzerland,32,,,,,bowler,,derived:role_from_usage/v1,0.95,false
IG Butler,b68a30f0,male,New Zealand,32,,,,,bowler,,derived:role_from_usage/v1,0.95,false
Azyan Farhath,3e06e7ac,male,Maldives,32,,,,,batting all-rounder,,derived:role_from_usage/v1,0.95,false
B Kgosiemang,059ec7a5,male,Botswana,32,,,,,bowler,,derived:role_from_usage/v1,0.95,false
DT Hondo,7fe5deb8,male,Zimbabwe,32,,,,,bowler,,derived:role_from_usage/v1,0.95,false
DB Ravi Teja,b720a5d6,male,Deccan Chargers;Sunrisers Hyderabad,32,,,,,batter,,derived:role_from_usage/v1,0.95,false
SSM Stanislaus,34dd3fd9,male,Malta,32,,,,,batter,,derived:role_from_usage/v1,0.95,false
K McGill,bba7558e,female,Scotland,32,,,,,all-rounder,,derived:role_from_usage/v1,0.95,false
MB Tambe,1c1bb0d5,male,Finland,32,,,,,bowler,,derived:role_from_usage/v1,0.95,false
I Dulani,a2c23f31,female,Sri Lanka,31,,,,,batter,,derived:role_from_usage/v1,0.95,false
Pratika Rawal,45a13dcf,female,India,31,,,,,batting all-rounder,,derived:role_from_usage/v1,0.95,false
SK Atai,a64e3b89,male,Papua New Guinea,31,,,,,batting all-rounder,occasional,derived:role_from_usage/v1 | derived:keeper_inference_aggregate/v1,0.95 | 0.61,false
JS Malhotra,9633359f,male,United States of America,31,,,,,batting all-rounder,yes,derived:role_from_usage/v1 | derived:keeper_inference_aggregate/v1,0.95 | 0.65,false
A Kirschbaum,d953bf92,male,Argentina,31,,,,,all-rounder,,derived:role_from_usage/v1,0.95,false
Umer Imtiaz,7b729851,male,Bahrain,31,,,,,batter,yes,derived:role_from_usage/v1 | derived:keeper_inference_aggregate/v1,0.95 | 0.65,false
V Baskaran,dd5a9067,male,Singapore,31,,,,,bowler,,derived:role_from_usage/v1,0.95,false
Avishka Iroshan,2964821b,male,Romania,31,,,,,batting all-rounder,,derived:role_from_usage/v1,0.95,false
Mohsin Khan,c33d8116,male,Lucknow Super Giants,31,,,,,bowler,,derived:role_from_usage/v1,0.95,false
DB Das,7050a1e7,male,Kolkata Knight Riders,31,,,,,batter,,derived:role_from_usage/v1,0.95,false
SP Goswami,541f85c9,male,Kolkata Knight Riders;Rajasthan Royals;Royal Challengers Bangalore;Sunrisers Hyderabad,31,,,,,wicketkeeper-batter,yes,derived:role_from_usage/v1 | derived:keeper_inference_aggregate/v1,0.95 | 0.83,false
S Asha,77143581,female,India;Royal Challengers Bangalore;UP Warriorz,31,,,,,bowler,,derived:role_from_usage/v1,0.95,false
HH Streak,37f501d7,male,Africa XI;Zimbabwe,31,,,,,bowler,,derived:role_from_usage/v1,0.95,false
Usman Khalid,314f0889,male,Saudi Arabia,31,,,,,all-rounder,,derived:role_from_usage/v1,0.95,false
M Taylor,92075cdc,male,Bahamas,31,,,,,all-rounder,,derived:role_from_usage/v1,0.95,false
M Kasselman,c6889eb6,male,Botswana,31,,,,,batter,yes,derived:role_from_usage/v1 | derived:keeper_inference_aggregate/v1,0.95 | 0.65,false
S Forbes,5ecfab18,female,Ireland,31,,,,,batter,,derived:role_from_usage/v1,0.95,false
ZGF Foulkes,30f92334,male,New Zealand,31,,,,,bowler,,derived:role_from_usage/v1,0.95,false
K Mishara,65cebd5d,male,Sri Lanka,31,,,,,batter,,derived:role_from_usage/v1,0.95,false
R Ntozakhe,94b30fa5,female,South Africa,31,,,,,bowler,,derived:role_from_usage/v1,0.95,false
D Wangmo,760fcf65,female,Bhutan,31,,,,,batting all-rounder,,derived:role_from_usage/v1,0.95,false
W Hornero-Garcia,7d5fef52,female,Germany,31,,,,,batting all-rounder,,derived:role_from_usage/v1,0.95,false
A Reyes,fd2b8c06,male,Gibraltar,31,,,,,batting all-rounder,,derived:role_from_usage/v1,0.95,false
F Mutua,21b67523,male,Kenya,31,,,,,bowler,,derived:role_from_usage/v1,0.95,false
KT Maphaka,107c26fb,male,Mumbai Indians;Rajasthan Royals;South Africa,31,,,,,bowler,,derived:role_from_usage/v1,0.95,false
Priyansh Arya,b5797845,male,Punjab Kings,31,,,,,batter,,derived:role_from_usage/v1,0.95,false
S Niyomuhoza,a5424013,female,Rwanda,31,,,,,batter,,derived:role_from_usage/v1,0.95,false
Ada Bhasin,b1c113d7,female,Singapore,31,,,,,all-rounder,,derived:role_from_usage/v1,0.95,false
Mominul Haque,de0a3209,male,Bangladesh,31,,,,,batting all-rounder,,derived:role_from_usage/v1,0.95,false
HA Varaiya,eeeebf82,male,Kenya,31,,,,,bowler,,derived:role_from_usage/v1,0.95,false
R Haiong,2832fbba,female,Mozambique,31,,,,,batting all-rounder,,derived:role_from_usage/v1,0.95,false
V Ravindran,e5ecb1ef,male,Hungary,31,,,,,batter,occasional,derived:role_from_usage/v1 | derived:keeper_inference_aggregate/v1,0.95 | 0.61,false
L Moises,b27f9716,female,Brazil,31,,,,,bowler,,derived:role_from_usage/v1,0.95,false
M Coetzee,3f149080,male,Hong Kong,31,,,,,batter,,derived:role_from_usage/v1,0.95,false
BV Vitori,37137c8b,male,Zimbabwe,31,,,,,bowler,,derived:role_from_usage/v1,0.95,false
Arjun Vinod,033e9d59,male,Switzerland,31,,,,,batting all-rounder,,derived:role_from_usage/v1,0.95,false
S Sriharsha,89f6c26f,female,United States of America,31,,,,,wicketkeeper-batter,yes,derived:role_from_usage/v1 | derived:keeper_inference_aggregate/v1,0.95 | 0.74,false
A Athanaze,58c2fac4,male,West Indies,31,,,,,batting all-rounder,,derived:role_from_usage/v1,0.95,false
NM Lyon,96a6a7ad,male,Australia,31,,,,,bowler,,derived:role_from_usage/v1,0.95,false
C Rumistrzewicz,3ed4e2ad,male,Spain,31,,,,,bowler,,derived:role_from_usage/v1,0.95,false
GJ Hopkins,4d3097d8,male,New Zealand,31,,,,,wicketkeeper-batter,yes,derived:role_from_usage/v1 | derived:keeper_inference_aggregate/v1,0.95 | 0.74,false
Ghulam Shabber,ced0ec25,male,United Arab Emirates,31,,,,,batter,occasional,derived:role_from_usage/v1 | derived:keeper_inference_aggregate/v1,0.95 | 0.61,false
K Ota,211f48fe,female,Japan,31,,,,,all-rounder,,derived:role_from_usage/v1,0.95,false
A Ashish Reddy,1c2a64cd,male,Deccan Chargers;Sunrisers Hyderabad,31,,,,,batting all-rounder,,derived:role_from_usage/v1,0.95,false
Khalid Ahmadi,cf0b9a0d,male,Belgium,31,,,,,bowler,,derived:role_from_usage/v1,0.95,false
H Fennell,0d38ab25,male,Argentina,31,,,,,bowler,,derived:role_from_usage/v1,0.95,false
ZM Tribe,96fe3e9f,male,Jersey,31,,,,,batting all-rounder,,derived:role_from_usage/v1,0.95,false
P Baron,c6d1b1e4,male,Argentina,31,,,,,batter,occasional,derived:role_from_usage/v1 | derived:keeper_inference_aggregate/v1,0.95 | 0.61,false
Amar Sharma,14e1fdab,male,Malta,31,,,,,all-rounder,,derived:role_from_usage/v1,0.95,false
K Inakale,eea862f6,female,Botswana,31,,,,,batting all-rounder,,derived:role_from_usage/v1,0.95,false
W O'Rourke,cb9b8664,male,Lucknow Super Giants;New Zealand,30,,,,,bowler,,derived:role_from_usage/v1,0.95,false
S Sadarangani,acd030a0,female,Germany,30,,,,,batting all-rounder,yes,derived:role_from_usage/v1 | derived:keeper_inference_aggregate/v1,0.95 | 0.64,false
KM Myat,c1b4e25c,female,Myanmar,30,,,,,batter,occasional,derived:role_from_usage/v1 | derived:keeper_inference_aggregate/v1,0.95 | 0.61,false
M Turay,1eec6a0f,female,Sierra Leone,30,,,,,batter,,derived:role_from_usage/v1,0.95,false
Musa Shaheen,6709b2de,male,Denmark,30,,,,,batter,,derived:role_from_usage/v1,0.95,false
C Brennan,80f9fd4f,male,Jersey,30,,,,,batter,,derived:role_from_usage/v1,0.95,false
Ritik Tomar,6de51a8e,male,Czech Republic,30,,,,,batting all-rounder,,derived:role_from_usage/v1,0.95,false
Pyae Phyo Wai,09e86895,male,Myanmar,30,,,,,all-rounder,,derived:role_from_usage/v1,0.95,false
KK Lin Thu,6cf75582,male,Myanmar,30,,,,,batting all-rounder,,derived:role_from_usage/v1,0.95,false
MPGT Ketiyage,2d45d7d2,male,Cyprus,30,,,,,batting all-rounder,,derived:role_from_usage/v1,0.95,false
Ahsan Malik,96503059,male,Netherlands,30,,,,,bowler,,derived:role_from_usage/v1,0.95,false
E Kubwimana,bfc7799f,male,Rwanda,30,,,,,bowler,,derived:role_from_usage/v1,0.95,false
S Sehrawat,0e9d4094,female,UP Warriorz,30,,,,,batter,,derived:role_from_usage/v1,0.95,false
J Fraser-McGurk,9b6e1b3f,male,Australia;Delhi Capitals,30,,,,,batter,,derived:role_from_usage/v1,0.95,false
M Madara,ecbcfef6,female,Sri Lanka,30,,,,,bowler,,derived:role_from_usage/v1,0.95,false
JJ Atkinson,bf2d865c,male,Hong Kong,30,,,,,wicketkeeper-batter,yes,derived:role_from_usage/v1 | derived:keeper_inference_aggregate/v1,0.95 | 0.84,false
HMCM Bandara,4fc516bd,male,Sri Lanka,30,,,,,bowler,,derived:role_from_usage/v1,0.95,false
DO Obuya,6ed3d5ac,male,Kenya,30,,,,,batter,,derived:role_from_usage/v1,0.95,false
M Tarimiala,0030a57d,female,Vanuatu,30,,,,,wicketkeeper-batter,yes,derived:role_from_usage/v1 | derived:keeper_inference_aggregate/v1,0.95 | 0.97,false
JS Pooranakaran,417bde96,female,Singapore,30,,,,,bowler,,derived:role_from_usage/v1,0.95,false
CM Saldanha,aee1bc06,female,Oman,30,,,,,wicketkeeper-batter,yes,derived:role_from_usage/v1 | derived:keeper_inference_aggregate/v1,0.95 | 0.97,false
D Nanayakkara,dbf22922,female,Italy,30,,,,,batting all-rounder,,derived:role_from_usage/v1,0.95,false
J Mees,ab1445ea,male,Luxembourg,30,,,,,batter,occasional,derived:role_from_usage/v1 | derived:keeper_inference_aggregate/v1,0.95 | 0.61,false
Z Burgess,d0042e16,male,Bermuda,30,,,,,bowler,,derived:role_from_usage/v1,0.95,false
Imran Ameer,b8e65260,male,Malta,30,,,,,all-rounder,,derived:role_from_usage/v1,0.95,false
Pratik Singh Bais,5b351aff,male,Mexico,30,,,,,bowler,,derived:role_from_usage/v1,0.95,false
S Gill,3e6e9a5f,male,Kenya,30,,,,,all-rounder,,derived:role_from_usage/v1,0.95,false
JL Denly,bdadf7da,male,England;Kolkata Knight Riders,30,,,,,batting all-rounder,,derived:role_from_usage/v1,0.95,false
S Immadi,a6dd06d6,female,United States of America,30,,,,,bowler,,derived:role_from_usage/v1,0.95,false
JWM Dalrymple,1afdbdbf,male,England,30,,,,,all-rounder,,derived:role_from_usage/v1,0.95,false
A Bagai,112959b2,male,Canada,30,,,,,wicketkeeper-batter,yes,derived:role_from_usage/v1 | derived:keeper_inference_aggregate/v1,0.95 | 0.97,false
S Meghana,302fb7ae,female,Gujarat Giants;India;Royal Challengers Bangalore;Royal Challengers Bengaluru,30,,,,,batter,,derived:role_from_usage/v1,0.95,false
R Padunglerd,8b6c33d0,female,Thailand,30,,,,,batting all-rounder,,derived:role_from_usage/v1,0.95,false
BS Fulmali,bd8689b0,female,Gujarat Giants;India,30,,,,,batter,,derived:role_from_usage/v1,0.95,false
V Vira,94271647,female,Vanuatu,30,,,,,bowler,,derived:role_from_usage/v1,0.95,false
R Sai Kishore,c7a995d3,male,Gujarat Titans;India,30,,,,,bowler,,derived:role_from_usage/v1,0.95,false
LB Williams,a1d95bd8,male,Delhi Capitals;South Africa,30,,,,,bowler,,derived:role_from_usage/v1,0.95,false
W Liengprasert,4dabe716,female,Thailand,30,,,,,batting all-rounder,,derived:role_from_usage/v1,0.95,false
MI Khagoitsa,2d772f77,female,Kenya,30,,,,,all-rounder,,derived:role_from_usage/v1,0.95,false
M Syrioti,f9df0aa2,female,Greece,30,,,,,all-rounder,,derived:role_from_usage/v1,0.95,false
S Kato,ef9ff861,female,Japan,30,,,,,all-rounder,,derived:role_from_usage/v1,0.95,false
Thuya Aung,2e092d2c,male,Myanmar,30,,,,,batting all-rounder,occasional,derived:role_from_usage/v1 | derived:keeper_inference_aggregate/v1,0.95 | 0.61,false
A Mundra,30ffaf85,male,Sweden,30,,,,,wicketkeeper-batter,yes,derived:role_from_usage/v1 | derived:keeper_inference_aggregate/v1,0.95 | 0.77,false
N Dutta,e258a603,male,Canada,30,,,,,bowler,,derived:role_from_usage/v1,0.95,false
DS Lehmann,53fe6ee4,male,Australia;Rajasthan Royals,30,,,,,all-rounder,,derived:role_from_usage/v1,0.95,false
O Bell,385eac52,female,Scotland,30,,,,,bowler,,derived:role_from_usage/v1,0.95,false
WAE Burton,b0358c6d,male,Serbia,30,,,,,batting all-rounder,occasional,derived:role_from_usage/v1 | derived:keeper_inference_aggregate/v1,0.95 | 0.61,false
Isa Zaroo,9822fb85,male,Bulgaria,30,,,,,batter,,derived:role_from_usage/v1,0.95,false
HK Bennett,94238673,male,New Zealand,30,,,,,bowler,,derived:role_from_usage/v1,0.95,false
PL Mommsen,a56f4b65,male,Scotland,30,,,,,batter,,derived:role_from_usage/v1,0.95,false
W Moutswi,e8c42000,female,Botswana,30,,,,,batting all-rounder,,derived:role_from_usage/v1,0.95,false
SK Awiah,bc3fc527,male,Ghana,30,,,,,batting all-rounder,,derived:role_from_usage/v1,0.95,false
T de Zorzi,d3a1c63d,male,South Africa,30,,,,,batter,,derived:role_from_usage/v1,0.95,false
R Lutaaya,04e0cdec,male,Uganda,30,,,,,batter,,derived:role_from_usage/v1,0.95,false
BR McDermott,c41043e6,male,Australia,30,,,,,batter,,derived:role_from_usage/v1,0.95,false
HH Aung,860042f6,female,Myanmar,30,,,,,batting all-rounder,,derived:role_from_usage/v1,0.95,false
A Perera,788afc32,female,Canada,30,,,,,batting all-rounder,,derived:role_from_usage/v1,0.95,false
JL Carter,0a9d8b61,male,West Indies,30,,,,,batting all-rounder,,derived:role_from_usage/v1,0.95,false
HL Colvin,d3a44255,female,England,30,,,,,bowler,,derived:role_from_usage/v1,0.95,false
T Mupariwa,21bf71ab,male,Zimbabwe,30,,,,,bowler,,derived:role_from_usage/v1,0.95,false
SC van Schalkwyk,97b0e4ff,male,United States of America,30,,,,,bowler,,derived:role_from_usage/v1,0.95,false
BD Glover,0dbe27b8,male,Netherlands,30,,,,,bowler,,derived:role_from_usage/v1,0.95,false
J Kila,d996ba33,male,Papua New Guinea,30,,,,,batting all-rounder,,derived:role_from_usage/v1,0.95,false
Amjad Javed,18eaf2fa,male,United Arab Emirates,30,,,,,all-rounder,,derived:role_from_usage/v1,0.95,false
P Maziya,4f85f02c,female,Malawi,30,,,,,all-rounder,,derived:role_from_usage/v1,0.95,false
Amar Naeem,f9dc404a,male,Austria,30,,,,,batter,occasional,derived:role_from_usage/v1 | derived:keeper_inference_aggregate/v1,0.95 | 0.61,false
EMKNH Senavirathna,ec691a5b,female,Sri Lanka,30,,,,,wicketkeeper-batter,yes,derived:role_from_usage/v1 | derived:keeper_inference_aggregate/v1,0.95 | 0.95,false
FL Mackay,7391f160,female,New Zealand,29,,,,,all-rounder,,derived:role_from_usage/v1,0.95,false
RM Haq,27159c6a,male,Scotland,29,,,,,bowler,,derived:role_from_usage/v1,0.95,false
S Uwera,1ef174b8,female,Rwanda,29,,,,,wicketkeeper-batter,yes,derived:role_from_usage/v1 | derived:keeper_inference_aggregate/v1,0.95 | 0.82,false
CS Nascimento,df997334,female,Brazil,29,,,,,bowler,,derived:role_from_usage/v1,0.95,false
GT Main,4ebc70ca,male,Scotland,29,,,,,bowler,,derived:role_from_usage/v1,0.95,false
KJ Stagno,46ad7e01,male,Gibraltar,29,,,,,wicketkeeper-batter,yes,derived:role_from_usage/v1 | derived:keeper_inference_aggregate/v1,0.95 | 0.81,false
YSD Seneveratne,0f71478c,male,Cayman Islands,29,,,,,batter,,derived:role_from_usage/v1,0.95,false
GM Muthui,d7e51f87,male,Kenya,29,,,,,bowler,,derived:role_from_usage/v1,0.95,false
AS Rajpoot,db31895a,male,Chennai Super Kings;Kings XI Punjab;Kolkata Knight Riders;Rajasthan Royals,29,,,,,bowler,,derived:role_from_usage/v1,0.95,false
MC Sorensen,3f18724b,male,Ireland,29,,,,,bowler,,derived:role_from_usage/v1,0.95,false
Sohag Gazi,5a4c12ab,male,Bangladesh,29,,,,,bowler,,derived:role_from_usage/v1,0.95,false
C Sudarsanan,391a825b,male,Malta,29,,,,,wicketkeeper-batter,yes,derived:role_from_usage/v1 | derived:keeper_inference_aggregate/v1,0.95 | 0.94,false
AL Menaria,8291f939,male,Rajasthan Royals,29,,,,,batting all-rounder,,derived:role_from_usage/v1,0.95,false
MN van Wyk,710dd98c,male,Kolkata Knight Riders;South Africa,29,,,,,batter,yes,derived:role_from_usage/v1 | derived:keeper_inference_aggregate/v1,0.95 | 0.67,false
EM Bermingham,180240d4,female,New Zealand,29,,,,,bowler,,derived:role_from_usage/v1,0.95,false
Tanwir Afzal,5f5ca1a7,male,Hong Kong,29,,,,,bowler,,derived:role_from_usage/v1,0.95,false
Umar Amin,3029e282,male,Pakistan,29,,,,,batter,,derived:role_from_usage/v1,0.95,false
NK Yadav,737e595d,male,Nepal,29,,,,,bowler,,derived:role_from_usage/v1,0.95,false
Nazmul Hossain,5e5eab39,male,Bangladesh,29,,,,,bowler,,derived:role_from_usage/v1,0.95,false
ZT Kyaw,cdf63aaa,female,Myanmar,29,,,,,batting all-rounder,,derived:role_from_usage/v1,0.95,false
E Kamara,3f8915a0,female,Sierra Leone,29,,,,,all-rounder,,derived:role_from_usage/v1,0.95,false
C Bull,a7b3bd26,female,Sierra Leone,29,,,,,all-rounder,,derived:role_from_usage/v1,0.95,false
J Barker,c18cecbe,male,Luxembourg,29,,,,,batter,,derived:role_from_usage/v1,0.95,false
Ashwin Vinod,8a99caa9,male,Switzerland,29,,,,,bowler,,derived:role_from_usage/v1,0.95,false
DA Blignaut,cfcf189f,male,Germany,29,,,,,batting all-rounder,,derived:role_from_usage/v1,0.95,false
Ibrahim Rahimi,f8ef3653,male,Norway,29,,,,,batter,occasional,derived:role_from_usage/v1 | derived:keeper_inference_aggregate/v1,0.95 | 0.61,false
R Tari,c4d19735,male,Vanuatu,29,,,,,batter,,derived:role_from_usage/v1,0.95,false
EL Lamb,02181d9a,female,England,29,,,,,batting all-rounder,,derived:role_from_usage/v1,0.95,false
Abdullah Shafique,fc2fffb5,male,Pakistan,29,,,,,batter,,derived:role_from_usage/v1,0.95,false
L Steenkamp,8bd9fd13,male,Namibia,29,,,,,batter,,derived:role_from_usage/v1,0.95,false
JA Rudolph,42537f07,male,Africa XI;South Africa,29,,,,,batter,,derived:role_from_usage/v1,0.95,false
S Kanankege,01815edc,female,Italy,29,,,,,bowler,,derived:role_from_usage/v1,0.95,false
RD Pangestuti,63fc4b92,female,Indonesia,29,,,,,batting all-rounder,,derived:role_from_usage/v1,0.95,false
Arslan Amjad,c228c52d,male,Estonia,29,,,,,batting all-rounder,,derived:role_from_usage/v1,0.95,false
A Martel,65cd62a9,male,Guernsey,29,,,,,all-rounder,,derived:role_from_usage/v1,0.95,false
Khin Aye,ad2efd29,male,Myanmar,29,,,,,batting all-rounder,,derived:role_from_usage/v1,0.95,false
NM Salonen,f5bd70f2,male,Finland,29,,,,,all-rounder,,derived:role_from_usage/v1,0.95,false
SI Mahmood,e97aefe2,male,England,29,,,,,bowler,,derived:role_from_usage/v1,0.95,false
KDA Lukies,14af45c4,male,Philippines,29,,,,,bowler,,derived:role_from_usage/v1,0.95,false
H Lin Aung,c343a8c6,male,Myanmar,29,,,,,batting all-rounder,,derived:role_from_usage/v1,0.95,false
CK Jasmat,5299063a,male,Samoa,29,,,,,all-rounder,,derived:role_from_usage/v1,0.95,false
A Turay,11a22126,male,Sierra Leone,29,,,,,batter,,derived:role_from_usage/v1,0.95,false
Abbas Ghani,a8f91f78,male,Hungary,29,,,,,batting all-rounder,,derived:role_from_usage/v1,0.95,false
OJ Hairs,c8a7b014,male,Scotland,29,,,,,batter,,derived:role_from_usage/v1,0.95,false
TK Joseph,4fafd79a,male,Ghana,29,,,,,wicketkeeper-batter,yes,derived:role_from_usage/v1 | derived:keeper_inference_aggregate/v1,0.95 | 0.97,false
JKC Claxton,e22f8ec1,female,West Indies,29,,,,,batting all-rounder,,derived:role_from_usage/v1,0.95,false
MD Botha,c2c7e58a,female,United Arab Emirates,29,,,,,all-rounder,,derived:role_from_usage/v1,0.95,false
KC Ramamoorthy,a89c270b,male,Indonesia,29,,,,,batter,,derived:role_from_usage/v1,0.95,false
F Suluoto,ae380321,male,Samoa,29,,,,,batter,,derived:role_from_usage/v1,0.95,false
SC Getkate,c8065f31,male,Ireland,29,,,,,all-rounder,,derived:role_from_usage/v1,0.95,false
MA Vermeulen,611c06dd,male,Zimbabwe,29,,,,,batter,,derived:role_from_usage/v1,0.95,false
Shah Abrar Hussain,6ec13131,male,Cambodia,29,,,,,all-rounder,,derived:role_from_usage/v1,0.95,false
A Kolan,85f5735b,female,United States of America,29,,,,,batter,yes,derived:role_from_usage/v1 | derived:keeper_inference_aggregate/v1,0.95 | 0.67,false
SK Patel,f93b43dd,male,United States of America,29,,,,,batter,yes,derived:role_from_usage/v1 | derived:keeper_inference_aggregate/v1,0.95 | 0.66,false
A Savvani,5d006a1a,female,Greece,29,,,,,all-rounder,,derived:role_from_usage/v1,0.95,false
AK Mohan,d55474ac,male,Finland,29,,,,,batter,occasional,derived:role_from_usage/v1 | derived:keeper_inference_aggregate/v1,0.95 | 0.61,false
Rizwan Cheema,3a026eb4,male,Canada,29,,,,,all-rounder,,derived:role_from_usage/v1,0.95,false
Wasim Ali,ea59139a,male,Oman,29,,,,,batting all-rounder,,derived:role_from_usage/v1,0.95,false
Lucky Ali,28b032ac,male,Denmark,29,,,,,batting all-rounder,,derived:role_from_usage/v1,0.95,false
V Abuga,1ce58052,female,Kenya,29,,,,,batter,,derived:role_from_usage/v1,0.95,false
V Suryavanshi,470f446b,male,India;Rajasthan Royals,29,,,,,batter,,derived:role_from_usage/v1,0.95,false
Rafiullah,369cc49c,male,Oman,29,,,,,batting all-rounder,,derived:role_from_usage/v1,0.95,false
DO Leicher,e28bb0b9,male,Namibia,29,,,,,batting all-rounder,,derived:role_from_usage/v1,0.95,false
S Khurana,9a9a056d,female,Netherlands,29,,,,,batter,,derived:role_from_usage/v1,0.95,false
SL Quintyne,3308d881,female,West Indies,29,,,,,all-rounder,,derived:role_from_usage/v1,0.95,false
Raja Adeel,7ee25c46,male,Spain,29,,,,,bowler,,derived:role_from_usage/v1,0.95,false
US Hathinjar,5f77f23a,male,Cambodia,29,,,,,wicketkeeper-batter,yes,derived:role_from_usage/v1 | derived:keeper_inference_aggregate/v1,0.95 | 0.97,false
PRCS Kumarihami,a1c4aed5,female,Sri Lanka,28,,,,,all-rounder,,derived:role_from_usage/v1,0.95,false
Marina Iqbal,e429f443,female,Pakistan,28,,,,,batter,,derived:role_from_usage/v1,0.95,false
T Mishra,c9cac448,male,Deccan Chargers;Kenya,28,,,,,batter,,derived:role_from_usage/v1,0.95,false
Nik Nur Atiela,cfdfe39c,female,Malaysia,28,,,,,bowler,,derived:role_from_usage/v1,0.95,false
Rizpha Bano,c7832845,female,Qatar,28,,,,,wicketkeeper-batter,yes,derived:role_from_usage/v1 | derived:keeper_inference_aggregate/v1,0.95 | 0.94,false
Afida Afthab,9446598e,female,Oman,28,,,,,batting all-rounder,,derived:role_from_usage/v1,0.95,false
A Adekunle,1b0ce76e,female,Nigeria,28,,,,,bowler,,derived:role_from_usage/v1,0.95,false
Ijaz Hussain,dc1dd6c4,male,Romania,28,,,,,all-rounder,,derived:role_from_usage/v1,0.95,false
AB Kamara,3951be49,male,Sierra Leone,28,,,,,batting all-rounder,,derived:role_from_usage/v1,0.95,false
Hamza Tariq,82e81007,male,Canada,28,,,,,wicketkeeper-batter,yes,derived:role_from_usage/v1 | derived:keeper_inference_aggregate/v1,0.95 | 0.93,false
AA Onikoyi,409ce380,male,Nigeria,28,,,,,batter,,derived:role_from_usage/v1,0.95,false
GI Hume,25550d06,male,Ireland,28,,,,,bowler,,derived:role_from_usage/v1,0.95,false
Lakshit Gupta,52b090a6,male,Cambodia,28,,,,,batting all-rounder,,derived:role_from_usage/v1,0.95,false
MM Dekeling,983a0c34,female,Netherlands,28,,,,,batting all-rounder,,derived:role_from_usage/v1,0.95,false
C Tear,7ffe4817,male,Scotland,28,,,,,batter,occasional,derived:role_from_usage/v1 | derived:keeper_inference_aggregate/v1,0.95 | 0.61,false
S Mosweu,10726a80,female,Botswana,28,,,,,all-rounder,,derived:role_from_usage/v1,0.95,false
Maryyam Ashraf,1b9d3eb3,female,Kuwait,28,,,,,batter,,derived:role_from_usage/v1,0.95,false
R Samson,e63c08e9,female,Nigeria,28,,,,,bowler,,derived:role_from_usage/v1,0.95,false
S Solman,24ed1f75,female,Vanuatu,28,,,,,all-rounder,,derived:role_from_usage/v1,0.95,false
Nonoha Yasumoto,eb33378d,female,Japan,28,,,,,bowler,,derived:role_from_usage/v1,0.95,false
J Gunasekar,e50c13a5,female,Oman,28,,,,,all-rounder,,derived:role_from_usage/v1,0.95,false
JK Vifah,a1448a10,male,Ghana,28,,,,,batting all-rounder,,derived:role_from_usage/v1,0.95,false
Rahmatullah Mangal,ec106638,male,France,28,,,,,bowler,,derived:role_from_usage/v1,0.95,false
Mohammad Ihsan,510e33d3,male,Spain,28,,,,,batter,yes,derived:role_from_usage/v1 | derived:keeper_inference_aggregate/v1,0.95 | 0.71,false
Shantanu Kaveri,091880f7,male,Mexico,28,,,,,batting all-rounder,,derived:role_from_usage/v1,0.95,false
BG Illing,80a0cd77,female,New Zealand,28,,,,,bowler,,derived:role_from_usage/v1,0.95,false
DS Bajwa,e3540b8c,male,Canada,28,,,,,batting all-rounder,,derived:role_from_usage/v1,0.95,false
CM McBride,9ec74db8,male,Scotland,28,,,,,batting all-rounder,,derived:role_from_usage/v1,0.95,false
L Maritz,ac8bca8d,female,Ireland,28,,,,,bowler,,derived:role_from_usage/v1,0.95,false
K Dema,0b211a32,female,Bhutan,28,,,,,batter,,derived:role_from_usage/v1,0.95,false
S Hook,eba871dd,male,Estonia,28,,,,,batter,,derived:role_from_usage/v1,0.95,false
SF Tiai,bf19d427,male,Samoa,28,,,,,all-rounder,,derived:role_from_usage/v1,0.95,false
SH Johnson,83c3e8e3,male,Australia;Chennai Super Kings;Gujarat Titans;Kolkata Knight Riders,28,,,,,bowler,,derived:role_from_usage/v1,0.95,false
Khaled Mahmud,0c8a1d51,male,Bangladesh,28,,,,,bowler,,derived:role_from_usage/v1,0.95,false
KM Dabengwa,df08c69e,male,Zimbabwe,28,,,,,all-rounder,,derived:role_from_usage/v1,0.95,false
A Doddaballapur,fe4f5d2b,female,Germany,28,,,,,all-rounder,,derived:role_from_usage/v1,0.95,false
MM Baig,add288ea,male,Qatar,28,,,,,all-rounder,,derived:role_from_usage/v1,0.95,false
JL Pattinson,f752db61,male,Australia;Mumbai Indians,28,,,,,bowler,,derived:role_from_usage/v1,0.95,false
MP Breetzke,35f173a0,male,Lucknow Super Giants;South Africa,28,,,,,batter,,derived:role_from_usage/v1,0.95,false
Muhammad Muneeb,5338b9f5,male,Belgium,28,,,,,batter,,derived:role_from_usage/v1,0.95,false
S Austin,40ee633c,male,Cyprus,28,,,,,batter,,derived:role_from_usage/v1,0.95,false
TL Best,db767b89,male,West Indies,28,,,,,bowler,,derived:role_from_usage/v1,0.95,false
A Bierwisch,b51d654f,female,Germany,28,,,,,batting all-rounder,,derived:role_from_usage/v1,0.95,false
JJ Huo,d816fc1c,male,Mozambique,28,,,,,all-rounder,,derived:role_from_usage/v1,0.95,false
A Fujikawa,9543a4fe,female,Japan,28,,,,,bowler,,derived:role_from_usage/v1,0.95,false
JK Kamande,270b3f8e,male,Kenya,28,,,,,all-rounder,,derived:role_from_usage/v1,0.95,false
AR Naidoo,68886c16,male,Cayman Islands,28,,,,,batter,,derived:role_from_usage/v1,0.95,false
Shan Masood,6843a783,male,Pakistan,28,,,,,batter,,derived:role_from_usage/v1,0.95,false
KOK Williams,78cb83f3,male,West Indies,28,,,,,bowler,,derived:role_from_usage/v1,0.95,false
Naveed Ahmed,87609cbb,male,Czech Republic,28,,,,,bowler,,derived:role_from_usage/v1,0.95,false
AK Sah,5b1d6583,male,Nepal,28,,,,,batter,,derived:role_from_usage/v1,0.95,false
J Kariko,cde067e1,male,Papua New Guinea,28,,,,,bowler,,derived:role_from_usage/v1,0.95,false
PS Athavale,c2f12310,male,Oman,28,,,,,wicketkeeper-batter,yes,derived:role_from_usage/v1 | derived:keeper_inference_aggregate/v1,0.95 | 0.9,false
T Maruma,f55c526f,male,Zimbabwe,28,,,,,batting all-rounder,,derived:role_from_usage/v1,0.95,false
Huzaifa Mohammed,65a29a30,male,Philippines,28,,,,,bowler,,derived:role_from_usage/v1,0.95,false
R Rohan,baf0fc26,male,Singapore,28,,,,,batter,,derived:role_from_usage/v1,0.95,false
S Wickramasekara,a9a09cb8,male,Czech Republic,28,,,,,all-rounder,,derived:role_from_usage/v1,0.95,false
HGV Vare,98299b67,male,Papua New Guinea,28,,,,,wicketkeeper-batter,yes,derived:role_from_usage/v1 | derived:keeper_inference_aggregate/v1,0.95 | 0.81,false
Md Ariyan,ff4805ee,male,Romania,28,,,,,batter,occasional,derived:role_from_usage/v1 | derived:keeper_inference_aggregate/v1,0.95 | 0.61,false
Junaid Siddiqui,9025e58f,male,Canada,28,,,,,bowler,,derived:role_from_usage/v1,0.95,false
LK O'Reilly,69a9bb78,female,Ireland,28,,,,,bowler,,derived:role_from_usage/v1,0.95,false
Lalit Yadav,ad427b5c,male,Delhi Capitals,27,,,,,batting all-rounder,,derived:role_from_usage/v1,0.95,false
RP Meredith,64775749,male,Australia;Mumbai Indians;Punjab Kings,27,,,,,bowler,,derived:role_from_usage/v1,0.95,false
A Zimunu,af6c03bc,female,Zimbabwe,27,,,,,bowler,,derived:role_from_usage/v1,0.95,false
IG Sharp,4de0779a,female,New Zealand,27,,,,,batter,,derived:role_from_usage/v1,0.95,false
TJ Vlaeminck,ef70a34b,female,Australia,27,,,,,bowler,,derived:role_from_usage/v1,0.95,false
F Irakoze,14f0a5e3,female,Rwanda,27,,,,,wicketkeeper-batter,yes,derived:role_from_usage/v1 | derived:keeper_inference_aggregate/v1,0.95 | 0.79,false
D Muhumuza,7636b587,male,Uganda,27,,,,,batting all-rounder,,derived:role_from_usage/v1,0.95,false
Umair Qasim,e086735b,male,Eswatini;Swaziland,27,,,,,all-rounder,,derived:role_from_usage/v1,0.95,false
O Olaleye,811785d2,male,Nigeria,27,,,,,batter,,derived:role_from_usage/v1,0.95,false
K Senamontree,e553e27f,male,Thailand,27,,,,,bowler,,derived:role_from_usage/v1,0.95,false
DR Patankar,e661915c,male,Malta,27,,,,,batter,,derived:role_from_usage/v1,0.95,false
S Ishaque,f2c1f0e5,female,India;Mumbai Indians,27,,,,,bowler,,derived:role_from_usage/v1,0.95,false
Yasir Shah,f2800ef3,male,Pakistan,27,,,,,bowler,,derived:role_from_usage/v1,0.95,false
AJ Bichel,3cf83487,male,Australia,27,,,,,bowler,,derived:role_from_usage/v1,0.95,false
KS Gautam,bc773c4a,female,Gujarat Giants;India,27,,,,,all-rounder,,derived:role_from_usage/v1,0.95,false
Najiha Alvi,faef39c1,female,Pakistan,27,,,,,wicketkeeper-batter,yes,derived:role_from_usage/v1 | derived:keeper_inference_aggregate/v1,0.95 | 0.73,false
Hassan Nawaz,26a8b2fe,female;male,Pakistan;Singapore,27,,,,,batter,,derived:role_from_usage/v1,0.95,false
FDW McCreath,bccead86,male,Scotland,27,,,,,batter,,derived:role_from_usage/v1,0.95,false
UDU Chandana,434e36b1,male,Sri Lanka,27,,,,,bowler,,derived:role_from_usage/v1,0.95,false
M Zhu,36c3302e,female,China,27,,,,,batting all-rounder,,derived:role_from_usage/v1,0.95,false
B Fernando,dabbd0ae,male,Sri Lanka,27,,,,,bowler,,derived:role_from_usage/v1,0.95,false
NA Rock,43f4087c,male,Ireland,27,,,,,wicketkeeper-batter,yes,derived:role_from_usage/v1 | derived:keeper_inference_aggregate/v1,0.95 | 0.82,false
F Akankwasa,0d0f0385,male,Uganda,27,,,,,batting all-rounder,,derived:role_from_usage/v1,0.95,false
Hamid Safi,ec4ae12d,male,Austria,27,,,,,batter,,derived:role_from_usage/v1,0.95,false
TR Sadhu,25ca0573,female,Delhi Capitals;India,27,,,,,bowler,,derived:role_from_usage/v1,0.95,false
Syeda Aroob Shah,4cf8708b,female,Pakistan,27,,,,,bowler,,derived:role_from_usage/v1,0.95,false
TJG Pringle,8ce2080b,male,Netherlands,27,,,,,bowler,,derived:role_from_usage/v1,0.95,false
KS Kasse,007a3773,female,Indonesia,27,,,,,batter,,derived:role_from_usage/v1,0.95,false
R Poddar,4e38a3d6,female,Nepal,27,,,,,wicketkeeper-batter,yes,derived:role_from_usage/v1 | derived:keeper_inference_aggregate/v1,0.95 | 0.97,false
JP Kaltapau,d8dccff5,male,Vanuatu,27,,,,,batter,,derived:role_from_usage/v1,0.95,false
Arshad Khan,12314277,male,Gujarat Titans;Lucknow Super Giants;Mumbai Indians,27,,,,,bowler,,derived:role_from_usage/v1,0.95,false
MS Panesar,5a37ec26,male,England,27,,,,,bowler,,derived:role_from_usage/v1,0.95,false
O Keitsemang,5145239b,female,Botswana,27,,,,,batting all-rounder,,derived:role_from_usage/v1,0.95,false
I Muhawenimana,2f37396f,female,Rwanda,27,,,,,bowler,,derived:role_from_usage/v1,0.95,false
MS Beresford,26eb73f9,female,Germany,27,,,,,bowler,,derived:role_from_usage/v1,0.95,false
Y Choden,6f17c546,female,Bhutan,27,,,,,batter,,derived:role_from_usage/v1,0.95,false
ASF Sirah,06bcade5,male,Philippines,27,,,,,all-rounder,,derived:role_from_usage/v1,0.95,false
J Baker,a12672e0,male,Cayman Islands,27,,,,,batter,occasional,derived:role_from_usage/v1 | derived:keeper_inference_aggregate/v1,0.95 | 0.63,false
Festus Benn,de6b3760,male,Bahamas,27,,,,,all-rounder,,derived:role_from_usage/v1,0.95,false
MR Swart,a75a78eb,male,Netherlands,27,,,,,all-rounder,,derived:role_from_usage/v1,0.95,false
KS Ahuja,58593620,female,Gujarat Giants;India;Royal Challengers Bangalore;Royal Challengers Bengaluru,27,,,,,batter,,derived:role_from_usage/v1,0.95,false
E Mathew,e00acf74,male,Malta,27,,,,,all-rounder,,derived:role_from_usage/v1,0.95,false
Pooja Ganesh,a186b627,female,United States of America,27,,,,,wicketkeeper-batter,yes,derived:role_from_usage/v1 | derived:keeper_inference_aggregate/v1,0.95 | 0.84,false
Samiullah Rahmani,d5c38041,male,Sweden,27,,,,,all-rounder,,derived:role_from_usage/v1,0.95,false
S Loubser,386f410e,female,South Africa,27,,,,,bowler,,derived:role_from_usage/v1,0.95,false
M Gogev,995fd3b2,male,Bulgaria,27,,,,,all-rounder,,derived:role_from_usage/v1,0.95,false
Joyleen Kaur,8ea44a61,female,Hong Kong,27,,,,,bowler,,derived:role_from_usage/v1,0.95,false
Lokesh Bam,75c8a26b,male,Nepal,27,,,,,batter,,derived:role_from_usage/v1,0.95,false
MR Meshram,89ee5191,female,India,27,,,,,batting all-rounder,,derived:role_from_usage/v1,0.95,false
AS Samra,bf976fb0,male,Philippines,27,,,,,batter,,derived:role_from_usage/v1,0.95,false
V Stolle,0dc4ac6c,female,Germany,27,,,,,batter,yes,derived:role_from_usage/v1 | derived:keeper_inference_aggregate/v1,0.95 | 0.72,false
CE McConchie,d285acaf,male,New Zealand,27,,,,,bowler,,derived:role_from_usage/v1,0.95,false
B George,1bdbf53b,male,Malta,27,,,,,batter,,derived:role_from_usage/v1,0.95,false
OEG Baartman,6b9eb501,male,South Africa,27,,,,,bowler,,derived:role_from_usage/v1,0.95,false
A Manohar,0890552f,male,Gujarat Titans;Sunrisers Hyderabad,27,,,,,batter,,derived:role_from_usage/v1,0.95,false
MM Penfold,645b2a2f,female,New Zealand,27,,,,,bowler,,derived:role_from_usage/v1,0.95,false
Harmeet Singh,2a72fd4f,male,Deccan Chargers;Kings XI Punjab,27,,,,,bowler,,derived:role_from_usage/v1,0.95,false
JOA Gordon,bb9b51f4,male,Canada,27,,,,,bowler,,derived:role_from_usage/v1,0.95,false
P Sarraf,82294960,male,Nepal,27,,,,,all-rounder,,derived:role_from_usage/v1,0.95,false
Prince Yadav,80b2fb19,male,India;Lucknow Super Giants,27,,,,,bowler,,derived:role_from_usage/v1,0.95,false
Batool Fatima,b1e5dade,female,Pakistan,27,,,,,wicketkeeper-batter,yes,derived:role_from_usage/v1 | derived:keeper_inference_aggregate/v1,0.95 | 0.97,false
S Pradhan,04f0d409,male,Bhutan,27,,,,,all-rounder,,derived:role_from_usage/v1,0.95,false
Saeed Ahmed,63d6e16e,male,Sweden,27,,,,,batter,,derived:role_from_usage/v1,0.95,false
M Upadhayay,cdda92be,female,Nepal,27,,,,,bowler,,derived:role_from_usage/v1,0.95,false
AA Navicha,5c805a60,male,Mozambique,27,,,,,batting all-rounder,,derived:role_from_usage/v1,0.95,false
Atif Mehmood,7fcc57bf,male,Spain,27,,,,,bowler,,derived:role_from_usage/v1,0.95,false
Vijaykumar Vyshak,54e52590,male,Punjab Kings;Royal Challengers Bangalore;Royal Challengers Bengaluru,26,,,,,bowler,,derived:role_from_usage/v1,0.93,false
K Oala,df70c3f2,female,Papua New Guinea,26,,,,,batting all-rounder,,derived:role_from_usage/v1,0.93,false
GB Brent,da785bf8,male,Zimbabwe,26,,,,,bowler,,derived:role_from_usage/v1,0.93,false
E Kuncova,7f2f40fa,female,Czech Republic,26,,,,,all-rounder,,derived:role_from_usage/v1,0.93,false
Ali Nayyer,4ec0443d,male,Switzerland,26,,,,,all-rounder,,derived:role_from_usage/v1,0.93,false
DK Anefie,f98c24ec,male,Ghana,26,,,,,bowler,,derived:role_from_usage/v1,0.93,false
Mohammad Rizlan,82afc034,male,Qatar,26,,,,,batter,yes,derived:role_from_usage/v1 | derived:keeper_inference_aggregate/v1,0.93 | 0.71,false
K Hinds,a268c07b,male,Bahamas,26,,,,,all-rounder,,derived:role_from_usage/v1,0.93,false
DR Sams,caf69bf7,male,Australia;Delhi Capitals;Mumbai Indians;Royal Challengers Bangalore,26,,,,,all-rounder,,derived:role_from_usage/v1,0.93,false
A Raza,838bc6ab,male,Belgium,26,,,,,wicketkeeper-batter,yes,derived:role_from_usage/v1 | derived:keeper_inference_aggregate/v1,0.93 | 0.97,false
Amjad Mahboob,48f25627,male,Singapore,26,,,,,bowler,,derived:role_from_usage/v1,0.93,false
P Suanchuai,e6948355,male,Thailand,26,,,,,wicketkeeper-batter,yes,derived:role_from_usage/v1 | derived:keeper_inference_aggregate/v1,0.93 | 0.86,false
P Thongsa,62318525,male,Thailand,26,,,,,batting all-rounder,,derived:role_from_usage/v1,0.93,false
MJ Humphreys,2c54c49b,male,Ireland,26,,,,,bowler,,derived:role_from_usage/v1,0.93,false
L Louwrens,b018e1eb,male,Namibia,26,,,,,batter,,derived:role_from_usage/v1,0.93,false
JWA Taylor,c374f37f,male,England,26,,,,,batter,,derived:role_from_usage/v1,0.93,false
C Udekwe,74a578d0,male,Nigeria,26,,,,,bowler,,derived:role_from_usage/v1,0.93,false
Y Nagar,662c47a6,male,Delhi Daredevils,26,,,,,batter,,derived:role_from_usage/v1,0.93,false
JL Hunter,110839f2,female,Australia,26,,,,,bowler,,derived:role_from_usage/v1,0.93,false
Rajin Saleh,acc321aa,male,Bangladesh,26,,,,,batting all-rounder,,derived:role_from_usage/v1,0.93,false
P Cuinica,efca38df,female,Mozambique,26,,,,,all-rounder,,derived:role_from_usage/v1,0.93,false
Habib Khan,5152ab02,male,Estonia,26,,,,,all-rounder,,derived:role_from_usage/v1,0.93,false
Jaspreet Singh,d76ab352,male,Italy,26,,,,,bowler,,derived:role_from_usage/v1,0.93,false
A Ferguson,4a8d1b14,male,Argentina,26,,,,,batter,,derived:role_from_usage/v1,0.93,false
T Rossi,5470418a,male,Argentina,26,,,,,all-rounder,,derived:role_from_usage/v1,0.93,false
Raza Iqbal,eee46f77,male,Norway,26,,,,,all-rounder,,derived:role_from_usage/v1,0.93,false
Anoop Orsu,488b7e22,male,Luxembourg,26,,,,,batter,,derived:role_from_usage/v1,0.93,false
Joshua Asia,c4ecc42c,male,Nigeria,26,,,,,bowler,,derived:role_from_usage/v1,0.93,false
H Lin Oo,2e005bfd,male,Myanmar,26,,,,,batting all-rounder,,derived:role_from_usage/v1,0.93,false
Sahil Chauhan,f219df21,male,Estonia,26,,,,,batter,,derived:role_from_usage/v1,0.93,false
SK Rana,47884f8e,female,Qatar,26,,,,,batter,,derived:role_from_usage/v1,0.93,false
N Joshi,cfece11f,female,Oman,26,,,,,batter,,derived:role_from_usage/v1,0.93,false
SMA Priyanjan,fec50c96,male,Sri Lanka,26,,,,,batting all-rounder,,derived:role_from_usage/v1,0.93,false
A Munisar,a811cb83,female,West Indies,26,,,,,bowler,,derived:role_from_usage/v1,0.93,false
LE Bosman,73e749e1,male,Africa XI;South Africa,26,,,,,batter,,derived:role_from_usage/v1,0.93,false
RS Glen,45c2db15,female,Scotland,26,,,,,batter,,derived:role_from_usage/v1,0.93,false
Sasha Azmi,9e4f6851,female,Malaysia,26,,,,,bowler,,derived:role_from_usage/v1,0.93,false
AC Sabino,dd45b04b,female,Brazil,26,,,,,batter,,derived:role_from_usage/v1,0.93,false
AL Mundundo,c1edced9,female,Mozambique,26,,,,,batting all-rounder,,derived:role_from_usage/v1,0.93,false
P Shetty,0dda36e7,female,Bahrain,26,,,,,all-rounder,,derived:role_from_usage/v1,0.93,false
A Nanda,704e0160,male,Luxembourg,26,,,,,bowler,,derived:role_from_usage/v1,0.93,false
TS Mills,245c97cb,male,England;ICC World XI;Mumbai Indians;Royal Challengers Bangalore,26,,,,,bowler,,derived:role_from_usage/v1,0.93,false
A McAuley,39e599c8,male,Isle of Man,26,,,,,batter,,derived:role_from_usage/v1,0.93,false
HA Jackson,ee40679e,male,France,26,,,,,batter,yes,derived:role_from_usage/v1 | derived:keeper_inference_aggregate/v1,0.93 | 0.69,false
JT Smuts,42172c3c,male,Italy;South Africa,26,,,,,all-rounder,,derived:role_from_usage/v1,0.93,false
Nyeing Cham Soe,45b5ce8d,male,Myanmar,26,,,,,batting all-rounder,,derived:role_from_usage/v1,0.93,false
AAP Rivero,1911dcbc,male,Argentina,26,,,,,all-rounder,,derived:role_from_usage/v1,0.93,false
AF Ifill,0e6c2f00,male,Cayman Islands,26,,,,,bowler,,derived:role_from_usage/v1,0.93,false
Ahmed Hassan,c439461b,male,Switzerland,26,,,,,wicketkeeper-batter,yes,derived:role_from_usage/v1 | derived:keeper_inference_aggregate/v1,0.93 | 0.97,false
F Samanyika,c42eed38,female,Botswana,26,,,,,batting all-rounder,,derived:role_from_usage/v1,0.93,false
Wang Huiying,c84a3e06,female,China,26,,,,,all-rounder,,derived:role_from_usage/v1,0.93,false
Ma Ruike,8ccef7e2,female,China,26,,,,,bowler,,derived:role_from_usage/v1,0.93,false
A Mare,57a25400,female,Qatar,26,,,,,all-rounder,,derived:role_from_usage/v1,0.93,false
J Coetzee,3ad06915,male,Thailand,26,,,,,all-rounder,,derived:role_from_usage/v1,0.93,false
B Balala,a2f8e873,male,Malawi,26,,,,,batting all-rounder,,derived:role_from_usage/v1,0.93,false
Gaurav Tiwari,cab3f89a,male,Indonesia,26,,,,,all-rounder,,derived:role_from_usage/v1,0.93,false
SA Wijeratne,5fbd0632,male,Canada,26,,,,,wicketkeeper-batter,yes,derived:role_from_usage/v1 | derived:keeper_inference_aggregate/v1,0.93 | 0.89,false
Syazrul Idrus,6dba59e0,male,Malaysia,26,,,,,bowler,,derived:role_from_usage/v1,0.93,false
Talha Khan,8e5a1a7a,male,Germany,26,,,,,batter,,derived:role_from_usage/v1,0.93,false
AD Nath,f10e94c4,male,Gujarat Lions;Kings XI Punjab;Royal Challengers Bangalore;United Arab Emirates,26,,,,,batting all-rounder,,derived:role_from_usage/v1,0.93,false
CJ Metcalfe,d58fdb42,female,Ireland,26,,,,,bowler,,derived:role_from_usage/v1,0.93,false
Khalid Kail,3ee90b67,male,Oman,26,,,,,batter,,derived:role_from_usage/v1,0.93,false
DAL Paramitha,84f831c3,female,Indonesia,26,,,,,bowler,,derived:role_from_usage/v1,0.93,false
P Sharma,d047f983,male,Kenya,26,,,,,batting all-rounder,,derived:role_from_usage/v1,0.93,false
K Peddrick,a031b75e,female,Italy,26,,,,,batting all-rounder,,derived:role_from_usage/v1,0.93,false
PJ Hughes,004c9e85,male,Australia,26,,,,,batter,,derived:role_from_usage/v1,0.93,false
M Campopiano,26d80a9d,male,Italy,26,,,,,batter,,derived:role_from_usage/v1,0.93,false
T Manders,6d2b9724,male,Bermuda,26,,,,,batter,,derived:role_from_usage/v1,0.93,false
EB Ringera,6cedad99,male,Kenya,26,,,,,bowler,,derived:role_from_usage/v1,0.93,false
M Jele,1a8cedc8,male,Eswatini;Swaziland,26,,,,,bowler,,derived:role_from_usage/v1,0.93,false
J Jemison,ce1abd25,male,Bahamas,26,,,,,wicketkeeper-batter,yes,derived:role_from_usage/v1 | derived:keeper_inference_aggregate/v1,0.93 | 0.97,false
Imran Haider,0226b73a,male,United Arab Emirates,26,,,,,bowler,,derived:role_from_usage/v1,0.93,false
HA Chohan,847b4bdd,male,Tanzania,26,,,,,bowler,,derived:role_from_usage/v1,0.93,false
T Gwandu,d1d83db3,male,Zimbabwe,26,,,,,bowler,,derived:role_from_usage/v1,0.93,false
JR Philippe,39086549,male,Australia;Royal Challengers Bangalore,26,,,,,batter,,derived:role_from_usage/v1,0.93,false
Mohamed Rishwan,7d15170b,male,Maldives,26,,,,,batter,occasional,derived:role_from_usage/v1 | derived:keeper_inference_aggregate/v1,0.93 | 0.62,false
Cai Yuzhi,80d30c5f,female,China,26,,,,,all-rounder,,derived:role_from_usage/v1,0.93,false
A Wright,4bb7f51e,male,Cayman Islands,26,,,,,bowler,,derived:role_from_usage/v1,0.93,false
G Chohan,b978780e,male,Philippines,26,,,,,batting all-rounder,,derived:role_from_usage/v1,0.93,false
MV Pavlovic,2809b390,male,Serbia,26,,,,,all-rounder,,derived:role_from_usage/v1,0.93,false
PSP Handscomb,ada15e88,male,Australia;Rising Pune Supergiants,26,,,,,batter,,derived:role_from_usage/v1,0.93,false
DA Galia,ae0b5b95,female,Singapore,26,,,,,batter,,derived:role_from_usage/v1,0.93,false
Rasikh Salam,b8527c3d,male,Delhi Capitals;Kolkata Knight Riders;Mumbai Indians;Royal Challengers Bengaluru,25,,,,,bowler,,derived:role_from_usage/v1,0.92,false
K Kavindi,2fa916b3,female,Sri Lanka,25,,,,,bowler,,derived:role_from_usage/v1,0.92,false
A Hartley,53d50717,female,England,25,,,,,bowler,,derived:role_from_usage/v1,0.92,false
J Ramanandi,f7ce2ff9,male,Oman,25,,,,,all-rounder,,derived:role_from_usage/v1,0.92,false
M Gaur,df9cdebf,female,England;United Arab Emirates,25,,,,,bowler,,derived:role_from_usage/v1,0.92,false
C Hartmann,467c28f9,male,Isle of Man,25,,,,,wicketkeeper-batter,yes,derived:role_from_usage/v1 | derived:keeper_inference_aggregate/v1,0.92 | 0.95,false
MJ Ansell,6e60a792,male,Isle of Man,25,,,,,bowler,,derived:role_from_usage/v1,0.92,false
K Birkenstock,27b8d7b6,male,Namibia,25,,,,,batting all-rounder,,derived:role_from_usage/v1,0.92,false
MJ Richardson,22176fe7,male,Germany,25,,,,,wicketkeeper-batter,yes,derived:role_from_usage/v1 | derived:keeper_inference_aggregate/v1,0.92 | 0.94,false
K Thuchila,af42d9f2,male,Malawi,25,,,,,bowler,,derived:role_from_usage/v1,0.92,false
Taranjit Singh,985b649e,male,Cyprus,25,,,,,all-rounder,,derived:role_from_usage/v1,0.92,false
DK Shetty,65cfc56b,male,Indonesia,25,,,,,bowler,,derived:role_from_usage/v1,0.92,false
Muhammad Jabir,b67af1c4,male,Qatar,25,,,,,bowler,,derived:role_from_usage/v1,0.92,false
Danyal Raja,324e00a9,male,Bulgaria,25,,,,,bowler,,derived:role_from_usage/v1,0.92,false
KK Cooper,557153ca,male,Rajasthan Royals,25,,,,,all-rounder,,derived:role_from_usage/v1,0.92,false
Sameer Rizvi,f89d3b11,male,Chennai Super Kings;Delhi Capitals,25,,,,,batter,,derived:role_from_usage/v1,0.92,false
CAK Walton,bbff906c,male,West Indies,25,,,,,batter,yes,derived:role_from_usage/v1 | derived:keeper_inference_aggregate/v1,0.92 | 0.71,false
Tapash Baisya,bb1819fa,male,Bangladesh,25,,,,,bowler,,derived:role_from_usage/v1,0.92,false
AC Botha,d8e79af0,male,Ireland,25,,,,,all-rounder,,derived:role_from_usage/v1,0.92,false
D Mongia,99663fa5,male,India,25,,,,,all-rounder,,derived:role_from_usage/v1,0.92,false
C Raack,28aba384,female,Ireland,25,,,,,bowler,,derived:role_from_usage/v1,0.92,false
PA Raikes,dfe5db8a,male,Gibraltar,25,,,,,batter,,derived:role_from_usage/v1,0.92,false
AM Tribe,86f84b37,male,Jersey,25,,,,,batter,occasional,derived:role_from_usage/v1 | derived:keeper_inference_aggregate/v1,0.92 | 0.62,false
KS Leverock,e1592949,male,Bermuda,25,,,,,all-rounder,,derived:role_from_usage/v1,0.92,false
S Tosic,1c40f69f,male,Serbia,25,,,,,batting all-rounder,,derived:role_from_usage/v1,0.92,false
S Rungrueang,35ae9e8a,male,Thailand,25,,,,,batter,,derived:role_from_usage/v1,0.92,false
Muhammad Umar,0abc33ff,male,Kuwait,25,,,,,batter,,derived:role_from_usage/v1,0.92,false
J Baguma,8b46fc4f,male,Uganda,25,,,,,bowler,,derived:role_from_usage/v1,0.92,false
D Lohia,01341439,female,Papua New Guinea,25,,,,,bowler,,derived:role_from_usage/v1,0.92,false
F Tunnicliffe,41f534cd,female,South Africa,25,,,,,batter,,derived:role_from_usage/v1,0.92,false
SW Poynter,cdf59953,male,Ireland,25,,,,,batter,yes,derived:role_from_usage/v1 | derived:keeper_inference_aggregate/v1,0.92 | 0.7,false
Usman Qadir,33742f04,male,Pakistan,25,,,,,bowler,,derived:role_from_usage/v1,0.92,false
JA Burrows,dba54d8e,male,Isle of Man,25,,,,,bowler,,derived:role_from_usage/v1,0.92,false
PK Matautaava,af19aa66,male,Vanuatu,25,,,,,all-rounder,,derived:role_from_usage/v1,0.92,false
Shahid Afridi,5b2acc3f,male,Germany,25,,,,,all-rounder,,derived:role_from_usage/v1,0.92,false
M Dale-Bradley,62b2aa65,male,Guernsey,25,,,,,all-rounder,,derived:role_from_usage/v1,0.92,false
AS Roy,e4cdf230,male,Kolkata Knight Riders;Mumbai Indians,25,,,,,bowler,,derived:role_from_usage/v1,0.92,false
A Kamboj,fcc21ace,male,Chennai Super Kings;Mumbai Indians,25,,,,,bowler,,derived:role_from_usage/v1,0.92,false
M Joshi,47fb8d80,female,Gujarat Giants;India,25,,,,,bowler,,derived:role_from_usage/v1,0.92,false
Thae Thae Po,48a372a4,female,Myanmar,25,,,,,wicketkeeper-batter,yes,derived:role_from_usage/v1 | derived:keeper_inference_aggregate/v1,0.92 | 0.97,false
Irdina Beh Nabil,59ace6d9,female,Malaysia,25,,,,,batter,,derived:role_from_usage/v1,0.92,false
Mukhtar Ghulami,d3b1d991,male,France,25,,,,,batter,,derived:role_from_usage/v1,0.92,false
A Dhabe,5a0dbdeb,male,Sweden,25,,,,,bowler,,derived:role_from_usage/v1,0.92,false
Jordan O'Brien,c31d7da1,male,Finland,25,,,,,wicketkeeper-batter,yes,derived:role_from_usage/v1 | derived:keeper_inference_aggregate/v1,0.92 | 0.97,false
Vishil Patel,3df8f9d5,male,Kenya,25,,,,,bowler,,derived:role_from_usage/v1,0.92,false
Basil Thampi,871e9faf,male,Gujarat Lions;Mumbai Indians;Sunrisers Hyderabad,25,,,,,bowler,,derived:role_from_usage/v1,0.92,false
S Sohal,3fca55af,male,Deccan Chargers;Kings XI Punjab;United States of America,25,,,,,batter,,derived:role_from_usage/v1,0.92,false
EJB Miles,6b46ce43,male,Jersey,25,,,,,bowler,,derived:role_from_usage/v1,0.92,false
ATS Silva,9ca533cc,female,United Arab Emirates,25,,,,,bowler,,derived:role_from_usage/v1,0.92,false
Jaskaran Singh,d7b3a420,male,Canada;Deccan Chargers,25,,,,,bowler,,derived:role_from_usage/v1,0.92,false
MK Villiers,cd62f670,female,England,25,,,,,bowler,,derived:role_from_usage/v1,0.92,false
Ashfaq Ahmed,9d1f42c6,male,United Arab Emirates,25,,,,,batting all-rounder,,derived:role_from_usage/v1,0.92,false
E Marx,be592751,female,South Africa,25,,,,,bowler,,derived:role_from_usage/v1,0.92,false
LL Dimba,53f88bf1,female,Malawi,25,,,,,all-rounder,,derived:role_from_usage/v1,0.92,false
IC Pandey,e0407c01,male,Chennai Super Kings;Pune Warriors,25,,,,,bowler,,derived:role_from_usage/v1,0.92,false
E Toguchi-Quinn,d144423b,female,Japan,25,,,,,bowler,,derived:role_from_usage/v1,0.92,false
B Mavuta,dadb9703,male,Zimbabwe,25,,,,,bowler,,derived:role_from_usage/v1,0.92,false
N Zimonjic,638f451b,male,Serbia,25,,,,,batting all-rounder,,derived:role_from_usage/v1,0.92,false
ND Laegsgaard,b0f2d3bd,male,Denmark,25,,,,,all-rounder,,derived:role_from_usage/v1,0.92,false
JP Greaves,74d12124,male,West Indies,25,,,,,all-rounder,,derived:role_from_usage/v1,0.92,false
Mohammad Kamran,1a628a92,male,Spain,25,,,,,all-rounder,,derived:role_from_usage/v1,0.92,false
Najjam Shahzad,58aa33cd,male,Portugal,25,,,,,all-rounder,,derived:role_from_usage/v1,0.92,false
V Mansale,7163637f,female,Vanuatu,25,,,,,bowler,,derived:role_from_usage/v1,0.92,false
ST Gabriel,d9609443,male,West Indies,25,,,,,bowler,,derived:role_from_usage/v1,0.92,false
Ilenia Sims,03c98aa6,female,Italy,25,,,,,all-rounder,,derived:role_from_usage/v1,0.92,false
Juairiya Ferdous,e6f05a84,female,Bangladesh,25,,,,,batter,occasional,derived:role_from_usage/v1 | derived:keeper_inference_aggregate/v1,0.92 | 0.62,false
KC D'Souza,2687fff2,male,Bulgaria,25,,,,,batting all-rounder,,derived:role_from_usage/v1,0.92,false
DH Yagnik,063b3673,male,Rajasthan Royals,25,,,,,batter,yes,derived:role_from_usage/v1 | derived:keeper_inference_aggregate/v1,0.92 | 0.68,false
Khalid Zahid,5c93efb1,male,Sweden,25,,,,,all-rounder,,derived:role_from_usage/v1,0.92,false
Arafat Sunny,1f7adc8a,male,Bangladesh,25,,,,,bowler,,derived:role_from_usage/v1,0.92,false
Anuj Rawat,c8f5f961,male,Rajasthan Royals;Royal Challengers Bangalore;Royal Challengers Bengaluru,24,,,,,batter,,derived:role_from_usage/v1,0.9,false
Mukesh Choudhary,765a4731,male,Chennai Super Kings,24,,,,,bowler,,derived:role_from_usage/v1,0.9,false
Aniket Verma,a3b0600d,male,Sunrisers Hyderabad,24,,,,,batter,,derived:role_from_usage/v1,0.9,false
K Meso,130336c6,female,South Africa,24,,,,,wicketkeeper-batter,yes,derived:role_from_usage/v1 | derived:keeper_inference_aggregate/v1,0.9 | 0.97,false
MIW van den Raad,dead3b10,female,Netherlands,24,,,,,batting all-rounder,,derived:role_from_usage/v1,0.9,false
D Devnarain,58dc96cc,female,South Africa,24,,,,,batting all-rounder,,derived:role_from_usage/v1,0.9,false
G Sultana,ff227198,female,India;UP Warriorz,24,,,,,bowler,,derived:role_from_usage/v1,0.9,false
HL Ferling,a594a6e0,female,Australia,24,,,,,bowler,,derived:role_from_usage/v1,0.9,false
Gong Yuting,edcd847a,female,China,24,,,,,batting all-rounder,,derived:role_from_usage/v1,0.9,false
EGS Kana,8a91d0f1,female,Cameroon,24,,,,,batter,,derived:role_from_usage/v1,0.9,false
M Artur,400b36cd,female,Brazil,24,,,,,batting all-rounder,,derived:role_from_usage/v1,0.9,false
Ali Masood,a138f597,male,Estonia,24,,,,,batting all-rounder,,derived:role_from_usage/v1,0.9,false
Mohammad Boota,39713d08,male,United Arab Emirates,24,,,,,wicketkeeper-batter,yes,derived:role_from_usage/v1 | derived:keeper_inference_aggregate/v1,0.9 | 0.9,false
Adil Butt,fde53ec1,male,Eswatini,24,,,,,all-rounder,,derived:role_from_usage/v1,0.9,false
SY Nihute,56b41ed3,male,Malawi,24,,,,,batter,,derived:role_from_usage/v1,0.9,false
Mohammad Nabi,62af8546,male,Mumbai Indians;Sunrisers Hyderabad,24,,,,,all-rounder,,derived:role_from_usage/v1,0.9,false
KC Thompson,e381ae69,female,United Arab Emirates,24,,,,,bowler,,derived:role_from_usage/v1,0.9,false
HL Tau,ace63b7f,female,Papua New Guinea,24,,,,,bowler,,derived:role_from_usage/v1,0.9,false
C Muthoni,f85462b1,female,Kenya,24,,,,,wicketkeeper-batter,yes,derived:role_from_usage/v1 | derived:keeper_inference_aggregate/v1,0.9 | 0.97,false
IE Mulhovo,ab750f1f,female,Mozambique,24,,,,,batter,,derived:role_from_usage/v1,0.9,false
S Kizito,d91a936b,female,Tanzania,24,,,,,bowler,,derived:role_from_usage/v1,0.9,false
IA De Silva,58973aaf,male,Bulgaria,24,,,,,batter,,derived:role_from_usage/v1,0.9,false
G Stewart,a77472dc,male,Italy,24,,,,,all-rounder,,derived:role_from_usage/v1,0.9,false
D Uwimana,1f8e97d7,male,Rwanda,24,,,,,batter,,derived:role_from_usage/v1,0.9,false
Irfan Hafejee,244009ae,male,Panama,24,,,,,all-rounder,,derived:role_from_usage/v1,0.9,false
A Pusthay,0393fbdc,male,Finland,24,,,,,batting all-rounder,,derived:role_from_usage/v1,0.9,false
N Tanner,5f5efae1,male,Philippines,24,,,,,all-rounder,,derived:role_from_usage/v1,0.9,false
S Grover,c2a6e61f,male,Czech Republic,24,,,,,batter,,derived:role_from_usage/v1,0.9,false
RD Jacobs,c1f9b051,male,West Indies,24,,,,,wicketkeeper-batter,yes,derived:role_from_usage/v1 | derived:keeper_inference_aggregate/v1,0.9 | 0.97,false
A Morris,04cf2e94,male,Cayman Islands,24,,,,,bowler,,derived:role_from_usage/v1,0.9,false
SP Patil,f5c198fb,male,United Arab Emirates,24,,,,,wicketkeeper-batter,yes,derived:role_from_usage/v1 | derived:keeper_inference_aggregate/v1,0.9 | 0.97,false
LA McBride,9bd0d19d,female,Ireland,24,,,,,bowler,,derived:role_from_usage/v1,0.9,false
CMW Read,be4cefab,male,England,24,,,,,batter,,derived:role_from_usage/v1,0.9,false
EC Rainsford,f771a151,male,Zimbabwe,24,,,,,bowler,,derived:role_from_usage/v1,0.9,false
J Post,b58b1ae5,female,Netherlands,24,,,,,batter,,derived:role_from_usage/v1,0.9,false
Alifiya Sayed,81423620,female,Oman,24,,,,,bowler,,derived:role_from_usage/v1,0.9,false
MLN Sissako,52a0e81d,female,Cameroon,24,,,,,batting all-rounder,occasional,derived:role_from_usage/v1 | derived:keeper_inference_aggregate/v1,0.9 | 0.62,false
B Waluma,fb56dda6,female,Cameroon,24,,,,,batter,,derived:role_from_usage/v1,0.9,false
L Piety,46a29dd0,female,Nigeria,24,,,,,batting all-rounder,,derived:role_from_usage/v1,0.9,false
DE Budge,0d37dea9,male,Scotland,24,,,,,batting all-rounder,,derived:role_from_usage/v1,0.9,false
Y Jalloh,7fe9a7e6,male,Sierra Leone,24,,,,,batter,,derived:role_from_usage/v1,0.9,false
B Ito-Davis,96275259,male,Japan,24,,,,,all-rounder,,derived:role_from_usage/v1,0.9,false
A Shahi,2011735e,male,Cyprus,24,,,,,all-rounder,,derived:role_from_usage/v1,0.9,false
Irfan Safi,6c53ffb2,male,Austria,24,,,,,batting all-rounder,,derived:role_from_usage/v1,0.9,false
LH Rodrigues,57c95c3c,male,Brazil,24,,,,,all-rounder,,derived:role_from_usage/v1,0.9,false
Faheem Nellancheri,6513502f,male,Finland,24,,,,,batter,,derived:role_from_usage/v1,0.9,false
Fanyan Mughal,e85bb4b3,male,Malta,24,,,,,all-rounder,,derived:role_from_usage/v1,0.9,false
Yash Thakur,4b31f3a3,male,India;Lucknow Super Giants;Punjab Kings,24,,,,,bowler,,derived:role_from_usage/v1,0.9,false
JL Ontong,55f33b32,male,Africa XI;South Africa,24,,,,,batter,,derived:role_from_usage/v1,0.9,false
AS Gorad,2c8d0953,female,Norway,24,,,,,batting all-rounder,,derived:role_from_usage/v1,0.9,false
SYD Chan,4839b023,female,Hong Kong,24,,,,,batting all-rounder,,derived:role_from_usage/v1,0.9,false
ROC Dunka,762f43b7,male,Cayman Islands,24,,,,,all-rounder,,derived:role_from_usage/v1,0.9,false
D Norotam,90b73986,male,Portugal,24,,,,,batter,,derived:role_from_usage/v1,0.9,false
MFI Assuncao,d8e48e1b,male,Brazil,24,,,,,batting all-rounder,,derived:role_from_usage/v1,0.9,false
Musaddiq Ahmed,f8fb7e7b,male,Germany,24,,,,,batting all-rounder,,derived:role_from_usage/v1,0.9,false
GH Vihari,94253925,male,Delhi Capitals;Sunrisers Hyderabad,24,,,,,batter,,derived:role_from_usage/v1,0.9,false
D Tucker,2b425403,female,South Africa,24,,,,,all-rounder,,derived:role_from_usage/v1,0.9,false
R Immadi,baeae6dd,female,Norway,24,,,,,all-rounder,,derived:role_from_usage/v1,0.9,false
Anas Khan,66a7f213,male,Hong Kong,24,,,,,bowler,,derived:role_from_usage/v1,0.9,false
S Foster,3595ad3b,male,Cayman Islands,24,,,,,batter,,derived:role_from_usage/v1,0.9,false
TS Kamunhukamwe,4e1b4323,male,Zimbabwe,24,,,,,batter,,derived:role_from_usage/v1,0.9,false
Ayesha Hasan,6a3de477,female,Norway,24,,,,,batter,,derived:role_from_usage/v1,0.9,false
K Tesarikova,42a7d394,female,Czech Republic,24,,,,,batter,,derived:role_from_usage/v1,0.9,false
K Kapadia,52fc5577,female,Canada,24,,,,,batting all-rounder,,derived:role_from_usage/v1,0.9,false
Zawar Farid,d07dbc28,male,United Arab Emirates,24,,,,,all-rounder,,derived:role_from_usage/v1,0.9,false
GR Russ,1f28fdfd,male,Philippines,24,,,,,wicketkeeper-batter,yes,derived:role_from_usage/v1 | derived:keeper_inference_aggregate/v1,0.9 | 0.93,false
Zuhaib Zubair,9124aa4c,male,United Arab Emirates,24,,,,,bowler,,derived:role_from_usage/v1,0.9,false
R Rodrigo,fe676043,female,Bahrain,24,,,,,batter,,derived:role_from_usage/v1,0.9,false
Seika Sumi,704b4c30,female,Japan,24,,,,,batter,,derived:role_from_usage/v1,0.9,false
Mohammed Nadeem,856cbb1e,male,Qatar,24,,,,,bowler,,derived:role_from_usage/v1,0.9,false
Jiaping Li,35cac794,female,China,24,,,,,batting all-rounder,,derived:role_from_usage/v1,0.9,false
GW Flower,348195ea,male,Zimbabwe,24,,,,,all-rounder,,derived:role_from_usage/v1,0.9,false
HJ Manenti,0e56c514,male,Italy,24,,,,,all-rounder,,derived:role_from_usage/v1,0.9,false
G Toka,c3564c2d,male,Papua New Guinea,24,,,,,batting all-rounder,,derived:role_from_usage/v1,0.9,false
Khurram Nawaz,07ff32f5,male,Oman,24,,,,,batter,,derived:role_from_usage/v1,0.9,false
Abbas Afridi,2cec2a92,male,Pakistan,24,,,,,bowler,,derived:role_from_usage/v1,0.9,false
Aryan Lakra,099135ad,male,United Arab Emirates,24,,,,,all-rounder,,derived:role_from_usage/v1,0.9,false
M Sarenac,f5ba4611,male,Serbia,24,,,,,bowler,,derived:role_from_usage/v1,0.9,false
A Natubhai Ahir,9c91218d,male,Panama,24,,,,,all-rounder,yes,derived:role_from_usage/v1 | derived:keeper_inference_aggregate/v1,0.9 | 0.67,false
Mirab Razwan,498031f9,female,Norway,24,,,,,bowler,,derived:role_from_usage/v1,0.9,false
D Nikolov,9c3a8776,male,Bulgaria,24,,,,,batter,,derived:role_from_usage/v1,0.9,false
Akif Raja,9d0344f3,male,United Arab Emirates,24,,,,,bowler,,derived:role_from_usage/v1,0.9,false
F Stoman,69e53eb3,male,Portugal,24,,,,,all-rounder,occasional,derived:role_from_usage/v1 | derived:keeper_inference_aggregate/v1,0.9 | 0.62,false
KH Abe,f22d2247,male,Japan,24,,,,,batter,,derived:role_from_usage/v1,0.9,false
DS Rathi,13fc5c6d,male,Lucknow Super Giants,23,,,,,bowler,,derived:role_from_usage/v1,0.88,false
A Hlubi,ccaa3434,female,South Africa,23,,,,,bowler,,derived:role_from_usage/v1,0.88,false
TG Norris,8ae7bb3e,female,Delhi Capitals;United States of America,23,,,,,bowler,,derived:role_from_usage/v1,0.88,false
JL Smith,c834c290,male,England,23,,,,,batter,,derived:role_from_usage/v1,0.88,false
TC Bruce,f92c9151,male,New Zealand;Scotland,23,,,,,batter,,derived:role_from_usage/v1,0.88,false
ID Blackwell,818e8bf2,male,England,23,,,,,all-rounder,,derived:role_from_usage/v1,0.88,false
MJ Mason,aab3e7be,male,New Zealand,23,,,,,bowler,,derived:role_from_usage/v1,0.88,false
Rachel Delaney,d284ef29,female,Ireland,23,,,,,all-rounder,,derived:role_from_usage/v1,0.88,false
Chado Om,f53fa89c,female,Bhutan,23,,,,,batter,,derived:role_from_usage/v1,0.88,false
Rabbjyot Rajput,8b1f5f91,female,Canada,23,,,,,batting all-rounder,,derived:role_from_usage/v1,0.88,false
L Chipanga,70722cc7,female,Mozambique,23,,,,,bowler,,derived:role_from_usage/v1,0.88,false
U Peace,3798b336,female,Nigeria,23,,,,,bowler,,derived:role_from_usage/v1,0.88,false
B Pondani,e5117568,male,Malawi,23,,,,,bowler,,derived:role_from_usage/v1,0.88,false
A Ashokan,9244df4b,male,Czech Republic,23,,,,,all-rounder,,derived:role_from_usage/v1,0.88,false
Divyendra Singh,7f122e0b,male,Czech Republic,23,,,,,wicketkeeper-batter,yes,derived:role_from_usage/v1 | derived:keeper_inference_aggregate/v1,0.88 | 0.97,false
Sajid Liaqat,b1b99a1a,male,Germany,23,,,,,bowler,,derived:role_from_usage/v1,0.88,false
R Gaznavi,0079f139,male,Singapore,23,,,,,batter,,derived:role_from_usage/v1,0.88,false
J Horrocks,1c8cd1c3,male,Gibraltar,23,,,,,bowler,,derived:role_from_usage/v1,0.88,false
R Dianish,17e2a2d6,male,Malta,23,,,,,batter,,derived:role_from_usage/v1,0.88,false
Muhammad Saqlain,f094e3b8,male,Hungary,23,,,,,bowler,,derived:role_from_usage/v1,0.88,false
Sultan Ahmed,07687c15,male,United Arab Emirates,23,,,,,bowler,,derived:role_from_usage/v1,0.88,false
C Sakariya,2cdce1be,male,Delhi Capitals;India;Kolkata Knight Riders;Rajasthan Royals,23,,,,,bowler,,derived:role_from_usage/v1,0.88,false
PC Valthaty,25eeb281,male,Kings XI Punjab;Rajasthan Royals,23,,,,,batting all-rounder,,derived:role_from_usage/v1,0.88,false
SZ Thakor,7d794fa6,female,India;UP Warriorz,23,,,,,bowler,,derived:role_from_usage/v1,0.88,false
HAM Samuddika,ec1c4b4d,female,Sri Lanka,23,,,,,bowler,,derived:role_from_usage/v1,0.88,false
KTGD Prasad,9b79b9de,male,Sri Lanka,23,,,,,bowler,,derived:role_from_usage/v1,0.88,false
Z Franova,55aabdef,female,Czech Republic,23,,,,,batter,occasional,derived:role_from_usage/v1 | derived:keeper_inference_aggregate/v1,0.88 | 0.62,false
Aaftab Alam Khan,9dbc77b3,male,Malta,23,,,,,wicketkeeper-batter,yes,derived:role_from_usage/v1 | derived:keeper_inference_aggregate/v1,0.88 | 0.76,false
D Klein,aeab0d4f,male,Germany,23,,,,,all-rounder,,derived:role_from_usage/v1,0.88,false
Muhammad Haziq Aiman,1f13eba1,male,Malaysia,23,,,,,wicketkeeper-batter,yes,derived:role_from_usage/v1 | derived:keeper_inference_aggregate/v1,0.88 | 0.86,false
AJ Parmar,94113d54,male,Norway,23,,,,,bowler,,derived:role_from_usage/v1,0.88,false
Ziaur Rahman,c27518d2,male,Bangladesh,23,,,,,all-rounder,,derived:role_from_usage/v1,0.88,false
CZ Harris,582e9baa,male,New Zealand,23,,,,,all-rounder,,derived:role_from_usage/v1,0.88,false
B Chipli,5451a2c1,male,Deccan Chargers;Delhi Daredevils;Royal Challengers Bangalore,23,,,,,batter,,derived:role_from_usage/v1,0.88,false
A Singh,5b040b81,male,Rajasthan Royals,23,,,,,bowler,,derived:role_from_usage/v1,0.88,false
Akhil Kumar,2feb5b8d,male,Canada,23,,,,,bowler,,derived:role_from_usage/v1,0.88,false
WK McCallan,c942a53b,male,Ireland,23,,,,,bowler,,derived:role_from_usage/v1,0.88,false
Abeera Waris,01396dc6,female,Bahrain,23,,,,,batting all-rounder,,derived:role_from_usage/v1,0.88,false
MR Machado,4a4f94fa,female,Brazil,23,,,,,wicketkeeper-batter,yes,derived:role_from_usage/v1 | derived:keeper_inference_aggregate/v1,0.88 | 0.97,false
A Kanukuntla,2fa8a697,female,Germany,23,,,,,all-rounder,,derived:role_from_usage/v1,0.88,false
ME Bessala,a8301fdc,female,Cameroon,23,,,,,batting all-rounder,,derived:role_from_usage/v1,0.88,false
NT Gireesh,32190239,male,Cambodia,23,,,,,batting all-rounder,,derived:role_from_usage/v1,0.88,false
Faisal Raza,dccb802c,male,Norway,23,,,,,batter,,derived:role_from_usage/v1,0.88,false
D Visser,bb4da4d3,male,Samoa,23,,,,,all-rounder,,derived:role_from_usage/v1,0.88,false
SM Nash,4f3a89ae,male,Samoa,23,,,,,all-rounder,,derived:role_from_usage/v1,0.88,false
Rehan Ahmed,0ecb4de6,male,England,23,,,,,bowler,,derived:role_from_usage/v1,0.88,false
DLS van Bunge,3185266a,male,Netherlands,23,,,,,batting all-rounder,,derived:role_from_usage/v1,0.88,false
NP Dalgaard,40283617,female,Denmark,23,,,,,all-rounder,,derived:role_from_usage/v1,0.88,false
T Parisi-mesimeri,c002a904,female,Greece,23,,,,,batter,,derived:role_from_usage/v1,0.88,false
LAR Bommareddy,3da8cd3a,female,Singapore,23,,,,,batting all-rounder,,derived:role_from_usage/v1,0.88,false
Riyaa Bhasin,3ff26cea,female,Singapore,23,,,,,batting all-rounder,,derived:role_from_usage/v1,0.88,false
A Merritt,4c87bd01,female,Jersey,23,,,,,all-rounder,,derived:role_from_usage/v1,0.88,false
G Wetherall,5c77d7cb,female,Jersey,23,,,,,all-rounder,,derived:role_from_usage/v1,0.88,false
Jaswinder Singh,63aa8148,male,Malta,23,,,,,batting all-rounder,,derived:role_from_usage/v1,0.88,false
Bilal Masud,643e4882,male,Estonia,23,,,,,batting all-rounder,,derived:role_from_usage/v1,0.88,false
HS Baidwan,7839bf3a,male,Canada,23,,,,,bowler,,derived:role_from_usage/v1,0.88,false
IJ Harvey,3227beb4,male,Australia,23,,,,,bowler,,derived:role_from_usage/v1,0.88,false
A Karmacharya,e1492aed,female,Nepal,23,,,,,bowler,,derived:role_from_usage/v1,0.88,false
Anureet Singh,69be866a,male,Kings XI Punjab;Kolkata Knight Riders;Rajasthan Royals,23,,,,,bowler,,derived:role_from_usage/v1,0.88,false
SA Engelbrecht,81a0e294,male,Netherlands,23,,,,,batter,,derived:role_from_usage/v1,0.88,false
NL Jacinta Si Ping,68c9a36f,female,Singapore,23,,,,,wicketkeeper-batter,yes,derived:role_from_usage/v1 | derived:keeper_inference_aggregate/v1,0.88 | 0.86,false
Akhil Anil,c06c25fd,male,Tanzania,23,,,,,all-rounder,,derived:role_from_usage/v1,0.88,false
K Arua,8ce69204,female,Papua New Guinea,23,,,,,all-rounder,,derived:role_from_usage/v1,0.88,false
SS Grimmond,6bebf334,female,West Indies,23,,,,,bowler,,derived:role_from_usage/v1,0.88,false
Awais Ahmad,518a21ed,male,Sweden,23,,,,,batter,,derived:role_from_usage/v1,0.88,false
TS Chisoro,4b2d6789,male,Zimbabwe,23,,,,,bowler,,derived:role_from_usage/v1,0.88,false
Delawar Khan,28b99edd,male,Denmark,23,,,,,bowler,,derived:role_from_usage/v1,0.88,false
M Magagula,7a787b98,male,Eswatini;Swaziland,23,,,,,bowler,,derived:role_from_usage/v1,0.88,false
Irfan Khan,ee95065d,male,Pakistan,23,,,,,batter,,derived:role_from_usage/v1,0.88,false
Faisal Mubashir,ad5342dc,male,Germany,23,,,,,batter,,derived:role_from_usage/v1,0.88,false
Abdullah Mahmood,926c6d3c,male,Denmark,23,,,,,bowler,,derived:role_from_usage/v1,0.88,false
JS Ndanu,c27e0638,female,Kenya,23,,,,,batting all-rounder,,derived:role_from_usage/v1,0.88,false
J Singye,28574428,male,Bhutan,23,,,,,all-rounder,,derived:role_from_usage/v1,0.88,false
NG Smith,05b1aef8,male,New Zealand,23,,,,,bowler,,derived:role_from_usage/v1,0.88,false
PK Garg,bb965e9a,male,Delhi Capitals;Sunrisers Hyderabad,23,,,,,batter,,derived:role_from_usage/v1,0.88,false
Yasar Haroon,5a8dc41e,male,Brazil,23,,,,,all-rounder,,derived:role_from_usage/v1,0.88,false
J Mosca,8f02f6a8,male,Italy,23,,,,,batter,,derived:role_from_usage/v1,0.88,false
U Aryaman Sunil,13bc54a8,male,Singapore,23,,,,,all-rounder,,derived:role_from_usage/v1,0.88,false
GR Adair,4ec96094,male,Ireland,23,,,,,batter,,derived:role_from_usage/v1,0.88,false
SS Pathirana,753c95b9,male,Sri Lanka,23,,,,,bowler,,derived:role_from_usage/v1,0.88,false
SC Kuggeleijn,fef92afc,male,Chennai Super Kings;New Zealand,22,,,,,all-rounder,,derived:role_from_usage/v1,0.87,false
AR Adams,525c3f54,male,New Zealand,22,,,,,bowler,,derived:role_from_usage/v1,0.87,false
K Vislapuu,04855b85,male,Estonia,22,,,,,bowler,,derived:role_from_usage/v1,0.87,false
DV Varghese,26f98ea3,male,Bulgaria,22,,,,,bowler,,derived:role_from_usage/v1,0.87,false
J Tuffin,8069f81f,male,Philippines,22,,,,,all-rounder,,derived:role_from_usage/v1,0.87,false
S Kharvi,41a61623,male,Indonesia,22,,,,,batter,,derived:role_from_usage/v1,0.87,false
T Parima,ecd51f8e,male,Cook Islands,22,,,,,batter,,derived:role_from_usage/v1,0.87,false
MTMMJ Ave,00863408,male,Cook Islands,22,,,,,batting all-rounder,yes,derived:role_from_usage/v1 | derived:keeper_inference_aggregate/v1,0.87 | 0.71,false
A Parima,866d3ac8,male,Cook Islands,22,,,,,batting all-rounder,,derived:role_from_usage/v1,0.87,false
M Stanikzai,ad8d5827,male,Switzerland,22,,,,,batting all-rounder,,derived:role_from_usage/v1,0.87,false
Luca Petre,b31d458f,male,Romania,22,,,,,batting all-rounder,,derived:role_from_usage/v1,0.87,false
J Suchith,4125d931,male,Delhi Capitals;Mumbai Indians;Sunrisers Hyderabad,22,,,,,bowler,,derived:role_from_usage/v1,0.87,false
J Yadav,81049310,male,Delhi Daredevils;Gujarat Titans;India;Mumbai Indians,22,,,,,bowler,,derived:role_from_usage/v1,0.87,false
MJ Hay,732f711b,male,New Zealand,22,,,,,wicketkeeper-batter,yes,derived:role_from_usage/v1 | derived:keeper_inference_aggregate/v1,0.87 | 0.76,false
B Etim,11d0079f,female,Nigeria,22,,,,,batting all-rounder,,derived:role_from_usage/v1,0.87,false
J Nyirankundineza,7e7d2fe5,female,Rwanda,22,,,,,bowler,,derived:role_from_usage/v1,0.87,false
Alina Aslam,fbffb752,female,Norway,22,,,,,all-rounder,,derived:role_from_usage/v1,0.87,false
Wei Haiting,a1e30490,female,China,22,,,,,batter,,derived:role_from_usage/v1,0.87,false
J Kominkova,d5595998,female,Czech Republic,22,,,,,batting all-rounder,,derived:role_from_usage/v1,0.87,false
BMA Mbida,e3c23cef,female,Cameroon,22,,,,,all-rounder,,derived:role_from_usage/v1,0.87,false
Faheem Nazir,7e00711f,male,Switzerland,22,,,,,batting all-rounder,,derived:role_from_usage/v1,0.87,false
CAH Stevenson,7239b60d,male,United States of America,22,,,,,bowler,,derived:role_from_usage/v1,0.87,false
Ankit Sharma,24d94623,male,Deccan Chargers;Rajasthan Royals;Rising Pune Supergiant;Rising Pune Supergiants;Sunrisers Hyderabad,22,,,,,bowler,,derived:role_from_usage/v1,0.87,false
PM Siddle,bd93fea4,male,Australia,22,,,,,bowler,,derived:role_from_usage/v1,0.87,false
BJ Dwarshuis,e1b9f3a9,male,Australia;Punjab Kings,22,,,,,bowler,,derived:role_from_usage/v1,0.87,false
S Horley,8cd72e0b,female,Scotland,22,,,,,batting all-rounder,,derived:role_from_usage/v1,0.87,false
Yasir Arafat,3cf5ae43,male,Pakistan,22,,,,,bowler,,derived:role_from_usage/v1,0.87,false
T Luka,44e008a5,female,Malawi,22,,,,,batter,occasional,derived:role_from_usage/v1 | derived:keeper_inference_aggregate/v1,0.87 | 0.62,false
R Pavlickova,a27d8778,female,Czech Republic,22,,,,,all-rounder,,derived:role_from_usage/v1,0.87,false
Shahzaib Jamil,fbb6d1a7,male,Qatar,22,,,,,wicketkeeper-batter,yes,derived:role_from_usage/v1 | derived:keeper_inference_aggregate/v1,0.87 | 0.8,false
C Dickson,26b59073,male,Cook Islands,22,,,,,all-rounder,,derived:role_from_usage/v1,0.87,false
Abdul Naser Baluch,6a88d66d,male,Sweden,22,,,,,bowler,,derived:role_from_usage/v1,0.87,false
Harpreet Singh,28c78fb3,male,Kolkata Knight Riders;Pune Warriors;Punjab Kings;United Arab Emirates,22,,,,,batter,,derived:role_from_usage/v1,0.87,false
L Wood,65b6943c,male,England;Mumbai Indians,22,,,,,bowler,,derived:role_from_usage/v1,0.87,false
K Goel,a1f1829d,male,Kings XI Punjab,22,,,,,batting all-rounder,,derived:role_from_usage/v1,0.87,false
R Klein,ff1ec94d,male,Netherlands,22,,,,,bowler,,derived:role_from_usage/v1,0.87,false
Tushar Imran,b58af144,male,Bangladesh,22,,,,,batting all-rounder,,derived:role_from_usage/v1,0.87,false
N Boje,6a0537aa,male,Africa XI;South Africa,22,,,,,bowler,,derived:role_from_usage/v1,0.87,false
AN Petersen,e01aafc1,male,South Africa,22,,,,,batter,,derived:role_from_usage/v1,0.87,false
SY Win,33d65ab4,female,Myanmar,22,,,,,bowler,,derived:role_from_usage/v1,0.87,false
I Suhun,41bfb2a9,female,Bahrain,22,,,,,batting all-rounder,,derived:role_from_usage/v1,0.87,false
A Aikenhead,007f121f,female,Jersey,22,,,,,batter,,derived:role_from_usage/v1,0.87,false
CM Greechan,569bbcbb,female,Jersey,22,,,,,all-rounder,,derived:role_from_usage/v1,0.87,false
DGAPD Wiswi,d3d096f5,male,Indonesia,22,,,,,batting all-rounder,,derived:role_from_usage/v1,0.87,false
Jakob Gul,a4696d64,male,Bulgaria,22,,,,,all-rounder,,derived:role_from_usage/v1,0.87,false
CB Roposo,31f01815,male,Mozambique,22,,,,,all-rounder,,derived:role_from_usage/v1,0.87,false
CT Mutombodzi,26f12506,male,Zimbabwe,22,,,,,all-rounder,,derived:role_from_usage/v1,0.87,false
S Dhadwal,7e2c16a3,female,Qatar,22,,,,,all-rounder,,derived:role_from_usage/v1,0.87,false
DNT Zoysa,e0351c86,male,Deccan Chargers;Sri Lanka,22,,,,,bowler,,derived:role_from_usage/v1,0.87,false
AS Raut,c69a7b5c,male,Rajasthan Royals,22,,,,,batter,,derived:role_from_usage/v1,0.87,false
Joginder Sharma,9f961c14,male,Chennai Super Kings;India,22,,,,,bowler,,derived:role_from_usage/v1,0.87,false
Manan Bashir,5c14bd52,male,Bulgaria,22,,,,,batter,occasional,derived:role_from_usage/v1 | derived:keeper_inference_aggregate/v1,0.87 | 0.62,false
M Mwangi,72de0105,female,Kenya,22,,,,,batting all-rounder,occasional,derived:role_from_usage/v1 | derived:keeper_inference_aggregate/v1,0.87 | 0.62,false
D Wheatley,04539335,male,Bahamas,22,,,,,batter,,derived:role_from_usage/v1,0.87,false
CE Coulter Reilly,39f351c6,female,Ireland,22,,,,,wicketkeeper-batter,yes,derived:role_from_usage/v1 | derived:keeper_inference_aggregate/v1,0.87 | 0.78,false
C Pyle,d278b70b,male,Gibraltar,22,,,,,wicketkeeper-batter,yes,derived:role_from_usage/v1 | derived:keeper_inference_aggregate/v1,0.87 | 0.97,false
AS Hansra,795df06c,male,Canada,22,,,,,all-rounder,,derived:role_from_usage/v1,0.87,false
Zeeshan Kukikhel,5d6a1f76,male,Hungary,22,,,,,batting all-rounder,,derived:role_from_usage/v1,0.87,false
A Meyenborg,edbc9441,female,Germany,22,,,,,bowler,,derived:role_from_usage/v1,0.87,false
Utkarsh Jain,1f4a78c5,male,Cambodia,22,,,,,bowler,,derived:role_from_usage/v1,0.87,false
M Castineiras,b9094958,female,Argentina,22,,,,,batter,,derived:role_from_usage/v1,0.87,false
C Tlali,70841eab,male,Lesotho,22,,,,,batter,occasional,derived:role_from_usage/v1 | derived:keeper_inference_aggregate/v1,0.87 | 0.62,false
Waqas Khan,35971419,male,Hong Kong,22,,,,,batter,,derived:role_from_usage/v1,0.87,false
M Simpson-Parker,fecd828e,male,Austria,22,,,,,batter,occasional,derived:role_from_usage/v1 | derived:keeper_inference_aggregate/v1,0.87 | 0.62,false
S Williams,7ae1aad9,male,Sierra Leone,22,,,,,bowler,,derived:role_from_usage/v1,0.87,false
Maaz Khan,6f14ddcb,male,Lesotho,22,,,,,batter,,derived:role_from_usage/v1,0.87,false
B Manuel,06cbeba1,female,Namibia,22,,,,,batter,,derived:role_from_usage/v1,0.87,false
OD Hald,38189be1,male,Denmark,22,,,,,bowler,,derived:role_from_usage/v1,0.87,false
GS Ballance,755a77c6,male,England;Zimbabwe,22,,,,,batter,,derived:role_from_usage/v1,0.87,false
K Pierre,a61bcb94,male,West Indies,22,,,,,bowler,,derived:role_from_usage/v1,0.87,false
Wahidullah Sahak,6913e38e,male,Norway,22,,,,,all-rounder,,derived:role_from_usage/v1,0.87,false
MPS Cheema,97181d1b,male,Austria,22,,,,,wicketkeeper-batter,yes,derived:role_from_usage/v1 | derived:keeper_inference_aggregate/v1,0.87 | 0.82,false
Bilal Muhammad,eb5aa5b9,male,Malta,22,,,,,bowler,,derived:role_from_usage/v1,0.87,false
LG Pretorius,60aa2db3,male,Rajasthan Royals;South Africa,22,,,,,batter,,derived:role_from_usage/v1,0.87,false
F Conteh,1dac0c4a,female,Sierra Leone,22,,,,,batter,,derived:role_from_usage/v1,0.87,false
Abdul Hashim,73b1db79,male,Denmark,22,,,,,wicketkeeper-batter,yes,derived:role_from_usage/v1 | derived:keeper_inference_aggregate/v1,0.87 | 0.97,false
Kamran Khan,922e3dcc,male,Qatar,22,,,,,batter,,derived:role_from_usage/v1,0.87,false
G Venkateswaran,a4bcaba7,male,Luxembourg,22,,,,,batting all-rounder,,derived:role_from_usage/v1,0.87,false
M Shahbaz Butt,5ef3c310,male,Norway,22,,,,,bowler,,derived:role_from_usage/v1,0.87,false
L Shafeeg,ed82d9a5,male,Maldives,22,,,,,bowler,,derived:role_from_usage/v1,0.87,false
Abdul-Shakoor Rahimzei,e45810ed,male,Germany,22,,,,,batting all-rounder,,derived:role_from_usage/v1,0.87,false
Raaz Mohammad,f83b77f9,male,Finland,22,,,,,bowler,,derived:role_from_usage/v1,0.87,false
Raghav Dhawan,ac64c2ef,male,Uganda,22,,,,,batter,,derived:role_from_usage/v1,0.87,false
C Tommy,c6d4cff0,male,Vanuatu,22,,,,,wicketkeeper-batter,yes,derived:role_from_usage/v1 | derived:keeper_inference_aggregate/v1,0.87 | 0.91,false
SM Ervine,556302a7,male,Zimbabwe,22,,,,,bowler,,derived:role_from_usage/v1,0.87,false
C Chatonzwa,da61a9af,female,Zimbabwe,21,,,,,bowler,,derived:role_from_usage/v1,0.85,false
B Zuiderent,d953ed6a,male,Netherlands,21,,,,,batter,,derived:role_from_usage/v1,0.85,false
B Phelenyane,c982ad6f,female,Lesotho,21,,,,,bowler,,derived:role_from_usage/v1,0.85,false
C Uwamahoro,81dfc700,female,Rwanda,21,,,,,batter,,derived:role_from_usage/v1,0.85,false
Xu Qian,4d382b64,female,China,21,,,,,all-rounder,,derived:role_from_usage/v1,0.85,false
SA Panayan,cad60789,female,Qatar,21,,,,,bowler,,derived:role_from_usage/v1,0.85,false
R Choden,c0266a6e,female,Bhutan,21,,,,,bowler,,derived:role_from_usage/v1,0.85,false
P Malav,02b078b1,male,Luxembourg,21,,,,,bowler,,derived:role_from_usage/v1,0.85,false
Omar Rassol,6caae2dc,male,Bulgaria,21,,,,,batting all-rounder,,derived:role_from_usage/v1,0.85,false
I Tchakou,4d2b96b4,male,Cameroon,21,,,,,batter,,derived:role_from_usage/v1,0.85,false
AN Toube,7f929ebe,male,Cameroon,21,,,,,wicketkeeper-batter,yes,derived:role_from_usage/v1 | derived:keeper_inference_aggregate/v1,0.85 | 0.85,false
CJPF Kalugamage,31c04b7b,male,Italy,21,,,,,bowler,,derived:role_from_usage/v1,0.85,false
AJ Mosca,19c56e6e,male,Italy,21,,,,,batter,,derived:role_from_usage/v1,0.85,false
Muhammad Asim,b424d3d3,male,Qatar,21,,,,,all-rounder,,derived:role_from_usage/v1,0.85,false
LF Muller,f6411545,male,Brazil,21,,,,,batting all-rounder,,derived:role_from_usage/v1,0.85,false
CH van Koolwijk,27d5901c,female,Netherlands,21,,,,,batter,,derived:role_from_usage/v1,0.85,false
K Reyneke,9e5f4ad7,female,South Africa,21,,,,,all-rounder,,derived:role_from_usage/v1,0.85,false
N Madziva,4a36c370,male,Zimbabwe,21,,,,,bowler,,derived:role_from_usage/v1,0.85,false
SS Kang,797ee165,male,United Arab Emirates,21,,,,,bowler,,derived:role_from_usage/v1,0.85,false
ES Szwarczynski,6a7239a7,male,Netherlands,21,,,,,batter,,derived:role_from_usage/v1,0.85,false
T Smith,f24ffaab,female,Jersey,21,,,,,batter,,derived:role_from_usage/v1,0.85,false
N Khanna,0ec6a7c3,male,Malta,21,,,,,batter,,derived:role_from_usage/v1,0.85,false
Devender Singh,68e21fb1,male,Ghana,21,,,,,batter,,derived:role_from_usage/v1,0.85,false
K Gore,a6bab2a9,male,United States of America;West Indies,21,,,,,bowler,,derived:role_from_usage/v1,0.85,false
Ali Farasat,5845b99b,male,Hungary,21,,,,,batter,,derived:role_from_usage/v1,0.85,false
Abdullah Akbarjan,5de198db,male,Austria,21,,,,,bowler,,derived:role_from_usage/v1,0.85,false
Mohamed Turay,019d7ef5,male,Sierra Leone,21,,,,,bowler,,derived:role_from_usage/v1,0.85,false
Mujeeb-ur-Rehman,1a8f879b,male,Qatar,21,,,,,bowler,,derived:role_from_usage/v1,0.85,false
MK Thakur,2d9451cc,male,Thailand,21,,,,,bowler,,derived:role_from_usage/v1,0.85,false
MS Sinclair,1b668884,male,New Zealand,21,,,,,batter,,derived:role_from_usage/v1,0.85,false
Rashid Latif,d32782ae,male,Pakistan,21,,,,,wicketkeeper-batter,yes,derived:role_from_usage/v1 | derived:keeper_inference_aggregate/v1,0.85 | 0.97,false
JS Kundi,092ccf20,male,Kenya,21,,,,,batting all-rounder,,derived:role_from_usage/v1,0.85,false
Shawaal Zulfiqar,adb2f55e,female,Pakistan,21,,,,,batter,,derived:role_from_usage/v1,0.85,false
MO Jones,0e0afd8b,male,Bermuda,21,,,,,bowler,,derived:role_from_usage/v1,0.85,false
S Stephen,b48304b5,female,Vanuatu,21,,,,,batting all-rounder,,derived:role_from_usage/v1,0.85,false
G Chilia,daf255ce,female,Vanuatu,21,,,,,batter,,derived:role_from_usage/v1,0.85,false
A Galan,ad5165c2,female,Argentina,21,,,,,all-rounder,,derived:role_from_usage/v1,0.85,false
G Oliveira,b4c52f5f,male,Brazil,21,,,,,bowler,,derived:role_from_usage/v1,0.85,false
EC Bargna,9908d470,female,Germany,21,,,,,bowler,,derived:role_from_usage/v1,0.85,false
J Ajiambo,c3a998fa,female,Kenya,21,,,,,bowler,,derived:role_from_usage/v1,0.85,false
G Ingabire,2c00691c,female,Rwanda,21,,,,,batter,,derived:role_from_usage/v1,0.85,false
Mengting Liu,1119a645,female,China,21,,,,,all-rounder,,derived:role_from_usage/v1,0.85,false
D Ruynekova,c3890e1e,female,Bulgaria,21,,,,,batting all-rounder,,derived:role_from_usage/v1,0.85,false
S Galabova,21bcbbdd,female,Bulgaria,21,,,,,batter,,derived:role_from_usage/v1,0.85,false
C Nunes,37ee5d23,male,Portugal,21,,,,,wicketkeeper-batter,yes,derived:role_from_usage/v1 | derived:keeper_inference_aggregate/v1,0.85 | 0.97,false
U Shantu,0e80e47d,male,Portugal,21,,,,,bowler,,derived:role_from_usage/v1,0.85,false
D Wotu,9585854d,male,Vanuatu,21,,,,,bowler,,derived:role_from_usage/v1,0.85,false
Faraaz Mehti Abbas,4233080d,male,Finland,21,,,,,batting all-rounder,,derived:role_from_usage/v1,0.85,false
H Deshan,cdc9bbec,male,Switzerland,21,,,,,batting all-rounder,,derived:role_from_usage/v1,0.85,false
TA Blundell,21e5f325,male,New Zealand,21,,,,,wicketkeeper-batter,yes,derived:role_from_usage/v1 | derived:keeper_inference_aggregate/v1,0.85 | 0.75,false
Saqib Zulfiqar,5d38476c,male,Netherlands,21,,,,,all-rounder,,derived:role_from_usage/v1,0.85,false
AJ McKay,de3acffe,male,New Zealand,21,,,,,bowler,,derived:role_from_usage/v1,0.85,false
VRV Singh,034b4b7d,male,India;Kings XI Punjab,21,,,,,bowler,,derived:role_from_usage/v1,0.85,false
Jitin Singh,b7db83eb,male,Tanzania,21,,,,,batter,,derived:role_from_usage/v1,0.85,false
M Maguire,0441a1f5,female,Jersey,21,,,,,wicketkeeper-batter,yes,derived:role_from_usage/v1 | derived:keeper_inference_aggregate/v1,0.85 | 0.97,false
AA Jhunjhunwala,2815fe50,male,Deccan Chargers;Pune Warriors;Rajasthan Royals,21,,,,,batting all-rounder,,derived:role_from_usage/v1,0.85,false
UBT Chand,0c94f480,male,Delhi Daredevils;Mumbai Indians;Rajasthan Royals,21,,,,,batter,,derived:role_from_usage/v1,0.85,false
Bijeyata Kumari,a5fc18a7,female,Norway,21,,,,,wicketkeeper-batter,yes,derived:role_from_usage/v1 | derived:keeper_inference_aggregate/v1,0.85 | 0.97,false
CJ Langford,3967b66f,male,Isle of Man,21,,,,,bowler,,derived:role_from_usage/v1,0.85,false
W Wotu,6b25ef46,male,Vanuatu,21,,,,,batting all-rounder,,derived:role_from_usage/v1,0.85,false
L Ostergaard,3a5160d9,female,Denmark,21,,,,,all-rounder,,derived:role_from_usage/v1,0.85,false
Ali Nawaz,deef8879,male,Hungary,21,,,,,batting all-rounder,,derived:role_from_usage/v1,0.85,false
LJ Myott,3f9d95f9,male,Philippines,21,,,,,bowler,,derived:role_from_usage/v1,0.85,false
AC Douglas,f86ce673,male,Bermuda,21,,,,,batting all-rounder,,derived:role_from_usage/v1,0.85,false
Sandeep Goud,c83ef4d6,male,Bahamas,21,,,,,batting all-rounder,,derived:role_from_usage/v1,0.85,false
TD Chaoana,16ddd36b,male,Lesotho,21,,,,,bowler,,derived:role_from_usage/v1,0.85,false
V NIkolova,078d1eb5,female,Bulgaria,21,,,,,batter,occasional,derived:role_from_usage/v1 | derived:keeper_inference_aggregate/v1,0.85 | 0.62,false
A Mithun,66cf56a5,male,India;Royal Challengers Bangalore,21,,,,,bowler,,derived:role_from_usage/v1,0.85,false
C Bwanali,b26a30f9,female,Malawi,21,,,,,batting all-rounder,,derived:role_from_usage/v1,0.85,false
H Osinde,2b8b75a0,male,Canada,21,,,,,bowler,,derived:role_from_usage/v1,0.85,false
Aminuddin Ramly,8cae5b48,male,Malaysia,21,,,,,batter,,derived:role_from_usage/v1,0.85,false
VE Tembo,1439a13c,male,Mozambique,21,,,,,batter,,derived:role_from_usage/v1,0.85,false
RMS Eranga,8f7a598f,male,Sri Lanka,21,,,,,bowler,,derived:role_from_usage/v1,0.85,false
Lopamudra,ff4509d5,female,Norway,21,,,,,bowler,,derived:role_from_usage/v1,0.85,false
DG Brownlie,22bd731a,male,New Zealand,21,,,,,batter,,derived:role_from_usage/v1,0.85,false
M Dillon,5af87ad6,male,West Indies,21,,,,,bowler,,derived:role_from_usage/v1,0.85,false
Hassan Rasheed,1ca51098,male,Maldives,21,,,,,batter,,derived:role_from_usage/v1,0.85,false
YS Chauhan,fb3233d4,male,Sweden,21,,,,,batter,,derived:role_from_usage/v1,0.85,false
D Johnson,945981e5,male,Switzerland,21,,,,,all-rounder,,derived:role_from_usage/v1,0.85,false
GT Taylor,c674f722,male,Bahamas,21,,,,,batting all-rounder,,derived:role_from_usage/v1,0.85,false
SR Thadani,76bda023,female,United States of America,21,,,,,bowler,,derived:role_from_usage/v1,0.85,false
Awais Ahmed,f9f857dc,male,Spain,21,,,,,wicketkeeper-batter,yes,derived:role_from_usage/v1 | derived:keeper_inference_aggregate/v1,0.85 | 0.94,false
NSS Sharma,5f22ccae,female,Delhi Capitals;India,21,,,,,bowler,,derived:role_from_usage/v1,0.85,false
Mujeeb Ur Rahman,7d92277a,male,Kings XI Punjab;Mumbai Indians;Sunrisers Hyderabad,20,,,,,bowler,,derived:role_from_usage/v1,0.83,false
T Makusha,df15677b,female,Zimbabwe,20,,,,,bowler,,derived:role_from_usage/v1,0.83,false
K Chigora,5f311f1a,female,Zimbabwe,20,,,,,bowler,,derived:role_from_usage/v1,0.83,false
JT Ball,3d0ed2f9,male,England,20,,,,,bowler,,derived:role_from_usage/v1,0.83,false
JJ van der Wath,6821ac10,male,Royal Challengers Bangalore;South Africa,20,,,,,bowler,,derived:role_from_usage/v1,0.83,false
KO Otieno,fbaa61d2,male,Kenya,20,,,,,wicketkeeper-batter,yes,derived:role_from_usage/v1 | derived:keeper_inference_aggregate/v1,0.83 | 0.84,false
Ghulam Fatima,3d689960,female,Pakistan,20,,,,,bowler,,derived:role_from_usage/v1,0.83,false
H Agarwal,3f886270,female,Qatar,20,,,,,all-rounder,,derived:role_from_usage/v1,0.83,false
M Dixit,d85d52c2,male,Luxembourg,20,,,,,bowler,,derived:role_from_usage/v1,0.83,false
JB Abega,b7abb123,male,Cameroon,20,,,,,all-rounder,,derived:role_from_usage/v1,0.83,false
Ameel Mauroof,1579d497,male,Maldives,20,,,,,batting all-rounder,,derived:role_from_usage/v1,0.83,false
MJG Rippon,b03db6fa,male,Netherlands;New Zealand,20,,,,,all-rounder,,derived:role_from_usage/v1,0.83,false
A Donovan,02888f23,male,Philippines,20,,,,,batting all-rounder,,derived:role_from_usage/v1,0.83,false
Lucas Rossi,2064e555,male,Argentina,20,,,,,all-rounder,,derived:role_from_usage/v1,0.83,false
CC Machado,5992ef03,male,Brazil,20,,,,,batter,,derived:role_from_usage/v1,0.83,false
AM Ellis,f987245c,male,New Zealand,20,,,,,bowler,,derived:role_from_usage/v1,0.83,false
GA Lamb,86421172,male,Zimbabwe,20,,,,,all-rounder,,derived:role_from_usage/v1,0.83,false
BA Williams,953e3931,male,Australia,20,,,,,bowler,,derived:role_from_usage/v1,0.83,false
Salvin Stanly,a6631b55,male,Cambodia,20,,,,,batting all-rounder,,derived:role_from_usage/v1,0.83,false
Azmatullah Omarzai,8f6dd463,male,Gujarat Titans;Punjab Kings,20,,,,,all-rounder,,derived:role_from_usage/v1,0.83,false
SB Dubey,6b2ff18f,male,Rajasthan Royals,20,,,,,batter,,derived:role_from_usage/v1,0.83,false
SA Asnodkar,ae091d39,male,Rajasthan Royals,20,,,,,batter,,derived:role_from_usage/v1,0.83,false
M Mavunga,bb411d1e,female,Zimbabwe,20,,,,,bowler,,derived:role_from_usage/v1,0.83,false
NJ Browne,a6aac76b,female,New Zealand,20,,,,,all-rounder,,derived:role_from_usage/v1,0.83,false
JC Balt,75be3b2a,male,Namibia,20,,,,,all-rounder,,derived:role_from_usage/v1,0.83,false
T De Silva,31821596,female,Cyprus,20,,,,,wicketkeeper-batter,yes,derived:role_from_usage/v1 | derived:keeper_inference_aggregate/v1,0.83 | 0.97,false
I Chathurani,85364088,female,Cyprus,20,,,,,all-rounder,,derived:role_from_usage/v1,0.83,false
CPPM Sadun,2cf2fc9e,male,Cyprus,20,,,,,all-rounder,,derived:role_from_usage/v1,0.83,false
H Patel,c4ff0618,male,Canada,20,,,,,batting all-rounder,,derived:role_from_usage/v1,0.83,false
D la Cock,48301a4b,male,Namibia,20,,,,,batter,,derived:role_from_usage/v1,0.83,false
J Shaju,d8bee9a1,male,Malta,20,,,,,bowler,,derived:role_from_usage/v1,0.83,false
T Taylor,1d6e8f52,male,Cayman Islands,20,,,,,bowler,,derived:role_from_usage/v1,0.83,false
CN Onwuzulike,715dbf27,male,Nigeria,20,,,,,batter,,derived:role_from_usage/v1,0.83,false
S Anirudha,95a2ea61,male,Chennai Super Kings;Sunrisers Hyderabad,20,,,,,batter,,derived:role_from_usage/v1,0.83,false
AS van Beuge,623c8835,female,Netherlands,20,,,,,all-rounder,,derived:role_from_usage/v1,0.83,false
B Madimabe,1e481de4,female,Botswana,20,,,,,batter,yes,derived:role_from_usage/v1 | derived:keeper_inference_aggregate/v1,0.83 | 0.66,false
P Pratt,ccac9ed0,female,Sierra Leone,20,,,,,batting all-rounder,,derived:role_from_usage/v1,0.83,false
K Amuge,eb2de8d9,female,Uganda,20,,,,,bowler,,derived:role_from_usage/v1,0.83,false
Swann Htet Ko Ko,9ee21ee4,male,Myanmar,20,,,,,wicketkeeper-batter,yes,derived:role_from_usage/v1 | derived:keeper_inference_aggregate/v1,0.83 | 0.97,false
Myat Thu Aung,cebbf3c9,male,Myanmar,20,,,,,batter,,derived:role_from_usage/v1,0.83,false
Adam Senn,34c3f7b9,male,Cyprus,20,,,,,all-rounder,,derived:role_from_usage/v1,0.83,false
Waheed Ahmed,3df3f50b,male,United Arab Emirates,20,,,,,all-rounder,,derived:role_from_usage/v1,0.83,false
Sachin Baby,dc9dd038,male,Rajasthan Royals;Royal Challengers Bangalore;Sunrisers Hyderabad,20,,,,,batter,,derived:role_from_usage/v1,0.83,false
M Spoors,da4a1e46,male,Canada,20,,,,,batting all-rounder,,derived:role_from_usage/v1,0.83,false
Javed Omar,e15faa51,male,Bangladesh,20,,,,,batter,,derived:role_from_usage/v1,0.83,false
Wan Nor Zulaika,ae99724d,female,Malaysia,20,,,,,batting all-rounder,,derived:role_from_usage/v1,0.83,false
S Dunukedeniya,3134e4a4,female,Cyprus,20,,,,,all-rounder,,derived:role_from_usage/v1,0.83,false
C Wijesinghe,db86ac96,female,Cyprus,20,,,,,bowler,,derived:role_from_usage/v1,0.83,false
E Kallous,0680ff7f,female,Greece,20,,,,,batting all-rounder,,derived:role_from_usage/v1,0.83,false
Sadamali Bhakshala,89df3901,female,Bahrain,20,,,,,bowler,,derived:role_from_usage/v1,0.83,false
Sana Butt,0f49b970,female,Bahrain,20,,,,,wicketkeeper-batter,yes,derived:role_from_usage/v1 | derived:keeper_inference_aggregate/v1,0.83 | 0.97,false
Karri Gullem Keen,bb7b014a,female,Philippines,20,,,,,all-rounder,,derived:role_from_usage/v1,0.83,false
JKD Andreano,757baa30,female,Philippines,20,,,,,all-rounder,,derived:role_from_usage/v1,0.83,false
G Gune,5491a9ff,male,Singapore,20,,,,,batter,,derived:role_from_usage/v1,0.83,false
Kazim Somani,d2ebebbe,male,Malawi,20,,,,,batter,,derived:role_from_usage/v1,0.83,false
R Hashu,a53029a1,male,Portugal,20,,,,,bowler,,derived:role_from_usage/v1,0.83,false
S Maduranga,68f24545,male,South Korea,20,,,,,all-rounder,,derived:role_from_usage/v1,0.83,false
S Sola,3f9feb1e,male,Samoa,20,,,,,all-rounder,,derived:role_from_usage/v1,0.83,false
V Sukumaran,5eb51b97,male,United Arab Emirates,20,,,,,batting all-rounder,,derived:role_from_usage/v1,0.83,false
R Gunasekera,9b6ad88a,male,Canada,20,,,,,batter,,derived:role_from_usage/v1,0.83,false
L Sipamla,f892fcf9,male,South Africa,20,,,,,bowler,,derived:role_from_usage/v1,0.83,false
JM Fields,62d34d5c,female,Australia,20,,,,,wicketkeeper-batter,yes,derived:role_from_usage/v1 | derived:keeper_inference_aggregate/v1,0.83 | 0.82,false
VB Chikkannaiah,8e81b773,male,Germany,20,,,,,batter,,derived:role_from_usage/v1,0.83,false
ST Frohnmayer,7e8bcfc1,female,Germany,20,,,,,all-rounder,,derived:role_from_usage/v1,0.83,false
I Asif,663ad386,male,Austria,20,,,,,batting all-rounder,,derived:role_from_usage/v1,0.83,false
S Nisansala,1251a339,female,Sri Lanka,20,,,,,bowler,,derived:role_from_usage/v1,0.83,false
Saud Munir,5902f2eb,male,Denmark,20,,,,,bowler,,derived:role_from_usage/v1,0.83,false
A Shreshta,4e9af8f6,male,Nigeria,20,,,,,batter,occasional,derived:role_from_usage/v1 | derived:keeper_inference_aggregate/v1,0.83 | 0.62,false
SN Pathirana,f4000a7d,male,Cyprus,20,,,,,wicketkeeper-batter,yes,derived:role_from_usage/v1 | derived:keeper_inference_aggregate/v1,0.83 | 0.97,false
K Anjali Sarvani,fa0bf9d9,female,India;UP Warriorz,20,,,,,bowler,,derived:role_from_usage/v1,0.83,false
MA Baig,89394502,male,Malawi,20,,,,,all-rounder,,derived:role_from_usage/v1,0.83,false
Ntombizodwa Mkhatshwa,5d297269,female,Eswatini,20,,,,,batter,,derived:role_from_usage/v1,0.83,false
R Escobar,9fa5496f,male,Argentina,20,,,,,batter,occasional,derived:role_from_usage/v1 | derived:keeper_inference_aggregate/v1,0.83 | 0.62,false
M Dlamini,877a3433,female,Eswatini,20,,,,,all-rounder,,derived:role_from_usage/v1,0.83,false
A Sharma,a3ead8da,female,India,20,,,,,all-rounder,,derived:role_from_usage/v1,0.83,false
PKD Chase,8c2aa0f9,male,Ireland,20,,,,,bowler,,derived:role_from_usage/v1,0.83,false
Kamran Ahmadzai,afa2ebba,male,France,20,,,,,batting all-rounder,,derived:role_from_usage/v1,0.83,false
R Limema,95fdfe7e,female,Lesotho,20,,,,,bowler,,derived:role_from_usage/v1,0.83,false
RS Vandort,80e193fa,female,Sri Lanka,20,,,,,wicketkeeper-batter,yes,derived:role_from_usage/v1 | derived:keeper_inference_aggregate/v1,0.83 | 0.82,false
Yasir Mohammad,fe5175ce,male,United States of America,20,,,,,bowler,,derived:role_from_usage/v1,0.83,false
N Chaihan,61b60bb3,female,Thailand,20,,,,,batter,,derived:role_from_usage/v1,0.83,false
I Edwards,42095275,female,Germany,20,,,,,bowler,,derived:role_from_usage/v1,0.83,false
KR Jha,9bdb9aa9,male,Austria,20,,,,,batting all-rounder,,derived:role_from_usage/v1,0.83,false
P Pushparajan,a143d606,male,Malta,20,,,,,all-rounder,,derived:role_from_usage/v1,0.83,false
D Koralalage,5e6041a4,female,Cyprus,20,,,,,all-rounder,,derived:role_from_usage/v1,0.83,false
MA Nyabela,261fddca,female,Lesotho,20,,,,,all-rounder,,derived:role_from_usage/v1,0.83,false
M Vumiliya,0c00286e,female,Rwanda,20,,,,,bowler,,derived:role_from_usage/v1,0.83,false
G Ngegba,69caf2be,male,Sierra Leone,20,,,,,all-rounder,,derived:role_from_usage/v1,0.83,false
Ameer Saiyed,2f22325f,male,Botswana,20,,,,,batting all-rounder,,derived:role_from_usage/v1,0.83,false
P Rathnayake,c1fdfb46,male,Sri Lanka,20,,,,,batter,,derived:role_from_usage/v1,0.83,false
AA Senn,719ac15b,male,Cyprus,20,,,,,batter,,derived:role_from_usage/v1,0.83,false
HF Gurney,e412cb64,male,England;Kolkata Knight Riders,20,,,,,bowler,,derived:role_from_usage/v1,0.83,false
S Vesawkar,3de06845,male,Nepal,20,,,,,batting all-rounder,,derived:role_from_usage/v1,0.83,false
KM Molapo,dc5934a6,female,Lesotho,20,,,,,batter,occasional,derived:role_from_usage/v1 | derived:keeper_inference_aggregate/v1,0.83 | 0.62,false
Imran Ali Butt,5d60560f,male,Bahrain,20,,,,,wicketkeeper-batter,yes,derived:role_from_usage/v1 | derived:keeper_inference_aggregate/v1,0.83 | 0.97,false
DB Loic,01679383,male,Cameroon,20,,,,,all-rounder,,derived:role_from_usage/v1,0.83,false
PA Nixon,f14c62e4,male,England,20,,,,,wicketkeeper-batter,yes,derived:role_from_usage/v1 | derived:keeper_inference_aggregate/v1,0.83 | 0.97,false
AD Poynter,b98cdbf0,male,Ireland,20,,,,,batter,,derived:role_from_usage/v1,0.83,false
MP Ainsworth,ae4a47d8,male,Hungary,20,,,,,batting all-rounder,,derived:role_from_usage/v1,0.83,false
IG Holland,4167f30b,male,United States of America,20,,,,,all-rounder,,derived:role_from_usage/v1,0.83,false
MJ Owen,f2c936d7,male,Australia;Punjab Kings,19,,,,,batting all-rounder,,derived:role_from_usage/v1,0.82,false
SM Boland,d167edd3,male,Australia;Rising Pune Supergiants,19,,,,,bowler,,derived:role_from_usage/v1,0.82,false
ML Karlsen,4302af3d,female,Denmark,19,,,,,batter,occasional,derived:role_from_usage/v1 | derived:keeper_inference_aggregate/v1,0.82 | 0.62,false
A Dirannehelage,039168c7,female,Cyprus,19,,,,,all-rounder,,derived:role_from_usage/v1,0.82,false
AR Valdez,3c3f34b0,female,Philippines,19,,,,,batting all-rounder,,derived:role_from_usage/v1,0.82,false
Kyte Gullem Keen,f3f654c2,female,Philippines,19,,,,,batting all-rounder,,derived:role_from_usage/v1,0.82,false
R Chaudhary,bc6f4dac,female,Nepal,19,,,,,bowler,,derived:role_from_usage/v1,0.82,false
M Lollo,e6d1f4bb,female,Argentina,19,,,,,wicketkeeper-batter,yes,derived:role_from_usage/v1 | derived:keeper_inference_aggregate/v1,0.82 | 0.79,false
O Ranedoumoun,71ee8c8d,female,Cameroon,19,,,,,bowler,,derived:role_from_usage/v1,0.82,false
P Agboya,532ddb12,female,Nigeria,19,,,,,all-rounder,,derived:role_from_usage/v1,0.82,false
Mazharul Islam,30564b3e,male,Seychelles,19,,,,,batting all-rounder,,derived:role_from_usage/v1,0.82,false
R Baaleri,26c9b5be,male,Ghana,19,,,,,batting all-rounder,,derived:role_from_usage/v1,0.82,false
CM Akachukwu,e6581a17,male,Nigeria,19,,,,,bowler,,derived:role_from_usage/v1,0.82,false
B Yadav,ef07f354,male,Nepal,19,,,,,batter,,derived:role_from_usage/v1,0.82,false
Murid Ekrami,76b19864,male,Belgium,19,,,,,bowler,,derived:role_from_usage/v1,0.82,false
Amir Zaib,973006cc,male,Portugal,19,,,,,batter,,derived:role_from_usage/v1,0.82,false
Tshering Tashi,596c60cf,male,Bhutan,19,,,,,wicketkeeper-batter,yes,derived:role_from_usage/v1 | derived:keeper_inference_aggregate/v1,0.82 | 0.97,false
W Maximo,e41dee27,male,Brazil,19,,,,,batter,occasional,derived:role_from_usage/v1 | derived:keeper_inference_aggregate/v1,0.82 | 0.62,false
SB Patel,b24e0ffd,male,Malta,19,,,,,batter,,derived:role_from_usage/v1,0.82,false
V Jatinder Kumar,72ef2c6b,male,Germany,19,,,,,bowler,,derived:role_from_usage/v1,0.82,false
Milad Momend,84880baf,male,Luxembourg,19,,,,,bowler,,derived:role_from_usage/v1,0.82,false
Amal Jacob,5772882c,male,Hungary,19,,,,,bowler,,derived:role_from_usage/v1,0.82,false
S Gooch,622be0d9,male,Estonia,19,,,,,all-rounder,,derived:role_from_usage/v1,0.82,false
SW Masakadza,2182013e,male,Zimbabwe,19,,,,,bowler,,derived:role_from_usage/v1,0.82,false
RG Aga,2fdd16fe,male,Kenya,19,,,,,all-rounder,,derived:role_from_usage/v1,0.82,false
A Mohamed,86a68879,female,Tanzania,19,,,,,batting all-rounder,,derived:role_from_usage/v1,0.82,false
Sufiyan Muqeem,4277234d,male,Pakistan,19,,,,,bowler,,derived:role_from_usage/v1,0.82,false
JA Clarkson,bed90114,male,New Zealand,19,,,,,batting all-rounder,,derived:role_from_usage/v1,0.82,false
P Pheko,24e0b90f,female,Lesotho,19,,,,,batter,occasional,derived:role_from_usage/v1 | derived:keeper_inference_aggregate/v1,0.82 | 0.62,false
K Srandeva,38602b15,female,Bulgaria,19,,,,,all-rounder,,derived:role_from_usage/v1,0.82,false
Ashwini Balaji,81283f75,female,Germany,19,,,,,bowler,,derived:role_from_usage/v1,0.82,false
A Kourkoulou,637f6ae5,female,Greece,19,,,,,batter,,derived:role_from_usage/v1,0.82,false
ECB Moore,d0ff93a9,female,Italy,19,,,,,batting all-rounder,,derived:role_from_usage/v1,0.82,false
E Chiralile,4e193c55,female,Malawi,19,,,,,wicketkeeper-batter,yes,derived:role_from_usage/v1 | derived:keeper_inference_aggregate/v1,0.82 | 0.97,false
Yasir Ali Chowdhury,5791b840,male,Bangladesh,19,,,,,batter,,derived:role_from_usage/v1,0.82,false
Aziz Mohammad,b3e9555a,male,Belgium,19,,,,,all-rounder,,derived:role_from_usage/v1,0.82,false
A Paul,fa308279,male,Estonia,19,,,,,bowler,,derived:role_from_usage/v1,0.82,false
Abdul Samad,21dbacff,male,Japan,19,,,,,bowler,,derived:role_from_usage/v1,0.82,false
T Sandaruwan,2c31f58a,male,Romania,19,,,,,bowler,,derived:role_from_usage/v1,0.82,false
RE Levi,18c78b11,male,Mumbai Indians;South Africa,19,,,,,batter,,derived:role_from_usage/v1,0.82,false
V Nigam,5ffc0565,male,Delhi Capitals,19,,,,,bowler,,derived:role_from_usage/v1,0.82,false
AB Barath,d3a3e82d,male,Kings XI Punjab;West Indies,19,,,,,batter,,derived:role_from_usage/v1,0.82,false
R Pasipanodya,17ccd296,female,Zimbabwe,19,,,,,batter,,derived:role_from_usage/v1,0.82,false
MT Renshaw,218d4d78,male,Australia,19,,,,,all-rounder,,derived:role_from_usage/v1,0.82,false
RA Herman,9c821d2e,male,South Africa,19,,,,,batter,,derived:role_from_usage/v1,0.82,false
MS Kasprowicz,8d0ea930,male,Australia,19,,,,,bowler,,derived:role_from_usage/v1,0.82,false
G Candiru,fc2150f4,female,Qatar;Uganda,19,,,,,all-rounder,,derived:role_from_usage/v1,0.82,false
Poorvaja Jagdeesha,322855f7,female,Bahrain,19,,,,,batter,,derived:role_from_usage/v1,0.82,false
EF Beard,68019a70,male,Isle of Man,19,,,,,batter,,derived:role_from_usage/v1,0.82,false
K Fletcher,443d1fd8,male,Switzerland,19,,,,,bowler,,derived:role_from_usage/v1,0.82,false
Syed Haider,ab23a6a1,male,United Arab Emirates,19,,,,,wicketkeeper-batter,yes,derived:role_from_usage/v1 | derived:keeper_inference_aggregate/v1,0.82 | 0.77,false
TT Maposa,5feead83,male,Zimbabwe,19,,,,,bowler,,derived:role_from_usage/v1,0.82,false
S Houghton,4895df9e,male,Croatia,19,,,,,batter,occasional,derived:role_from_usage/v1 | derived:keeper_inference_aggregate/v1,0.82 | 0.62,false
S Jegannathan,866e9f3d,male,Indonesia,19,,,,,all-rounder,,derived:role_from_usage/v1,0.82,false
Mohammad Ahnaff,9b85a13a,male,Qatar,19,,,,,batter,,derived:role_from_usage/v1,0.82,false
A Busing-Volschenk,e9e37173,male,Namibia,19,,,,,batter,,derived:role_from_usage/v1,0.82,false
TN de Grooth,52980a48,male,Netherlands,19,,,,,batter,,derived:role_from_usage/v1,0.82,false
R Oa,dd468f06,female,Papua New Guinea,19,,,,,bowler,,derived:role_from_usage/v1,0.82,false
V Phiri,8ffa1b3c,female,Malawi,19,,,,,bowler,,derived:role_from_usage/v1,0.82,false
Pan Ei Phyu,9fcaeb60,female,Myanmar,19,,,,,batting all-rounder,,derived:role_from_usage/v1,0.82,false
Amarpal Kaur,3051fcc6,female,Canada,19,,,,,all-rounder,,derived:role_from_usage/v1,0.82,false
M Khojbariya,e1631e47,male,Eswatini,19,,,,,all-rounder,,derived:role_from_usage/v1,0.82,false
Zabiullah Zahid,6d024ce3,male,Sweden,19,,,,,bowler,,derived:role_from_usage/v1,0.82,false
BI Dilruksha,bf60e1d2,male,South Korea,19,,,,,wicketkeeper-batter,yes,derived:role_from_usage/v1 | derived:keeper_inference_aggregate/v1,0.82 | 0.97,false
AN Lascu,e2c882d1,male,Romania,19,,,,,batting all-rounder,,derived:role_from_usage/v1,0.82,false
Aizaz Cheema,5441db8c,male,Pakistan,19,,,,,bowler,,derived:role_from_usage/v1,0.82,false
S Tyagi,c24a2c5d,male,Chennai Super Kings;India,19,,,,,bowler,,derived:role_from_usage/v1,0.82,false
J van Heerden,01549705,male,Germany,19,,,,,batting all-rounder,,derived:role_from_usage/v1,0.82,false
J Bulele,2dde3e62,male,Mozambique,19,,,,,all-rounder,,derived:role_from_usage/v1,0.82,false
KN Chaddha,a88e4013,male,Indonesia,19,,,,,batting all-rounder,,derived:role_from_usage/v1,0.82,false
Praveen Santhanakrishnan,22fb205e,male,Mexico,19,,,,,batter,occasional,derived:role_from_usage/v1 | derived:keeper_inference_aggregate/v1,0.82 | 0.62,false
BN Toube,75f3aa00,male,Cameroon,19,,,,,all-rounder,,derived:role_from_usage/v1,0.82,false
Zeerak Chughtai,ff0b1636,male,Bulgaria,19,,,,,all-rounder,,derived:role_from_usage/v1,0.82,false
S Ostergaard,a19e799b,female,Denmark,19,,,,,batting all-rounder,,derived:role_from_usage/v1,0.82,false
AB Slebsager,4ae7048b,female,Denmark,19,,,,,bowler,,derived:role_from_usage/v1,0.82,false
Saud Islam,ae5a7eb5,male,Uganda,19,,,,,batter,,derived:role_from_usage/v1,0.82,false
N Mugabe,3e28808e,male,Kenya,19,,,,,batter,,derived:role_from_usage/v1,0.82,false
RJ Hatchman,01c05b6c,male,Gibraltar,19,,,,,batting all-rounder,,derived:role_from_usage/v1,0.82,false
RJ Trott,52f96571,male,Bermuda,19,,,,,bowler,,derived:role_from_usage/v1,0.82,false
Mirza Ahsan,6b74c13b,male,Austria,19,,,,,batter,,derived:role_from_usage/v1,0.82,false
Hamid Mahmood,5332fc2f,male,Sweden,19,,,,,all-rounder,,derived:role_from_usage/v1,0.82,false
Anwar Arudin,6d24561a,male,Malaysia,19,,,,,batter,,derived:role_from_usage/v1,0.82,false
AWJ Auguste,4b167ede,male,West Indies,19,,,,,batter,,derived:role_from_usage/v1,0.82,false
A Wellington,9b3bcca4,female,Australia,19,,,,,bowler,,derived:role_from_usage/v1,0.82,false
H Rathod,1f943bef,male,Qatar,19,,,,,bowler,,derived:role_from_usage/v1,0.82,false
J Nyumbu,024a173d,male,Zimbabwe,19,,,,,bowler,,derived:role_from_usage/v1,0.82,false
Ilyas Ataullah,357484e9,male,Turkey,19,,,,,all-rounder,,derived:role_from_usage/v1,0.82,false
A Turkmen,e56f4180,male,Turkey,19,,,,,all-rounder,,derived:role_from_usage/v1,0.82,false
MW Machan,8c7d6cbe,male,Scotland,19,,,,,all-rounder,,derived:role_from_usage/v1,0.82,false
R Castillo,716ba9ef,female,Philippines,19,,,,,batting all-rounder,,derived:role_from_usage/v1,0.82,false
Dylan Steyn,ff2b190e,male,Czech Republic,19,,,,,batter,,derived:role_from_usage/v1,0.82,false
Mehboob Ali,f1e0417f,male,Malta,19,,,,,all-rounder,,derived:role_from_usage/v1,0.82,false
VB Viyala,228a747d,female,Norway,19,,,,,batting all-rounder,,derived:role_from_usage/v1,0.82,false
P Zuze,04420914,male,Malawi,19,,,,,batter,,derived:role_from_usage/v1,0.82,false
N Niranjana,b4bbe95c,female,India,19,,,,,bowler,,derived:role_from_usage/v1,0.82,false
HB Dickson,e8c95491,male,Cook Islands,19,,,,,all-rounder,,derived:role_from_usage/v1,0.82,false
H Sawanneh,89372586,female,Sierra Leone,19,,,,,batter,,derived:role_from_usage/v1,0.82,false
KE Broadmore,7c0055c1,female,New Zealand,19,,,,,bowler,,derived:role_from_usage/v1,0.82,false
A Alexander,ef6d6883,male,Indonesia,19,,,,,batting all-rounder,,derived:role_from_usage/v1,0.82,false
WNA Bucuane,eea3be2e,female,Mozambique,19,,,,,batter,occasional,derived:role_from_usage/v1 | derived:keeper_inference_aggregate/v1,0.82 | 0.62,false
Rahmanullah Gurbaz,0bacade8,male,Kolkata Knight Riders,18,,,,,batter,,derived:role_from_usage/v1,0.8,false
Priya Mishra,91e217c3,female,Gujarat Giants;India,18,,,,,bowler,,derived:role_from_usage/v1,0.8,false
AJ Kenealy,ca753f5d,female,Ireland,18,,,,,bowler,,derived:role_from_usage/v1,0.8,false
N Peter,212aeedd,male,South Africa,18,,,,,bowler,,derived:role_from_usage/v1,0.8,false
Shoaib Khan,fdee4a01,male,United Arab Emirates,18,,,,,batter,,derived:role_from_usage/v1,0.8,false
JM Davison,5471024e,male,Canada,18,,,,,all-rounder,,derived:role_from_usage/v1,0.8,false
MT Jacob,f1750a74,female,Qatar,18,,,,,bowler,,derived:role_from_usage/v1,0.8,false
E Thelander,45cb4feb,female,Sweden,18,,,,,wicketkeeper-batter,yes,derived:role_from_usage/v1 | derived:keeper_inference_aggregate/v1,0.8 | 0.97,false
Kanchan Rana,d5d87f3f,female,Sweden,18,,,,,batting all-rounder,,derived:role_from_usage/v1,0.8,false
H Chamto,5e181be6,female,Sweden,18,,,,,bowler,,derived:role_from_usage/v1,0.8,false
KM Chingaipe,db32d60a,female,Malawi,18,,,,,all-rounder,,derived:role_from_usage/v1,0.8,false
J Albin,a4a53adf,male,Bulgaria,18,,,,,batting all-rounder,,derived:role_from_usage/v1,0.8,false
GK Berg,42151725,male,Italy,18,,,,,all-rounder,,derived:role_from_usage/v1,0.8,false
M Kpaka,c381cec5,male,Sierra Leone,18,,,,,batting all-rounder,,derived:role_from_usage/v1,0.8,false
AJ Ayannaike,f74b682b,male,Nigeria,18,,,,,batter,occasional,derived:role_from_usage/v1 | derived:keeper_inference_aggregate/v1,0.8 | 0.62,false
DR Hooper,0ac067e8,male,Guernsey,18,,,,,all-rounder,,derived:role_from_usage/v1,0.8,false
AUKDS Kalugala,e2d1822f,male,Cyprus,18,,,,,batter,,derived:role_from_usage/v1,0.8,false
Zain Ahmad,ea2c0aff,male,France,18,,,,,batting all-rounder,,derived:role_from_usage/v1,0.8,false
Asif Shaikh,231daa19,male,Bahrain,18,,,,,bowler,,derived:role_from_usage/v1,0.8,false
Shoaib Rafiq,27df03d2,male,Mexico,18,,,,,bowler,,derived:role_from_usage/v1,0.8,false
S Bhari,28c7d721,male,Nepal,18,,,,,bowler,,derived:role_from_usage/v1,0.8,false
J Gumbie,c8d74c21,male,Zimbabwe,18,,,,,batter,,derived:role_from_usage/v1,0.8,false
Suhrawadi Shuvo,8fb49ef8,male,Bangladesh,18,,,,,bowler,,derived:role_from_usage/v1,0.8,false
DE Bernard,e0557f7f,male,West Indies,18,,,,,all-rounder,,derived:role_from_usage/v1,0.8,false
Naveen-ul-Haq,c0c411cb,male,Lucknow Super Giants,18,,,,,bowler,,derived:role_from_usage/v1,0.8,false
M Rawat,de8d3876,male,Pune Warriors;Rajasthan Royals,18,,,,,wicketkeeper-batter,yes,derived:role_from_usage/v1 | derived:keeper_inference_aggregate/v1,0.8 | 0.96,false
E Claridge,d8c6a647,female,United States of America,18,,,,,wicketkeeper-batter,yes,derived:role_from_usage/v1 | derived:keeper_inference_aggregate/v1,0.8 | 0.73,false
C Carter,1e25b5bf,male,Hong Kong,18,,,,,wicketkeeper-batter,yes,derived:role_from_usage/v1 | derived:keeper_inference_aggregate/v1,0.8 | 0.93,false
Nahid Rana,5318ee68,male,Bangladesh,18,,,,,bowler,,derived:role_from_usage/v1,0.8,false
M Pascal,729c5ab5,female,Tanzania,18,,,,,batter,,derived:role_from_usage/v1,0.8,false
P Sabu,a38da707,female,Austria,18,,,,,all-rounder,,derived:role_from_usage/v1,0.8,false
C Ostergaard,e212b0fd,female,Denmark,18,,,,,bowler,,derived:role_from_usage/v1,0.8,false
S Sarandeva,dacecca3,female,Bulgaria,18,,,,,all-rounder,,derived:role_from_usage/v1,0.8,false
Keziah Miriam Sabin,b5b21b1d,female,United Arab Emirates,18,,,,,batter,,derived:role_from_usage/v1,0.8,false
A Vaidya,b7d8c07d,female,Sweden,18,,,,,all-rounder,,derived:role_from_usage/v1,0.8,false
N Asuramanage,46dff613,female,Italy,18,,,,,batting all-rounder,,derived:role_from_usage/v1,0.8,false
A Davidson Soler,524943f1,male,Spain,18,,,,,wicketkeeper-batter,yes,derived:role_from_usage/v1 | derived:keeper_inference_aggregate/v1,0.8 | 0.78,false
LS Barkania,073126d6,male,Tanzania,18,,,,,bowler,,derived:role_from_usage/v1,0.8,false
Gagandeep Singh,4a370769,male,Bulgaria,18,,,,,bowler,,derived:role_from_usage/v1,0.8,false
SH Obed,f49c401e,male,Vanuatu,18,,,,,batting all-rounder,,derived:role_from_usage/v1,0.8,false
Mohamed Arief,1087dd78,male,Malaysia,18,,,,,batter,,derived:role_from_usage/v1,0.8,false
AH Thomson,5d2031f0,female,Netherlands,18,,,,,batter,,derived:role_from_usage/v1,0.8,false
T Suri,a76d4082,male,United Arab Emirates,18,,,,,wicketkeeper-batter,yes,derived:role_from_usage/v1 | derived:keeper_inference_aggregate/v1,0.8 | 0.89,false
M Heingo,0abb2525,male,Namibia,18,,,,,bowler,,derived:role_from_usage/v1,0.8,false
D Khanal,c4bc3b59,male,Nepal,18,,,,,batter,,derived:role_from_usage/v1,0.8,false
NE Farrant,15f609ed,female,England,18,,,,,bowler,,derived:role_from_usage/v1,0.8,false
S Magar,4fc3790e,female,Nepal,18,,,,,batting all-rounder,,derived:role_from_usage/v1,0.8,false
S Merican,f3f6f5a0,female,Singapore,18,,,,,batter,,derived:role_from_usage/v1,0.8,false
KK Donovan,ef2a7af4,female,Philippines,18,,,,,all-rounder,,derived:role_from_usage/v1,0.8,false
M Valner,b5472435,female,Estonia,18,,,,,all-rounder,,derived:role_from_usage/v1,0.8,false
L Barnett,d9a2345a,female,Isle of Man,18,,,,,all-rounder,,derived:role_from_usage/v1,0.8,false
J Hicks,802febe2,female,Isle of Man,18,,,,,bowler,,derived:role_from_usage/v1,0.8,false
MSN Ekani,46c81920,female,Cameroon,18,,,,,all-rounder,,derived:role_from_usage/v1,0.8,false
MM Mabathoana,fb432bd3,female,Lesotho,18,,,,,batting all-rounder,,derived:role_from_usage/v1,0.8,false
J Dzulfikar,05ea0342,male,Indonesia,18,,,,,batting all-rounder,,derived:role_from_usage/v1,0.8,false
S Mathur,11378dda,male,Hong Kong,18,,,,,batter,occasional,derived:role_from_usage/v1 | derived:keeper_inference_aggregate/v1,0.8 | 0.62,false
Nimish Lathief,b561e8ea,male,Kuwait,18,,,,,bowler,,derived:role_from_usage/v1,0.8,false
LM Gabriel,88a5adcf,male,Lesotho,18,,,,,batting all-rounder,,derived:role_from_usage/v1,0.8,false
R Siriwardena,c3ba4942,male,Cyprus,18,,,,,batting all-rounder,,derived:role_from_usage/v1,0.8,false
SFS Cheema,507fc658,male,Austria,18,,,,,batting all-rounder,,derived:role_from_usage/v1,0.8,false
S Cotter,e6127436,male,Samoa,18,,,,,batter,,derived:role_from_usage/v1,0.8,false
JM Joao,2ef6c852,male,Mozambique,18,,,,,batter,,derived:role_from_usage/v1,0.8,false
P Kumbhare,ef503cfe,male,Japan,18,,,,,bowler,,derived:role_from_usage/v1,0.8,false
Amir Farooq,6e991bd4,male,Qatar,18,,,,,bowler,,derived:role_from_usage/v1,0.8,false
Bilawal Bhatti,7662cf7a,male,Pakistan,18,,,,,bowler,,derived:role_from_usage/v1,0.8,false
Yusrina Yaakop,c74d14f1,female,Malaysia,18,,,,,batter,,derived:role_from_usage/v1,0.8,false
O Matsolo,3c4a62c4,female,Mozambique,18,,,,,all-rounder,,derived:role_from_usage/v1,0.8,false
N Nojic,ef537c2e,female,Serbia,18,,,,,all-rounder,,derived:role_from_usage/v1,0.8,false
M Perisic,81599c08,female,Serbia,18,,,,,batting all-rounder,,derived:role_from_usage/v1,0.8,false
Zi Mei,72070f05,female,China,18,,,,,wicketkeeper-batter,yes,derived:role_from_usage/v1 | derived:keeper_inference_aggregate/v1,0.8 | 0.87,false
B Ichinkhorloo,3cc55f88,female,Mongolia,18,,,,,batter,,derived:role_from_usage/v1,0.8,false
O Amarjargal,c054cf6f,female,Mongolia,18,,,,,all-rounder,,derived:role_from_usage/v1,0.8,false
M Hundal,213dc641,female,Canada,18,,,,,bowler,,derived:role_from_usage/v1,0.8,false
Tashi Phuntsho,43d365ca,male,Bhutan,18,,,,,all-rounder,,derived:role_from_usage/v1,0.8,false
Abhishek Anand,2c12bc65,male,Japan,18,,,,,batter,,derived:role_from_usage/v1,0.8,false
Zaheer Zahiri,62f6d8ce,male,France,18,,,,,bowler,,derived:role_from_usage/v1,0.8,false
J Martins,9c96b71f,male,Portugal,18,,,,,all-rounder,,derived:role_from_usage/v1,0.8,false
JD Allan,3758028b,male,Vanuatu,18,,,,,wicketkeeper-batter,yes,derived:role_from_usage/v1 | derived:keeper_inference_aggregate/v1,0.8 | 0.89,false
Irfan Ringku,fa0d1410,male,Romania,18,,,,,all-rounder,,derived:role_from_usage/v1,0.8,false
Nazimuddin,4aef496b,male,Bangladesh,18,,,,,batter,,derived:role_from_usage/v1,0.8,false
L Qiao,2b0deff9,female,Indonesia,18,,,,,bowler,,derived:role_from_usage/v1,0.8,false
Pankaj Singh,e32d22f6,male,India;Rajasthan Royals;Royal Challengers Bangalore,18,,,,,bowler,,derived:role_from_usage/v1,0.8,false
PM Liyanagamage,3ee0050f,male,Sri Lanka,18,,,,,bowler,,derived:role_from_usage/v1,0.8,false
AR Odedara,a7a6c1c2,male,Oman,18,,,,,batter,,derived:role_from_usage/v1,0.8,false
LA Pomersbach,b63ab531,male,Australia;Kings XI Punjab;Royal Challengers Bangalore,18,,,,,batter,,derived:role_from_usage/v1,0.8,false
K Frank,f7e96532,female,Papua New Guinea,18,,,,,batter,,derived:role_from_usage/v1,0.8,false
Eyman Fatima,4357f6f8,female,Pakistan,18,,,,,batter,,derived:role_from_usage/v1,0.8,false
R Ova,88bba252,female,Vanuatu,18,,,,,bowler,,derived:role_from_usage/v1,0.8,false
N Knights,b0aadf4f,male,Isle of Man,18,,,,,batter,,derived:role_from_usage/v1,0.8,false
AE Isesele,5249f9c4,male,Nigeria,18,,,,,batter,,derived:role_from_usage/v1,0.8,false
TMM Newton,93fe473e,female,New Zealand,18,,,,,bowler,,derived:role_from_usage/v1,0.8,false
F Damiao Couana,2c535f08,male,Mozambique,18,,,,,all-rounder,,derived:role_from_usage/v1,0.8,false
NS Prasad,f903aec2,female,Delhi Capitals,18,,,,,batter,,derived:role_from_usage/v1,0.8,false
Maahi Madhavan,c6002ece,female,United States of America,18,,,,,bowler,,derived:role_from_usage/v1,0.8,false
Taijul Islam,9d1d34bd,male,Bangladesh,18,,,,,bowler,,derived:role_from_usage/v1,0.8,false
TK Musakanda,9f9b903e,male,Zimbabwe,18,,,,,batter,,derived:role_from_usage/v1,0.8,false
Shamsur Rahman,02789d88,male,Bangladesh,18,,,,,batter,,derived:role_from_usage/v1,0.8,false
N Mabila,21ef59e3,female,Eswatini,18,,,,,all-rounder,,derived:role_from_usage/v1,0.8,false
H Kaushik,2bfec670,male,United Arab Emirates,18,,,,,all-rounder,,derived:role_from_usage/v1,0.8,false
Omid Mailk Khel,2d94751e,male,Belgium,18,,,,,batter,,derived:role_from_usage/v1,0.8,false
KJ Ferrary,81898acc,male,Gibraltar,18,,,,,all-rounder,,derived:role_from_usage/v1,0.8,false
FA Cossa,3b52d247,male,Mozambique,18,,,,,all-rounder,,derived:role_from_usage/v1,0.8,false
C Sosa,b2f4cb0d,female,Argentina,18,,,,,bowler,,derived:role_from_usage/v1,0.8,false
Gayan Munaweera,62141a22,male,Qatar,18,,,,,bowler,,derived:role_from_usage/v1,0.8,false
MD Mishra,6afb26d6,male,Deccan Chargers;Pune Warriors,18,,,,,batter,,derived:role_from_usage/v1,0.8,false
N Chejay,a9e63549,male,Bhutan,18,,,,,wicketkeeper-batter,yes,derived:role_from_usage/v1 | derived:keeper_inference_aggregate/v1,0.8 | 0.76,false
E Kusuda-Nairn,95c5ce07,female,Japan,18,,,,,bowler,,derived:role_from_usage/v1,0.8,false
Anwar Rahman,28adcce9,male,Malaysia,18,,,,,bowler,,derived:role_from_usage/v1,0.8,false
S Gupta,fa2d6545,female,Mumbai Indians,18,,,,,batting all-rounder,,derived:role_from_usage/v1,0.8,false
Aleena Khan,97f2faf0,female,Qatar,18,,,,,batting all-rounder,,derived:role_from_usage/v1,0.8,false
AN Davidson-Richards,35828bdd,female,England,17,,,,,all-rounder,,derived:role_from_usage/v1,0.78,false
U Chetry,8f8f94fd,female,India;UP Warriorz,17,,,,,wicketkeeper-batter,yes,derived:role_from_usage/v1 | derived:keeper_inference_aggregate/v1,0.78 | 0.86,false
Sania Khan,e5be2427,female,Pakistan,17,,,,,bowler,,derived:role_from_usage/v1,0.78,false
Sohail Khan,5af743d0,male,Pakistan,17,,,,,bowler,,derived:role_from_usage/v1,0.78,false
BJ Curran,1786a21b,male,Zimbabwe,17,,,,,batter,,derived:role_from_usage/v1,0.78,false
AO Suji,b15eaf77,male,Kenya,17,,,,,bowler,,derived:role_from_usage/v1,0.78,false
Mohammad Shahzad,4c7df2c8,male,United Arab Emirates,17,,,,,all-rounder,,derived:role_from_usage/v1,0.78,false
AM Zepeda,c9f95a16,female,Austria,17,,,,,all-rounder,,derived:role_from_usage/v1,0.78,false
G Anujin,e749f016,female,Mongolia,17,,,,,batter,,derived:role_from_usage/v1,0.78,false
N Kingsley,31036a1d,female,Germany,17,,,,,batter,,derived:role_from_usage/v1,0.78,false
TB Pawde,42d5be2e,female,Oman,17,,,,,batter,,derived:role_from_usage/v1,0.78,false
Jayasooriya,39183970,female,Sweden,17,,,,,all-rounder,,derived:role_from_usage/v1,0.78,false
A Alfonso,5088c217,female,Malawi,17,,,,,batter,,derived:role_from_usage/v1,0.78,false
G Burrows,8bee668b,male,Isle of Man,17,,,,,batter,,derived:role_from_usage/v1,0.78,false
Ali Saleem,661e8a03,male,Norway,17,,,,,batter,,derived:role_from_usage/v1,0.78,false
CJ Bowes,45df0e72,male,New Zealand,17,,,,,batter,,derived:role_from_usage/v1,0.78,false
OE Taylor,24a93558,male,Cook Islands,17,,,,,bowler,,derived:role_from_usage/v1,0.78,false
B Laughlin,b2a79f17,male,Australia;Chennai Super Kings;Rajasthan Royals,17,,,,,bowler,,derived:role_from_usage/v1,0.78,false
F Utagushimaninde,b973a7ee,female,Rwanda,17,,,,,batter,,derived:role_from_usage/v1,0.78,false
Simran Shaikh,4961601c,female,Gujarat Giants;UP Warriorz,17,,,,,batter,,derived:role_from_usage/v1,0.78,false
Akash Madhwal,4bd09374,male,Mumbai Indians;Rajasthan Royals,17,,,,,bowler,,derived:role_from_usage/v1,0.78,false
NH Patel,d945db3e,female,New Zealand,17,,,,,bowler,,derived:role_from_usage/v1,0.78,false
Qadeer Ahmed,9ac1dc9f,male,United Arab Emirates,17,,,,,bowler,,derived:role_from_usage/v1,0.78,false
Shivam Sharma,5bdeeed4,male,Canada,17,,,,,bowler,,derived:role_from_usage/v1,0.78,false
NFI McCallum,ef5cbaf6,male,Scotland,17,,,,,batter,,derived:role_from_usage/v1,0.78,false
DL Graham,907e30d9,female,France,17,,,,,bowler,,derived:role_from_usage/v1,0.78,false
ME Violleau,69f47625,female,France,17,,,,,batting all-rounder,,derived:role_from_usage/v1,0.78,false
D Golechha,c2c12f2a,female,Denmark,17,,,,,bowler,,derived:role_from_usage/v1,0.78,false
A Thorpe,6c54bd7a,female,Isle of Man,17,,,,,bowler,,derived:role_from_usage/v1,0.78,false
JG Kimaro,3f0be08f,female,Tanzania,17,,,,,batting all-rounder,,derived:role_from_usage/v1,0.78,false
D Jansen,c90346a0,male,Isle of Man,17,,,,,batting all-rounder,,derived:role_from_usage/v1,0.78,false
JM Iradukunda,f58295c2,male,Rwanda,17,,,,,bowler,,derived:role_from_usage/v1,0.78,false
J Khadka,191ee2f2,male,Romania,17,,,,,bowler,,derived:role_from_usage/v1,0.78,false
RS Quyn,41721f6b,female,Qatar,17,,,,,bowler,,derived:role_from_usage/v1,0.78,false
Khalid Latif,5eea345c,male,Pakistan,17,,,,,batter,,derived:role_from_usage/v1,0.78,false
VY Mahesh,93a17209,male,Chennai Super Kings;Delhi Daredevils,17,,,,,bowler,,derived:role_from_usage/v1,0.78,false
U Raymond-Hoey,1a510809,female,Ireland,17,,,,,batter,,derived:role_from_usage/v1,0.78,false
AAP Atkinson,70d57519,male,England,17,,,,,bowler,,derived:role_from_usage/v1,0.78,false
Muhammad Rohid,9103ecdb,male,United Arab Emirates,17,,,,,bowler,,derived:role_from_usage/v1,0.78,false
TH Semau,175d59dd,female,Samoa,17,,,,,bowler,,derived:role_from_usage/v1,0.78,false
E Guehoada,8c03f3b8,female,Cameroon,17,,,,,bowler,,derived:role_from_usage/v1,0.78,false
Abhijeet Ahuja,b91083bd,male,Hungary,17,,,,,batter,,derived:role_from_usage/v1,0.78,false
Waqar Ali,55a73018,male,Cyprus,17,,,,,bowler,,derived:role_from_usage/v1,0.78,false
D Panda,bad1af65,male,Mexico,17,,,,,all-rounder,,derived:role_from_usage/v1,0.78,false
K Juma,089ebf89,male,Tanzania,17,,,,,bowler,,derived:role_from_usage/v1,0.78,false
Zaid Ahmad,45828106,male,Sweden,17,,,,,all-rounder,,derived:role_from_usage/v1,0.78,false
H Khogiyani,b85c0597,male,Austria,17,,,,,all-rounder,,derived:role_from_usage/v1,0.78,false
S Godara,dd7dd27a,male,Cambodia,17,,,,,bowler,,derived:role_from_usage/v1,0.78,false
CS Martin,05e0fab5,male,New Zealand,17,,,,,bowler,,derived:role_from_usage/v1,0.78,false
AN Kervezee,dc36a6a5,male,Netherlands,17,,,,,batter,,derived:role_from_usage/v1,0.78,false
Christina Baret,b42d42b1,female,Malaysia,17,,,,,batter,yes,derived:role_from_usage/v1 | derived:keeper_inference_aggregate/v1,0.78 | 0.72,false
YS To,73db1940,female,Hong Kong,17,,,,,batting all-rounder,,derived:role_from_usage/v1,0.78,false
TE Britton,5eceeb7f,female,France,17,,,,,batter,,derived:role_from_usage/v1,0.78,false
E Ungerman,3959c505,female,Singapore,17,,,,,bowler,,derived:role_from_usage/v1,0.78,false
JR Medianesta,538cb58a,female,Philippines,17,,,,,wicketkeeper-batter,yes,derived:role_from_usage/v1 | derived:keeper_inference_aggregate/v1,0.78 | 0.97,false
JEA Doctora,43449b1e,male,Philippines,17,,,,,batting all-rounder,,derived:role_from_usage/v1,0.78,false
Saghar Manzoor,9d103769,male,Croatia,17,,,,,batter,,derived:role_from_usage/v1,0.78,false
LJ Barker,da1f80f8,male,Guernsey,17,,,,,batter,,derived:role_from_usage/v1,0.78,false
LI Salomone,a7b67d5d,male,Mozambique,17,,,,,batting all-rounder,,derived:role_from_usage/v1,0.78,false
H Venkataram,e61cee7b,male,Singapore,17,,,,,bowler,,derived:role_from_usage/v1,0.78,false
Rameez Khan,ee86a890,male,Romania,17,,,,,all-rounder,,derived:role_from_usage/v1,0.78,false
Saud Shakeel,d07c1b2f,male,Pakistan,17,,,,,batter,,derived:role_from_usage/v1,0.78,false
DR Flynn,9d710afe,male,New Zealand,17,,,,,batter,,derived:role_from_usage/v1,0.78,false
Reehana Khan,4cf05de9,female,Namibia,17,,,,,batting all-rounder,,derived:role_from_usage/v1,0.78,false
AN Ahmed,2af1b6d2,male,Mumbai Indians;Royal Challengers Bangalore,17,,,,,bowler,,derived:role_from_usage/v1,0.78,false
HY Kazi,16954a36,female,Mumbai Indians,17,,,,,batter,,derived:role_from_usage/v1,0.78,false
JC Cullen,22595a2d,female,Argentina,17,,,,,batter,,derived:role_from_usage/v1,0.78,false
Shashikant Laxman,8cf61570,male,Mexico,17,,,,,all-rounder,,derived:role_from_usage/v1,0.78,false
M Vaik,5335c5a7,male,Estonia,17,,,,,wicketkeeper-batter,yes,derived:role_from_usage/v1 | derived:keeper_inference_aggregate/v1,0.78 | 0.97,false
HV Mandhyan,11f56b14,male,Hungary,17,,,,,all-rounder,,derived:role_from_usage/v1,0.78,false
DC Stovell,7f6c2dae,male,Bermuda,17,,,,,all-rounder,,derived:role_from_usage/v1,0.78,false
D Marks,0813a8b1,male,Malta,17,,,,,bowler,,derived:role_from_usage/v1,0.78,false
J Marples,9d75aec7,male,Gibraltar,17,,,,,wicketkeeper-batter,yes,derived:role_from_usage/v1 | derived:keeper_inference_aggregate/v1,0.78 | 0.86,false
M Whelan,d613f046,male,Gibraltar,17,,,,,batting all-rounder,,derived:role_from_usage/v1,0.78,false
Rumman Raees,1c790f4f,male,Pakistan,17,,,,,bowler,,derived:role_from_usage/v1,0.78,false
NR Johns-Wickberg,3924b2ee,male,Serbia,17,,,,,all-rounder,,derived:role_from_usage/v1,0.78,false
MD Dai,5be810ba,male,Papua New Guinea,17,,,,,all-rounder,,derived:role_from_usage/v1,0.78,false
Moin Khan,feb37330,male,Pakistan,17,,,,,wicketkeeper-batter,yes,derived:role_from_usage/v1 | derived:keeper_inference_aggregate/v1,0.78 | 0.97,false
Adnan Mufti,811425b1,male,United Arab Emirates,17,,,,,batter,,derived:role_from_usage/v1,0.78,false
Mohammad Aadil Alam,70ced7f2,male,Nepal,17,,,,,all-rounder,,derived:role_from_usage/v1,0.78,false
Mohammed Qasim,a120e81b,male,Malta;United Arab Emirates,17,,,,,all-rounder,,derived:role_from_usage/v1,0.78,false
T Khabo,7be9cb29,female,Lesotho,17,,,,,batting all-rounder,,derived:role_from_usage/v1,0.78,false
Muhammad Moiz,906b7d48,male,Romania,17,,,,,all-rounder,,derived:role_from_usage/v1,0.78,false
LC Sthalekar,6bb7a785,female,Australia,17,,,,,all-rounder,,derived:role_from_usage/v1,0.78,false
BB Chari,41fc1ece,male,Zimbabwe,17,,,,,batter,occasional,derived:role_from_usage/v1 | derived:keeper_inference_aggregate/v1,0.78 | 0.62,false
BG Lister,79f5bc26,male,New Zealand,17,,,,,bowler,,derived:role_from_usage/v1,0.78,false
J Campbell,0e63259d,male,Zimbabwe,17,,,,,batter,,derived:role_from_usage/v1,0.78,false
SP Gomes,30acd4b7,male,Portugal,17,,,,,batter,,derived:role_from_usage/v1,0.78,false
Akhil Arjunan,2b203501,male,Finland,17,,,,,bowler,,derived:role_from_usage/v1,0.78,false
I Shukla,ce490298,female,Singapore,17,,,,,batting all-rounder,,derived:role_from_usage/v1,0.78,false
AA Moiane,80190078,female,Mozambique,17,,,,,batter,,derived:role_from_usage/v1,0.78,false
C Chete,ef4f539a,male,Malawi,17,,,,,batter,,derived:role_from_usage/v1,0.78,false
N Liyanage,2ee5997e,female,Cyprus,17,,,,,batting all-rounder,,derived:role_from_usage/v1,0.78,false
Paing Danu,1eb5affb,male,Myanmar,17,,,,,all-rounder,,derived:role_from_usage/v1,0.78,false
Sumaiya Siddiqi,d4f0c300,female,Pakistan,17,,,,,bowler,,derived:role_from_usage/v1,0.78,false
B Regmi,98d05440,male,Nepal,17,,,,,bowler,,derived:role_from_usage/v1,0.78,false
Niv Nagavkar,e2abcf16,male,Israel,17,,,,,all-rounder,,derived:role_from_usage/v1,0.78,false
Tanvir Islam,aa467af0,male,Bangladesh,17,,,,,bowler,,derived:role_from_usage/v1,0.78,false
Rohit Kumar,43462314,male,Romania,17,,,,,batter,occasional,derived:role_from_usage/v1 | derived:keeper_inference_aggregate/v1,0.78 | 0.62,false
D Birrell,aea11d1d,male,Jersey,17,,,,,bowler,,derived:role_from_usage/v1,0.78,false
KB Arun Karthik,7daedf2f,male,Chennai Super Kings;Royal Challengers Bangalore,17,,,,,batter,yes,derived:role_from_usage/v1 | derived:keeper_inference_aggregate/v1,0.78 | 0.67,false
BA Bhatt,dc4686e6,male,Kings XI Punjab,17,,,,,bowler,,derived:role_from_usage/v1,0.78,false
PN Khemnar,53707c8c,female,Mumbai Indians;Royal Challengers Bangalore;UP Warriorz,17,,,,,batter,,derived:role_from_usage/v1,0.78,false
R Mangal,5360c9be,male,France,17,,,,,bowler,,derived:role_from_usage/v1,0.78,false
A Taylor,723f9bee,female,Cyprus,17,,,,,batting all-rounder,,derived:role_from_usage/v1,0.78,false
Mahmud Jasat,97e36a0f,male,Panama,17,,,,,batter,,derived:role_from_usage/v1,0.78,false
H Kerge,76207d36,female,Estonia,17,,,,,batter,,derived:role_from_usage/v1,0.78,false
A Wanjira,b6015231,female,Kenya,17,,,,,bowler,,derived:role_from_usage/v1,0.78,false
MP Yadav,b1ad996b,male,India;Lucknow Super Giants,16,,,,,bowler,,derived:role_from_usage/v1,0.77,false
M Smit,996ed07c,female,South Africa,16,,,,,batting all-rounder,,derived:role_from_usage/v1,0.77,false
Shaila Sharmin,b76fd014,female,Bangladesh,16,,,,,batting all-rounder,,derived:role_from_usage/v1,0.77,false
SW Ambris,c7f6dd3b,male,West Indies,16,,,,,batter,,derived:role_from_usage/v1,0.77,false
MP Kuhnemann,7b953689,male,Australia,16,,,,,bowler,,derived:role_from_usage/v1,0.77,false
R Clarke,8728a058,male,England,16,,,,,all-rounder,,derived:role_from_usage/v1,0.77,false
CJO Smith,c46e9e56,male,Scotland,16,,,,,wicketkeeper-batter,yes,derived:role_from_usage/v1 | derived:keeper_inference_aggregate/v1,0.77 | 0.97,false
L Sormus,3486a171,female,Estonia,16,,,,,batting all-rounder,,derived:role_from_usage/v1,0.77,false
SD Hussein,5f36cd39,female,Tanzania,16,,,,,wicketkeeper-batter,yes,derived:role_from_usage/v1 | derived:keeper_inference_aggregate/v1,0.77 | 0.9,false
A Halbhavi,df1b4c8f,male,Luxembourg,16,,,,,batter,,derived:role_from_usage/v1,0.77,false
A Harris,bbafa5d6,male,Bahamas,16,,,,,batter,,derived:role_from_usage/v1,0.77,false
PF Gallagher,8e9d3dc4,male,Finland,16,,,,,all-rounder,,derived:role_from_usage/v1,0.77,false
Asad Ali Rehemtulla,c122fe73,male,Bulgaria,16,,,,,bowler,,derived:role_from_usage/v1,0.77,false
Muhammad Salman,460fc0ba,male,Bahrain,16,,,,,bowler,,derived:role_from_usage/v1,0.77,false
A Magdalenic,d6a2f3a5,male,Croatia,16,,,,,batter,,derived:role_from_usage/v1,0.77,false
L Maximo,58c0c30c,male,Brazil,16,,,,,wicketkeeper-batter,yes,derived:role_from_usage/v1 | derived:keeper_inference_aggregate/v1,0.77 | 0.97,false
Kuldeep Gurjar,2306b48a,male,South Korea,16,,,,,bowler,,derived:role_from_usage/v1,0.77,false
SJ French,0e93ef92,male,Samoa,16,,,,,batter,occasional,derived:role_from_usage/v1 | derived:keeper_inference_aggregate/v1,0.77 | 0.62,false
K Verreynne,bf814547,male,South Africa,16,,,,,batter,,derived:role_from_usage/v1,0.77,false
Tayyab Tahir,431f8af4,male,Pakistan,16,,,,,batter,,derived:role_from_usage/v1,0.77,false
Atif-Ur-Rehman,d20e22f7,male,Saudi Arabia,16,,,,,bowler,,derived:role_from_usage/v1,0.77,false
Haseeb Amjad,fb0abc20,male,Hong Kong,16,,,,,bowler,,derived:role_from_usage/v1,0.77,false
G Kamalini,2a5ed897,female,India;Mumbai Indians,16,,,,,batter,occasional,derived:role_from_usage/v1 | derived:keeper_inference_aggregate/v1,0.77 | 0.62,false
Kim Daeyeon,4a51c045,male,South Korea,16,,,,,batting all-rounder,,derived:role_from_usage/v1,0.77,false
K Kartikeya,f6d8a7ab,male,Mumbai Indians;Rajasthan Royals,16,,,,,bowler,,derived:role_from_usage/v1,0.77,false
DA Gunawardene,cff25ee1,male,Sri Lanka,16,,,,,batter,,derived:role_from_usage/v1,0.77,false
GM Hamilton,8187519b,male,Scotland,16,,,,,batter,,derived:role_from_usage/v1,0.77,false
JJ Tucker,bceb1b07,male,Bermuda,16,,,,,all-rounder,,derived:role_from_usage/v1,0.77,false
Han Lili,cd7134f5,female,China,16,,,,,all-rounder,,derived:role_from_usage/v1,0.77,false
Nayab Razwan,f12e21a0,female,Norway,16,,,,,batting all-rounder,,derived:role_from_usage/v1,0.77,false
Viktoria Frey,fed9a316,female,Estonia,16,,,,,all-rounder,,derived:role_from_usage/v1,0.77,false
K Kisova,9ca27eab,female,Czech Republic,16,,,,,batter,,derived:role_from_usage/v1,0.77,false
A Kheterpal,2deb4082,male,Hungary,16,,,,,all-rounder,,derived:role_from_usage/v1,0.77,false
A Husain,034d3c52,male,Argentina,16,,,,,bowler,,derived:role_from_usage/v1,0.77,false
Y Cariah,78bb68d4,male,West Indies,16,,,,,bowler,,derived:role_from_usage/v1,0.77,false
Ahmed Wardak,3daaabaa,male,Germany,16,,,,,batting all-rounder,,derived:role_from_usage/v1,0.77,false
L Sanogo,abbc06cf,male,Mali,16,,,,,batting all-rounder,,derived:role_from_usage/v1,0.77,false
E Karimi,95bd9407,male,Denmark,16,,,,,bowler,,derived:role_from_usage/v1,0.77,false
D Bhatta,7d1a3ff7,female,Nepal,16,,,,,batter,,derived:role_from_usage/v1,0.77,false
Ilyas Ahmed,42a01b52,male,Kuwait,16,,,,,bowler,,derived:role_from_usage/v1,0.77,false
J Vira,2090e94d,male,Vanuatu,16,,,,,batter,occasional,derived:role_from_usage/v1 | derived:keeper_inference_aggregate/v1,0.77 | 0.62,false
D Finau,63772ee4,male,Samoa,16,,,,,batting all-rounder,,derived:role_from_usage/v1,0.77,false
YV Takawale,4e04666c,male,Mumbai Indians;Royal Challengers Bangalore,16,,,,,wicketkeeper-batter,yes,derived:role_from_usage/v1 | derived:keeper_inference_aggregate/v1,0.77 | 0.75,false
JI de Villiers,3847ec84,male,Namibia,16,,,,,bowler,,derived:role_from_usage/v1,0.77,false
JJ Davidson,068c47d2,male,Scotland,16,,,,,bowler,,derived:role_from_usage/v1,0.77,false
DT Doram,3bea1983,male,Netherlands,16,,,,,bowler,,derived:role_from_usage/v1,0.77,false
RR Watson,a670d624,male,Scotland,16,,,,,batting all-rounder,,derived:role_from_usage/v1,0.77,false
Damini Ramesh,c4480b25,female,Singapore,16,,,,,bowler,,derived:role_from_usage/v1,0.77,false
A Kontopirakis,4f05f64e,female,Italy,16,,,,,batting all-rounder,,derived:role_from_usage/v1,0.77,false
EC Muller,e1461e39,female,Brazil,16,,,,,batter,,derived:role_from_usage/v1,0.77,false
HS Gericke,c28a293e,male,Malta,16,,,,,batter,occasional,derived:role_from_usage/v1 | derived:keeper_inference_aggregate/v1,0.77 | 0.62,false
Idrees Ul Haque,d5b52676,male,Switzerland,16,,,,,batter,,derived:role_from_usage/v1,0.77,false
J Fernando,898a21a4,male,Romania,16,,,,,bowler,,derived:role_from_usage/v1,0.77,false
AN Aminou,6d9d2de7,male,Cameroon,16,,,,,batter,,derived:role_from_usage/v1,0.77,false
TM Macalou,8a9320a1,male,Mali,16,,,,,batting all-rounder,,derived:role_from_usage/v1,0.77,false
TB Sole,98e908bd,male,Scotland,16,,,,,all-rounder,,derived:role_from_usage/v1,0.77,false
AJ Jabiri,90624d37,male,Tanzania,16,,,,,batter,,derived:role_from_usage/v1,0.77,false
Ismail Ali,5117fa55,male,Maldives,16,,,,,batter,,derived:role_from_usage/v1,0.77,false
L Denny,e112732d,male,Cook Islands,16,,,,,all-rounder,,derived:role_from_usage/v1,0.77,false
JF Smith,91cd48e0,male,South Africa,16,,,,,batting all-rounder,,derived:role_from_usage/v1,0.77,false
KS Lokuarachchi,3b50c63a,male,Sri Lanka,16,,,,,bowler,,derived:role_from_usage/v1,0.77,false
J Smits,7c681ee9,male,Netherlands,16,,,,,wicketkeeper-batter,yes,derived:role_from_usage/v1 | derived:keeper_inference_aggregate/v1,0.77 | 0.97,false
S Juma,333830a5,female,Kenya,16,,,,,wicketkeeper-batter,yes,derived:role_from_usage/v1 | derived:keeper_inference_aggregate/v1,0.77 | 0.85,false
I Waqavakatoga,31d220f5,female,Fiji,16,,,,,batting all-rounder,,derived:role_from_usage/v1,0.77,false
S Jayakodi,64875d5c,female,Cyprus,16,,,,,batter,,derived:role_from_usage/v1,0.77,false
Nay Lin Htun,5319f95b,male,Myanmar,16,,,,,batter,,derived:role_from_usage/v1,0.77,false
Manuel Iturbe,bddbf5ec,male,Argentina,16,,,,,batter,,derived:role_from_usage/v1,0.77,false
BF Mailata,f49935eb,male,Samoa,16,,,,,batting all-rounder,,derived:role_from_usage/v1,0.77,false
J Dowling,9f16f7c8,male,Bulgaria,16,,,,,batting all-rounder,,derived:role_from_usage/v1,0.77,false
S Kamate,d7af6207,male,Mali,16,,,,,batting all-rounder,,derived:role_from_usage/v1,0.77,false
Zaki Ul Hassan,1d6d8a8b,male,Belgium,16,,,,,bowler,,derived:role_from_usage/v1,0.77,false
RO Mazumba,2a753483,female,Mozambique,16,,,,,batting all-rounder,,derived:role_from_usage/v1,0.77,false
A Tector,d58e9bfb,female,Ireland,16,,,,,batting all-rounder,,derived:role_from_usage/v1,0.77,false
PR Shah,0aadc906,male,Mumbai Indians;Rajasthan Royals,16,,,,,wicketkeeper-batter,yes,derived:role_from_usage/v1 | derived:keeper_inference_aggregate/v1,0.77 | 0.85,false
CB Wishart,8319b9ea,male,Zimbabwe,16,,,,,batter,,derived:role_from_usage/v1,0.77,false
Hassnain Shah,7cb931fc,male,Oman,16,,,,,bowler,,derived:role_from_usage/v1,0.77,false
NK Tiwari,97f44626,male,Cyprus,16,,,,,all-rounder,,derived:role_from_usage/v1,0.77,false
ABY Smith,fcb4448f,female,Philippines,16,,,,,all-rounder,,derived:role_from_usage/v1,0.77,false
BM Pecic,71093272,male,Serbia,16,,,,,batter,,derived:role_from_usage/v1,0.77,false
C Zavoiu,6b96bebf,male,Romania,16,,,,,batter,,derived:role_from_usage/v1,0.77,false
SA Sathiya,1ba007d8,female,Oman,16,,,,,bowler,,derived:role_from_usage/v1,0.77,false
SR Mohan,58533699,male,Seychelles,16,,,,,wicketkeeper-batter,yes,derived:role_from_usage/v1 | derived:keeper_inference_aggregate/v1,0.77 | 0.97,false
D Njoroge,626fbc80,female,Kenya,16,,,,,batter,,derived:role_from_usage/v1,0.77,false
Junaid Khan,be0077ba,male,Portugal,16,,,,,bowler,,derived:role_from_usage/v1,0.77,false
E Prokic,6153ce0d,female,Serbia,16,,,,,bowler,,derived:role_from_usage/v1,0.77,false
RML Taylor,7fa2ab1f,male,Scotland,16,,,,,bowler,,derived:role_from_usage/v1,0.77,false
Muhammad Farooq,8f3c6b8a,male,Cyprus;United Arab Emirates,16,,,,,bowler,,derived:role_from_usage/v1,0.77,false
D Gim,3a1c34e6,male,Nigeria,16,,,,,batter,,derived:role_from_usage/v1,0.77,false
PV Vuniwaqa,653a7fa8,male,Fiji,16,,,,,batting all-rounder,,derived:role_from_usage/v1,0.77,false
ACF Stokes,7f74b21d,male,Guernsey,16,,,,,bowler,,derived:role_from_usage/v1,0.77,false
K Fubler,b471ff6c,male,Bermuda,16,,,,,bowler,,derived:role_from_usage/v1,0.77,false
SA Fritz,d15e60c8,female,South Africa,16,,,,,batting all-rounder,,derived:role_from_usage/v1,0.77,false
AP Devcich,ed90abe4,male,New Zealand,16,,,,,all-rounder,,derived:role_from_usage/v1,0.77,false
M Mangru,b9fec7a5,female,West Indies,16,,,,,batter,,derived:role_from_usage/v1,0.77,false
Elan Talker,bb939fa3,male,Israel,16,,,,,bowler,,derived:role_from_usage/v1,0.77,false
AA Gajic,a768a762,male,Serbia,16,,,,,bowler,,derived:role_from_usage/v1,0.77,false
Amandeep Singh,d0d32c30,male,Portugal,16,,,,,all-rounder,,derived:role_from_usage/v1,0.77,false
F Sisifo,eff8319a,female,Samoa,16,,,,,batter,,derived:role_from_usage/v1,0.77,false
Ibrahim Nashath,98514dce,male,Maldives,16,,,,,batting all-rounder,,derived:role_from_usage/v1,0.77,false
SSB Magala,8361e524,male,Chennai Super Kings;South Africa,16,,,,,bowler,,derived:role_from_usage/v1,0.77,false
CT Mumba,28496266,male,Zimbabwe,16,,,,,bowler,,derived:role_from_usage/v1,0.77,false
Edward Fleming,2b43be58,male,Portugal,16,,,,,all-rounder,,derived:role_from_usage/v1,0.77,false
HP Tillakaratne,00ea9791,male,Sri Lanka,16,,,,,batter,,derived:role_from_usage/v1,0.77,false
R Panchal,91cd337c,male,Spain,16,,,,,batting all-rounder,,derived:role_from_usage/v1,0.77,false
Jai Sinh,10ae134c,male,Switzerland,16,,,,,batting all-rounder,,derived:role_from_usage/v1,0.77,false
Atif Rasheed,c7726eec,male,Finland,16,,,,,batting all-rounder,,derived:role_from_usage/v1,0.77,false
W Peatfield,609d6c7c,male,Guernsey,16,,,,,bowler,,derived:role_from_usage/v1,0.77,false
Salman Mirza,7ab1eab7,male,Pakistan,16,,,,,bowler,,derived:role_from_usage/v1,0.77,false
Taher Muhammad,68832922,male,Slovenia,16,,,,,batting all-rounder,,derived:role_from_usage/v1,0.77,false
J Pandey,e1214f03,female,Nepal,16,,,,,wicketkeeper-batter,yes,derived:role_from_usage/v1 | derived:keeper_inference_aggregate/v1,0.77 | 0.78,false
FJ Mpegna,d3893060,male,Cameroon,16,,,,,batter,,derived:role_from_usage/v1,0.77,false
Saim Hussain,d300d274,male,Bulgaria,16,,,,,batter,occasional,derived:role_from_usage/v1 | derived:keeper_inference_aggregate/v1,0.77 | 0.62,false
KA Edwards,d06335fd,male,West Indies,16,,,,,batter,,derived:role_from_usage/v1,0.77,false
P Jain,c67fc85a,female,United Arab Emirates,16,,,,,batter,occasional,derived:role_from_usage/v1 | derived:keeper_inference_aggregate/v1,0.77 | 0.65,false
MDK Perera,5531248e,male,Sri Lanka,16,,,,,all-rounder,,derived:role_from_usage/v1,0.77,false
Abdul Shakoor,d52b13a6,male,Romania,16,,,,,wicketkeeper-batter,yes,derived:role_from_usage/v1 | derived:keeper_inference_aggregate/v1,0.77 | 0.78,false
SG Mangela,eb3c3cca,male,Uganda,16,,,,,batter,,derived:role_from_usage/v1,0.77,false
J Srinath,bad31fac,male,India,16,,,,,bowler,,derived:role_from_usage/v1,0.77,false
Sharmin Sultana,4e017436,female,Bangladesh,15,,,,,batter,,derived:role_from_usage/v1,0.75,false
Basir Ahamad,218c7eab,male,Nepal,15,,,,,batting all-rounder,,derived:role_from_usage/v1,0.75,false
Shubham Ranjane,6c7a68d0,male,United States of America,15,,,,,all-rounder,,derived:role_from_usage/v1,0.75,false
Manjural Islam Rana,e8d7b493,male,Bangladesh,15,,,,,all-rounder,,derived:role_from_usage/v1,0.75,false
PDRL Perera,f6b5d11a,male,Sri Lanka,15,,,,,bowler,,derived:role_from_usage/v1,0.75,false
Tshering Choden,3f38caff,female,Bhutan,15,,,,,batting all-rounder,,derived:role_from_usage/v1,0.75,false
A Vessik,d30d4a0c,female,Estonia,15,,,,,all-rounder,,derived:role_from_usage/v1,0.75,false
Lujaina,76a3af9b,female,Oman,15,,,,,batter,,derived:role_from_usage/v1,0.75,false
Javid Patel,06989091,male,Zambia,15,,,,,all-rounder,,derived:role_from_usage/v1,0.75,false
I Mugisha,d3eedb51,male,Rwanda,15,,,,,bowler,,derived:role_from_usage/v1,0.75,false
Owais Ahmed,cef52835,male,Qatar,15,,,,,bowler,,derived:role_from_usage/v1,0.75,false
K Kubota,42581e6d,male,Japan,15,,,,,bowler,,derived:role_from_usage/v1,0.75,false
Chaudhary Akram,3e697d4a,male,Norway,15,,,,,batting all-rounder,,derived:role_from_usage/v1,0.75,false
Izaz Ali,8a4e101e,male,Slovenia,15,,,,,all-rounder,,derived:role_from_usage/v1,0.75,false
M de Lange,d4eef961,male,Kolkata Knight Riders;Mumbai Indians;South Africa,15,,,,,bowler,,derived:role_from_usage/v1,0.75,false
Sangita Rai,ad580a96,female,Nepal,15,,,,,bowler,,derived:role_from_usage/v1,0.75,false
Robert Raina,8e38d470,male,Thailand,15,,,,,batting all-rounder,,derived:role_from_usage/v1,0.75,false
BKB Corbin,036b8660,male,Cayman Islands,15,,,,,batter,,derived:role_from_usage/v1,0.75,false
RM Hira,2e966563,male,New Zealand,15,,,,,bowler,,derived:role_from_usage/v1,0.75,false
S Nsubuga,58cb36aa,male,Uganda,15,,,,,bowler,,derived:role_from_usage/v1,0.75,false
E Duff,b7873c81,male,Bahamas,15,,,,,batter,,derived:role_from_usage/v1,0.75,false
PS Punia,8d887a02,female,India,15,,,,,batter,,derived:role_from_usage/v1,0.75,false
Rabiya Shah,a99085e6,female,Pakistan,15,,,,,wicketkeeper-batter,yes,derived:role_from_usage/v1 | derived:keeper_inference_aggregate/v1,0.75 | 0.81,false
Ehsan Nawaz,70456281,male,Hong Kong,15,,,,,bowler,,derived:role_from_usage/v1,0.75,false
S Fouché,89ce57a8,male,Namibia,15,,,,,all-rounder,,derived:role_from_usage/v1,0.75,false
Shabbir Ahmed,3d189742,male,Pakistan,15,,,,,bowler,,derived:role_from_usage/v1,0.75,false
O Batisani,7ff6c967,female,Botswana,15,,,,,batter,,derived:role_from_usage/v1,0.75,false
K Brock-Nielsen,c14ba87c,female,Denmark,15,,,,,batting all-rounder,,derived:role_from_usage/v1,0.75,false
G Urjindulam,a51e7c73,female,Mongolia,15,,,,,batter,,derived:role_from_usage/v1,0.75,false
M Abadjieva,f37f1c61,female,Bulgaria,15,,,,,batter,,derived:role_from_usage/v1,0.75,false
Meghna Rajan,97ae78b7,female,Switzerland,15,,,,,all-rounder,,derived:role_from_usage/v1,0.75,false
SKDT Madusanka,95c2d309,male,Seychelles,15,,,,,batting all-rounder,,derived:role_from_usage/v1,0.75,false
JR Barry,9bc324b5,male,Bahamas,15,,,,,batting all-rounder,,derived:role_from_usage/v1,0.75,false
Shahil Momin,46821fbd,male,Austria,15,,,,,all-rounder,,derived:role_from_usage/v1,0.75,false
L Karlsson,90a41671,male,Sweden,15,,,,,bowler,,derived:role_from_usage/v1,0.75,false
S Loday,448dab1a,male,Bhutan,15,,,,,batter,,derived:role_from_usage/v1,0.75,false
Ayaz Dadabhai,5c658441,male,Zambia,15,,,,,all-rounder,,derived:role_from_usage/v1,0.75,false
KB Patil,0474fd64,male,Mexico,15,,,,,batter,,derived:role_from_usage/v1,0.75,false
S Snater,a790df98,male,Netherlands,15,,,,,bowler,,derived:role_from_usage/v1,0.75,false
AL Stephen,49f6d023,male,Vanuatu,15,,,,,bowler,,derived:role_from_usage/v1,0.75,false
PD McGlashan,024fe464,male,New Zealand,15,,,,,batter,,derived:role_from_usage/v1,0.75,false
ML Udawatte,5f5e0c8c,male,Sri Lanka,15,,,,,batter,,derived:role_from_usage/v1,0.75,false
T Chopra,73df1fe8,female,United States of America,15,,,,,bowler,,derived:role_from_usage/v1,0.75,false
Suryansh Shedge,970ddd24,male,India;Punjab Kings,15,,,,,batting all-rounder,,derived:role_from_usage/v1,0.75,false
B Akhil,af7dadf7,male,Kochi Tuskers Kerala;Royal Challengers Bangalore,15,,,,,bowler,,derived:role_from_usage/v1,0.75,false
PM Inglis,e4a71d18,female,New Zealand,15,,,,,batter,occasional,derived:role_from_usage/v1 | derived:keeper_inference_aggregate/v1,0.75 | 0.63,false
DF Watts,ad733e72,male,Scotland,15,,,,,batter,,derived:role_from_usage/v1,0.75,false
HS Modi,5abdfd23,male,Kenya,15,,,,,batter,,derived:role_from_usage/v1,0.75,false
RV Scholes,2dc78362,female,Scotland,15,,,,,all-rounder,,derived:role_from_usage/v1,0.75,false
Noor Hayati Zakaria,31382975,female,Malaysia,15,,,,,batting all-rounder,,derived:role_from_usage/v1,0.75,false
M Shehani,e04fb55d,female,Sri Lanka,15,,,,,batting all-rounder,,derived:role_from_usage/v1,0.75,false
T Kobeli,10f52b3a,female,Lesotho,15,,,,,batting all-rounder,,derived:role_from_usage/v1,0.75,false
Saee Parkhi,b60682f2,female,Bahrain,15,,,,,batting all-rounder,,derived:role_from_usage/v1,0.75,false
A Stocks,c999c416,female,Argentina,15,,,,,all-rounder,,derived:role_from_usage/v1,0.75,false
Prachi Kumari,dc4f97bf,female,Norway,15,,,,,bowler,,derived:role_from_usage/v1,0.75,false
Naina Saju,756989cf,female,Switzerland,15,,,,,bowler,,derived:role_from_usage/v1,0.75,false
C Perry,152d3c9d,female,Isle of Man,15,,,,,bowler,,derived:role_from_usage/v1,0.75,false
JAN Ngono,0bc162c4,female,Cameroon,15,,,,,batting all-rounder,,derived:role_from_usage/v1,0.75,false
Ezgi Nur Kilic,ec8132b2,female,Turkey,15,,,,,all-rounder,,derived:role_from_usage/v1,0.75,false
Waqar Khan,da21531c,male,Slovenia,15,,,,,batter,,derived:role_from_usage/v1,0.75,false
Karma Dorji,80058153,male,Bhutan,15,,,,,bowler,,derived:role_from_usage/v1,0.75,false
Mohammed Alamgir,e0f12392,male,Eswatini,15,,,,,batting all-rounder,,derived:role_from_usage/v1,0.75,false
LG Moras,d5dea4e7,male,Brazil,15,,,,,all-rounder,,derived:role_from_usage/v1,0.75,false
K Krishnakumar,ff60c8ba,male,Bulgaria,15,,,,,batter,yes,derived:role_from_usage/v1 | derived:keeper_inference_aggregate/v1,0.75 | 0.68,false
T Sandeep,b794a78d,male,Eswatini,15,,,,,batter,occasional,derived:role_from_usage/v1 | derived:keeper_inference_aggregate/v1,0.75 | 0.63,false
R Kalimuthu,5892ac75,male,Singapore,15,,,,,bowler,,derived:role_from_usage/v1,0.75,false
Amjad Ali,e4271302,male,United Arab Emirates,15,,,,,batter,occasional,derived:role_from_usage/v1 | derived:keeper_inference_aggregate/v1,0.75 | 0.63,false
NM Cherriath,cdaf3af3,female,United Arab Emirates,15,,,,,batter,,derived:role_from_usage/v1,0.75,false
S Krisheta,41bb77bc,female,Qatar,15,,,,,wicketkeeper-batter,yes,derived:role_from_usage/v1 | derived:keeper_inference_aggregate/v1,0.75 | 0.87,false
NF Kelly,97f437ed,male,New Zealand,15,,,,,batter,,derived:role_from_usage/v1,0.75,false
O Davidson,63249474,male,Scotland,15,,,,,bowler,,derived:role_from_usage/v1,0.75,false
CT Tremlett,a72b14ff,male,England,15,,,,,bowler,,derived:role_from_usage/v1,0.75,false
MM Chaudhary,f4b9d4e0,female,Nepal,15,,,,,batter,occasional,derived:role_from_usage/v1 | derived:keeper_inference_aggregate/v1,0.75 | 0.63,false
K Winda Prastini,bd6f7c24,female,Indonesia,15,,,,,batting all-rounder,occasional,derived:role_from_usage/v1 | derived:keeper_inference_aggregate/v1,0.75 | 0.63,false
PA Wadenpohl,11898ffe,female,Germany,15,,,,,batter,,derived:role_from_usage/v1,0.75,false
PC McGeown,1aabd6fc,female,France,15,,,,,batting all-rounder,,derived:role_from_usage/v1,0.75,false
A Ostergaard,36ffe914,female,Denmark,15,,,,,batting all-rounder,,derived:role_from_usage/v1,0.75,false
Sylvia Usabyimana,7a7e2be6,female,Rwanda,15,,,,,batting all-rounder,,derived:role_from_usage/v1,0.75,false
Ashwini Govinda,5581a471,female,Bahrain,15,,,,,batter,occasional,derived:role_from_usage/v1 | derived:keeper_inference_aggregate/v1,0.75 | 0.63,false
Virk Ali,f7f7bee0,male,France,15,,,,,wicketkeeper-batter,yes,derived:role_from_usage/v1 | derived:keeper_inference_aggregate/v1,0.75 | 0.84,false
A Saud,94b8d7dd,male,Nepal,15,,,,,wicketkeeper-batter,yes,derived:role_from_usage/v1 | derived:keeper_inference_aggregate/v1,0.75 | 0.79,false
RD Atangana,490f475a,male,Cameroon,15,,,,,bowler,,derived:role_from_usage/v1,0.75,false
H Bharadwaj,2e89652e,male,Singapore,15,,,,,bowler,,derived:role_from_usage/v1,0.75,false
Hammad Azam,57bd3ecc,male,Pakistan,15,,,,,batting all-rounder,,derived:role_from_usage/v1,0.75,false
PJ Forrest,56c205b7,male,Australia,15,,,,,batter,,derived:role_from_usage/v1,0.75,false
RK Kleinveldt,7955eb15,male,South Africa,15,,,,,bowler,,derived:role_from_usage/v1,0.75,false
T Kale,bc9bd4c6,female,Qatar,15,,,,,batter,occasional,derived:role_from_usage/v1 | derived:keeper_inference_aggregate/v1,0.75 | 0.63,false
L Anyait,cffeef53,female,Uganda,15,,,,,bowler,,derived:role_from_usage/v1,0.75,false
SB Bangar,0604ef16,male,Deccan Chargers;India;Kolkata Knight Riders,15,,,,,bowler,,derived:role_from_usage/v1,0.75,false
T Legaabile,c7e59109,female,Botswana,15,,,,,all-rounder,,derived:role_from_usage/v1,0.75,false
Yusuf Ebrahim,2d5c6e88,male,Panama,15,,,,,batting all-rounder,,derived:role_from_usage/v1,0.75,false
G Keles,3e84a803,female,Turkey,15,,,,,batter,,derived:role_from_usage/v1,0.75,false
JAM Henri,04df9697,male,Portugal,15,,,,,bowler,,derived:role_from_usage/v1,0.75,false
F Pessima,9be80ea0,female,Sierra Leone,15,,,,,all-rounder,,derived:role_from_usage/v1,0.75,false
RDB Ahir,2f6f44bb,male,Panama,15,,,,,all-rounder,,derived:role_from_usage/v1,0.75,false
L Taylor,8af91a3e,female,Argentina,15,,,,,all-rounder,,derived:role_from_usage/v1,0.75,false
SV Shetty,db7a7301,female,Oman,15,,,,,batter,,derived:role_from_usage/v1,0.75,false
M Martinez,f0ddeafb,female,Argentina,15,,,,,all-rounder,,derived:role_from_usage/v1,0.75,false
MB dos Santos,8ba8dd7a,female,Brazil,15,,,,,wicketkeeper-batter,yes,derived:role_from_usage/v1 | derived:keeper_inference_aggregate/v1,0.75 | 0.92,false
Eman Asim,fd8038e1,female,Sweden,15,,,,,batter,,derived:role_from_usage/v1,0.75,false
N Krishna,c62a0327,male,Seychelles,15,,,,,batting all-rounder,,derived:role_from_usage/v1,0.75,false
P Malemikia,554a83e5,female,Uganda,15,,,,,bowler,,derived:role_from_usage/v1,0.75,false
RR Sharan,7cff331d,male,Cambodia,15,,,,,all-rounder,,derived:role_from_usage/v1,0.75,false
M Ozturk,d62f04f5,male,Turkey,15,,,,,all-rounder,,derived:role_from_usage/v1,0.75,false
Nur Qalysha,3704ffe1,female,Malaysia,15,,,,,batting all-rounder,,derived:role_from_usage/v1,0.75,false
Y Fourie,ebe27221,female,South Africa,15,,,,,bowler,,derived:role_from_usage/v1,0.75,false
Ebadat Hossain,cb5100f1,male,Bangladesh,15,,,,,bowler,,derived:role_from_usage/v1,0.75,false
ML Kostic,79e23cc5,male,Serbia,15,,,,,batting all-rounder,,derived:role_from_usage/v1,0.75,false
Gurdeep Singh,31865a5b,male,Kenya,15,,,,,batter,,derived:role_from_usage/v1,0.75,false
A Venkatesh,06b45b20,male,Sweden,15,,,,,all-rounder,,derived:role_from_usage/v1,0.75,false
Jun Hyunwoo,431f2dd4,male,South Korea,15,,,,,batter,,derived:role_from_usage/v1,0.75,false
Shah Faisal,4fe6be0c,male,Oman,15,,,,,bowler,,derived:role_from_usage/v1,0.75,false
Jahurul Islam,6752c57b,male,Bangladesh,15,,,,,batter,,derived:role_from_usage/v1,0.75,false
EC Perry,0de3060f,female,New Zealand,15,,,,,batter,,derived:role_from_usage/v1,0.75,false
EMDY Munaweera,5a22d91c,male,Sri Lanka,15,,,,,batting all-rounder,,derived:role_from_usage/v1,0.75,false
A Akhigbe,ed0ec1fe,female,Nigeria,15,,,,,all-rounder,,derived:role_from_usage/v1,0.75,false
Sajad Ahmadzai,6978bff0,male,Belgium,15,,,,,bowler,,derived:role_from_usage/v1,0.75,false
I Elec,4d0d5b7d,male,Turkey,15,,,,,batting all-rounder,,derived:role_from_usage/v1,0.75,false
AC Thomas,b552a935,male,Pune Warriors,15,,,,,bowler,,derived:role_from_usage/v1,0.75,false
NG Collins,be3bdc15,male,Finland,15,,,,,batter,,derived:role_from_usage/v1,0.75,false
SM Sharma,cec44e08,male,United Arab Emirates,15,,,,,bowler,,derived:role_from_usage/v1,0.75,false
GM Ntambalika,8c8a3f08,male,Malawi,15,,,,,batting all-rounder,,derived:role_from_usage/v1,0.75,false
C Forshaw,0ed66ce6,male,Guernsey,15,,,,,bowler,,derived:role_from_usage/v1,0.75,false
Shahid Arshad,587e65cc,male,Slovenia,15,,,,,batter,,derived:role_from_usage/v1,0.75,false
D Medagoda,77b49bd9,female,Switzerland,15,,,,,batting all-rounder,,derived:role_from_usage/v1,0.75,false
J Drysdale,23f94c02,male,United States of America,15,,,,,bowler,,derived:role_from_usage/v1,0.75,false
E Ellermaa,37c085d2,female,Estonia,15,,,,,batter,,derived:role_from_usage/v1,0.75,false
Waqas Ahmad,82623a3a,male,Malta,15,,,,,bowler,,derived:role_from_usage/v1,0.75,false
A Nathwani,f1c4f2ea,male,Austria,15,,,,,bowler,,derived:role_from_usage/v1,0.75,false
SR McAnanama-Brereton,bb1be934,female,Germany,15,,,,,batting all-rounder,,derived:role_from_usage/v1,0.75,false
M Beitaki,3d29b5fc,male,Fiji,15,,,,,wicketkeeper-batter,yes,derived:role_from_usage/v1 | derived:keeper_inference_aggregate/v1,0.75 | 0.97,false
JB Nero,7bf606c6,female,West Indies,15,,,,,batter,,derived:role_from_usage/v1,0.75,false
L Leisner,ed614ded,female,Denmark,15,,,,,batter,occasional,derived:role_from_usage/v1 | derived:keeper_inference_aggregate/v1,0.75 | 0.63,false
Prasad Anish,a21d62c9,male,Cambodia,15,,,,,batter,,derived:role_from_usage/v1,0.75,false
Swapnil Singh,983f2f61,male,Kings XI Punjab;Lucknow Super Giants;Royal Challengers Bengaluru,14,,,,,batting all-rounder,,derived:role_from_usage/v1,0.73,false
Akash Deep,0a67aec0,male,Lucknow Super Giants;Royal Challengers Bangalore;Royal Challengers Bengaluru,14,,,,,bowler,,derived:role_from_usage/v1,0.73,false
NM Meepage,420d4d31,female,Sri Lanka,14,,,,,bowler,,derived:role_from_usage/v1,0.73,false
C Mutasa,1ba50005,female,Zimbabwe,14,,,,,batting all-rounder,,derived:role_from_usage/v1,0.73,false
SEA Ruck,8879d882,female,New Zealand,14,,,,,bowler,,derived:role_from_usage/v1,0.73,false
AA Jangoo,88626ed2,male,West Indies,14,,,,,batter,occasional,derived:role_from_usage/v1 | derived:keeper_inference_aggregate/v1,0.73 | 0.63,false
Nadeem Khan,8a28c5d4,male,Oman,14,,,,,bowler,,derived:role_from_usage/v1,0.73,false
KL Gordon,00823a96,female,England;Scotland,14,,,,,bowler,,derived:role_from_usage/v1,0.73,false
A Igbobie,8e75f2c7,female,Nigeria,14,,,,,batter,,derived:role_from_usage/v1,0.73,false
T Iosefo,335b2768,female,Samoa,14,,,,,all-rounder,,derived:role_from_usage/v1,0.73,false
Kainat Qazi,1ccd4054,female,Canada,14,,,,,batter,,derived:role_from_usage/v1,0.73,false
Shivani Sati,b49ab82b,female,Luxembourg,14,,,,,batting all-rounder,,derived:role_from_usage/v1,0.73,false
Habeeba Bader,18d53879,female,Canada,14,,,,,wicketkeeper-batter,yes,derived:role_from_usage/v1 | derived:keeper_inference_aggregate/v1,0.73 | 0.97,false
Ragne Hallik,1ac4b030,female,Estonia,14,,,,,batting all-rounder,,derived:role_from_usage/v1,0.73,false
S Talamarla,bf370562,female,Czech Republic,14,,,,,all-rounder,,derived:role_from_usage/v1,0.73,false
AK Bangura,36c0228f,female,Sierra Leone,14,,,,,batting all-rounder,,derived:role_from_usage/v1,0.73,false
MK Amusa,1eaf0ce1,female,Nigeria,14,,,,,all-rounder,,derived:role_from_usage/v1,0.73,false
G Manan,d7265622,male,Romania,14,,,,,batter,,derived:role_from_usage/v1,0.73,false
D Cleaver,e3a949be,male,New Zealand,14,,,,,wicketkeeper-batter,yes,derived:role_from_usage/v1 | derived:keeper_inference_aggregate/v1,0.73 | 0.77,false
GC Galanis,db218528,male,Greece,14,,,,,all-rounder,,derived:role_from_usage/v1,0.73,false
NMS Param,270b4de6,male,Singapore,14,,,,,batting all-rounder,,derived:role_from_usage/v1,0.73,false
A Krishna,13598ebc,male,Singapore,14,,,,,bowler,,derived:role_from_usage/v1,0.73,false
K Jaikaran,420431c9,male,Suriname,14,,,,,batting all-rounder,,derived:role_from_usage/v1,0.73,false
STRA de Silva,21fe743b,male,Seychelles,14,,,,,batting all-rounder,,derived:role_from_usage/v1,0.73,false
S Rukmal,f5be7b08,male,Seychelles,14,,,,,bowler,,derived:role_from_usage/v1,0.73,false
DVD Madampage,f681fa6e,male,South Korea,14,,,,,all-rounder,,derived:role_from_usage/v1,0.73,false
JL Tutty,11b37b2a,male,Cook Islands,14,,,,,bowler,,derived:role_from_usage/v1,0.73,false
Noah Mead,0095a0e3,male,Samoa,14,,,,,bowler,,derived:role_from_usage/v1,0.73,false
Junaid Khan,670e6804,male,Finland,14,,,,,bowler,,derived:role_from_usage/v1,0.73,false
Tarun Sharma,f915844b,male,Slovenia,14,,,,,batter,,derived:role_from_usage/v1,0.73,false
ST Doheny,4992d6f6,male,Ireland,14,,,,,batter,occasional,derived:role_from_usage/v1 | derived:keeper_inference_aggregate/v1,0.73 | 0.63,false
Rahat Ali,a63775d6,male,Pakistan,14,,,,,bowler,,derived:role_from_usage/v1,0.73,false
PA de Silva,34ff9e07,male,Sri Lanka,14,,,,,all-rounder,,derived:role_from_usage/v1,0.73,false
E Gouge,e01e17ee,female,Jersey,14,,,,,bowler,,derived:role_from_usage/v1,0.73,false
C Viljoen,f7b2cbe8,male,Namibia,14,,,,,all-rounder,,derived:role_from_usage/v1,0.73,false
Haseeb Ghafoor,454a7269,male,Saudi Arabia,14,,,,,wicketkeeper-batter,yes,derived:role_from_usage/v1 | derived:keeper_inference_aggregate/v1,0.73 | 0.89,false
M Aboagye,afe8ff08,male,Ghana,14,,,,,all-rounder,,derived:role_from_usage/v1,0.73,false
Muhammad Usman,b7621723,male,Hungary,14,,,,,batter,,derived:role_from_usage/v1,0.73,false
JB Reva,6a685375,male,Papua New Guinea,14,,,,,bowler,,derived:role_from_usage/v1,0.73,false
JD Campbell,6fd0c8e1,male,West Indies,14,,,,,batter,,derived:role_from_usage/v1,0.73,false
S Dhaniram,123e663a,male,Canada,14,,,,,all-rounder,,derived:role_from_usage/v1,0.73,false
T Kamungozi,1fe81cc9,male,Zimbabwe,14,,,,,bowler,,derived:role_from_usage/v1,0.73,false
RK Willis,fff4e348,female,Scotland,14,,,,,batter,,derived:role_from_usage/v1,0.73,false
Karuna Bhandari,c68fc575,female,Nepal,14,,,,,bowler,,derived:role_from_usage/v1,0.73,false
NK Bagenda,5926e145,female,Uganda,14,,,,,batter,,derived:role_from_usage/v1,0.73,false
AC Brodin,95569cde,female,Belgium;France,14,,,,,batting all-rounder,,derived:role_from_usage/v1,0.73,false
Aarti Priya,ec11ad0b,female,Luxembourg,14,,,,,all-rounder,,derived:role_from_usage/v1,0.73,false
Jagrat Dubey,a4051019,female,Luxembourg,14,,,,,all-rounder,,derived:role_from_usage/v1,0.73,false
G Ilarionova,b56786e5,female,Bulgaria,14,,,,,all-rounder,,derived:role_from_usage/v1,0.73,false
CJ Dias,7e6a3f17,female,Kuwait,14,,,,,bowler,,derived:role_from_usage/v1,0.73,false
L Mamba,bcbb22dc,female,Eswatini,14,,,,,bowler,,derived:role_from_usage/v1,0.73,false
Nur Izzatul Syafiqa,fc282a40,female,Malaysia,14,,,,,batter,,derived:role_from_usage/v1,0.73,false
S Paldon,47c3d294,female,Bhutan,14,,,,,batter,occasional,derived:role_from_usage/v1 | derived:keeper_inference_aggregate/v1,0.73 | 0.63,false
Sweeta Corda,3ab9a451,female,Bahrain,14,,,,,batter,,derived:role_from_usage/v1,0.73,false
E Khaliunaa,1349b940,female,Mongolia,14,,,,,batter,,derived:role_from_usage/v1,0.73,false
DK Mathias,bec5cab9,male,Bahrain,14,,,,,batting all-rounder,,derived:role_from_usage/v1,0.73,false
S Dhakal,8955b928,male,Nepal,14,,,,,bowler,,derived:role_from_usage/v1,0.73,false
JOP Scamans,4e56e796,male,Finland,14,,,,,batter,occasional,derived:role_from_usage/v1 | derived:keeper_inference_aggregate/v1,0.73 | 0.63,false
S Sugaya-Slater,2d02f041,male,Japan,14,,,,,bowler,,derived:role_from_usage/v1,0.73,false
Esam Rahman,5ea3a7c6,male,Japan,14,,,,,batting all-rounder,,derived:role_from_usage/v1,0.73,false
V Hirlal,3eb2a27b,male,Suriname,14,,,,,batter,occasional,derived:role_from_usage/v1 | derived:keeper_inference_aggregate/v1,0.73 | 0.63,false
YP Dayal,990f1424,male,Suriname,14,,,,,all-rounder,,derived:role_from_usage/v1,0.73,false
TKP Rajapaksha,b5dcec37,male,Seychelles,14,,,,,batting all-rounder,,derived:role_from_usage/v1,0.73,false
Jonte Smith,ae4d0b45,male,Bermuda,14,,,,,batting all-rounder,,derived:role_from_usage/v1,0.73,false
BOP Fernando,1d048deb,male,Sri Lanka,14,,,,,batter,,derived:role_from_usage/v1,0.73,false
Nazmul Islam,6575e3bc,male,Bangladesh,14,,,,,bowler,,derived:role_from_usage/v1,0.73,false
S Arora,d7423da1,male,Sunrisers Hyderabad,14,,,,,batter,,derived:role_from_usage/v1,0.73,false
Parveen Kumar,e6b3c3cc,male,Canada,14,,,,,bowler,,derived:role_from_usage/v1,0.73,false
AR Bisht,80fe6790,male,Oman,14,,,,,batting all-rounder,,derived:role_from_usage/v1,0.73,false
RD Shah,45d4cb14,male,Kenya,14,,,,,batter,,derived:role_from_usage/v1,0.73,false
Z Mali,f0b16e64,female,South Africa,14,,,,,bowler,,derived:role_from_usage/v1,0.73,false
B Mpedi,8c712051,female,Botswana,14,,,,,bowler,,derived:role_from_usage/v1,0.73,false
J Kowa,9d80f576,female,Sierra Leone,14,,,,,all-rounder,,derived:role_from_usage/v1,0.73,false
Angela Busa,cbef5af4,female,Philippines,14,,,,,batting all-rounder,,derived:role_from_usage/v1,0.73,false
I Bist,beccd5a1,female,Nepal,14,,,,,bowler,,derived:role_from_usage/v1,0.73,false
AF Aoina,217f5194,female,Samoa,14,,,,,all-rounder,,derived:role_from_usage/v1,0.73,false
Sabnam Rai,8eb52953,female,Nepal,14,,,,,bowler,,derived:role_from_usage/v1,0.73,false
S Bhardwaj,83e9173e,female,Austria,14,,,,,batting all-rounder,,derived:role_from_usage/v1,0.73,false
MPM Pathirannehelage,0c142594,female,Austria,14,,,,,all-rounder,,derived:role_from_usage/v1,0.73,false
JV Chand,59bff8c7,male,Zambia,14,,,,,all-rounder,,derived:role_from_usage/v1,0.73,false
Tashi Dorji,0f05655d,male,Bhutan,14,,,,,bowler,,derived:role_from_usage/v1,0.73,false
PSRK Sudarshan,3a44a4e4,male,Singapore,14,,,,,bowler,,derived:role_from_usage/v1,0.73,false
DA Mehta,61a7d6e9,male,Tanzania,14,,,,,batter,,derived:role_from_usage/v1,0.73,false
Natim Hassam,c802af1c,male,Portugal,14,,,,,batting all-rounder,,derived:role_from_usage/v1,0.73,false
PB Gouge,fe2432c4,male,Jersey,14,,,,,wicketkeeper-batter,yes,derived:role_from_usage/v1 | derived:keeper_inference_aggregate/v1,0.73 | 0.86,false
L Erdenebulgan,c4f8d754,male,Mongolia,14,,,,,all-rounder,,derived:role_from_usage/v1,0.73,false
JA Burns,7a5f232a,male,Australia;Italy,14,,,,,batter,,derived:role_from_usage/v1,0.73,false
P Gheewala,3b22ee4e,male,Estonia,14,,,,,bowler,,derived:role_from_usage/v1,0.73,false
IE O'Brien,78f34e15,male,New Zealand,14,,,,,bowler,,derived:role_from_usage/v1,0.73,false
Abeer Maryam,8067b378,female,Saudi Arabia,14,,,,,batter,,derived:role_from_usage/v1,0.73,false
Nilansh Keswani,424a7994,male,United Arab Emirates,14,,,,,bowler,,derived:role_from_usage/v1,0.73,false
Mehrab Hossain jnr,86cd782f,male,Bangladesh,14,,,,,all-rounder,,derived:role_from_usage/v1,0.73,false
PN Agarwal,f34a3a74,female,Luxembourg,14,,,,,batter,occasional,derived:role_from_usage/v1 | derived:keeper_inference_aggregate/v1,0.73 | 0.63,false
O Erdenebaatar,f40bc7e3,female,Mongolia,14,,,,,all-rounder,,derived:role_from_usage/v1,0.73,false
Rhys Burinaga,a6cbe67b,male,Philippines,14,,,,,batting all-rounder,,derived:role_from_usage/v1,0.73,false
XSD Smith,f4f892a3,male,Suriname,14,,,,,all-rounder,,derived:role_from_usage/v1,0.73,false
A Augastin,056e3558,male,Tanzania,14,,,,,batting all-rounder,occasional,derived:role_from_usage/v1 | derived:keeper_inference_aggregate/v1,0.73 | 0.63,false
Arun Yadav,53ace082,male,Tanzania,14,,,,,batting all-rounder,,derived:role_from_usage/v1,0.73,false
HMHE Parsons,0ca1ea55,male,South Korea,14,,,,,batting all-rounder,,derived:role_from_usage/v1,0.73,false
CJ Dala,1cb14aa4,male,Delhi Daredevils;South Africa,14,,,,,bowler,,derived:role_from_usage/v1,0.73,false
DDP D'Silva,07b6f54c,male,United Arab Emirates,14,,,,,all-rounder,,derived:role_from_usage/v1,0.73,false
SJ Srivastava,2049f3a0,male,Kings XI Punjab,14,,,,,bowler,,derived:role_from_usage/v1,0.73,false
JM Willathgamuwa,0a10b268,female,United States of America,14,,,,,all-rounder,,derived:role_from_usage/v1,0.73,false
DK Pallekonda,e77c9807,male,Slovenia,14,,,,,bowler,,derived:role_from_usage/v1,0.73,false
Usama Mir,6dd8b88c,male,Pakistan,14,,,,,bowler,,derived:role_from_usage/v1,0.73,false
JL Aras,e21475a5,female,United States of America,14,,,,,bowler,,derived:role_from_usage/v1,0.73,false
T Dlamini,b92d1fe6,female,Eswatini,14,,,,,bowler,,derived:role_from_usage/v1,0.73,false
Luis Hermida,03beb59f,male,Mexico,14,,,,,all-rounder,,derived:role_from_usage/v1,0.73,false
T Kolcunova,50102dea,female,Czech Republic,14,,,,,all-rounder,,derived:role_from_usage/v1,0.73,false
A Dhingra,753ada66,male,Luxembourg,14,,,,,bowler,,derived:role_from_usage/v1,0.73,false
K Santokie,531f0278,male,Mumbai Indians;West Indies,14,,,,,bowler,,derived:role_from_usage/v1,0.73,false
Azri Azhar,23f37c09,male,Malaysia,14,,,,,batting all-rounder,,derived:role_from_usage/v1,0.73,false
Ahmed Hassan,7c885103,male,Maldives,14,,,,,batting all-rounder,,derived:role_from_usage/v1,0.73,false
A Sootaga,967984d0,female,Samoa,14,,,,,batter,,derived:role_from_usage/v1,0.73,false
F Mutizwa,d3e83eef,male,Zimbabwe,14,,,,,batter,,derived:role_from_usage/v1,0.73,false
T Malinga,a6f6efba,female,Eswatini,14,,,,,bowler,,derived:role_from_usage/v1,0.73,false
Mushfiqur Rahman,3fc3b204,male,Bangladesh,14,,,,,all-rounder,,derived:role_from_usage/v1,0.73,false
B Shotorova,cbef9f64,female,Bulgaria,14,,,,,all-rounder,,derived:role_from_usage/v1,0.73,false
I Alumo,6edd8b10,female,Uganda,14,,,,,bowler,,derived:role_from_usage/v1,0.73,false
B Namuunzul,e14e70c0,female,Mongolia,14,,,,,batting all-rounder,,derived:role_from_usage/v1,0.73,false
AD Dore,aa867444,male,Bermuda,14,,,,,batter,,derived:role_from_usage/v1,0.73,false
Iqbal Hossain,e1824e7d,male,Austria,14,,,,,batter,,derived:role_from_usage/v1,0.73,false
CE Jacob,51426347,female,Qatar,14,,,,,batter,,derived:role_from_usage/v1,0.73,false
ML Castillo,9853b404,male,Belize,14,,,,,all-rounder,,derived:role_from_usage/v1,0.73,false
Jakir Patel,82b1e99f,male,Zambia,14,,,,,batter,,derived:role_from_usage/v1,0.73,false
Simarjeet Singh,30df8c66,male,Chennai Super Kings;Sunrisers Hyderabad,14,,,,,bowler,,derived:role_from_usage/v1,0.73,false
Muhammad Arfan,1294ee6d,male,United Arab Emirates,14,,,,,all-rounder,,derived:role_from_usage/v1,0.73,false
TL Cutler,384fa385,male,Vanuatu,14,,,,,bowler,,derived:role_from_usage/v1,0.73,false
Tanzeel Sheikh,5493ad5c,male,Kenya,14,,,,,batter,,derived:role_from_usage/v1,0.73,false
JD Freyone,7cd7eb50,male,Gibraltar,14,,,,,batter,,derived:role_from_usage/v1,0.73,false
Amir Khan,a7bc0f3d,male,Malaysia,14,,,,,batter,,derived:role_from_usage/v1,0.73,false
AS Mehmi,4612619b,male,Greece,14,,,,,all-rounder,,derived:role_from_usage/v1,0.73,false
K Tathgur,f190c775,male,Canada,14,,,,,wicketkeeper-batter,yes,derived:role_from_usage/v1 | derived:keeper_inference_aggregate/v1,0.73 | 0.83,false
S Ravikumar,5597338d,female;male,Costa Rica;Sri Lanka,14,,,,,all-rounder,,derived:role_from_usage/v1,0.73,false
S Koppolu,3346b14f,male,Slovenia,14,,,,,batting all-rounder,,derived:role_from_usage/v1,0.73,false
S Burdekin,98e3f1de,male,Cyprus,14,,,,,batting all-rounder,,derived:role_from_usage/v1,0.73,false
R Davson,7804d401,male,Bahamas,14,,,,,batter,,derived:role_from_usage/v1,0.73,false
M Chadha,93a77ad4,male,Cambodia,14,,,,,batting all-rounder,,derived:role_from_usage/v1,0.73,false
F Malefula,6a405883,female,Malawi,14,,,,,batter,,derived:role_from_usage/v1,0.73,false
DP Hyatt,2e2fe3e8,male,West Indies,14,,,,,batter,,derived:role_from_usage/v1,0.73,false
S Naik,1318a5f1,female,India,14,,,,,wicketkeeper-batter,yes,derived:role_from_usage/v1 | derived:keeper_inference_aggregate/v1,0.73 | 0.97,false
B Fitchet,d77ecd14,male,Guernsey,14,,,,,batter,,derived:role_from_usage/v1,0.73,false
DG Weakley,224a9f5e,male,Bahamas,14,,,,,bowler,,derived:role_from_usage/v1,0.73,false
Khaibar Deldar,032c7eab,male,Hungary,14,,,,,batting all-rounder,,derived:role_from_usage/v1,0.73,false
K Namchaikul,f4ccbe6f,male,Thailand,14,,,,,batting all-rounder,,derived:role_from_usage/v1,0.73,false
LN McCarthy,77c88f05,female,Ireland,14,,,,,bowler,,derived:role_from_usage/v1,0.73,false
JAD Lawrenson,c810b349,male,Jersey,14,,,,,batter,,derived:role_from_usage/v1,0.73,false
AV Lalcheta,b858be20,male,Oman,14,,,,,all-rounder,,derived:role_from_usage/v1,0.73,false
S Ivetic,04ab1575,male,Serbia,14,,,,,batter,,derived:role_from_usage/v1,0.73,false
TD Astle,383dd431,male,New Zealand,14,,,,,bowler,,derived:role_from_usage/v1,0.73,false
KR Sen,2e78f685,male,India;Rajasthan Royals,13,,,,,bowler,,derived:role_from_usage/v1,0.72,false
RMAU Grimmond,5215d4c3,female,West Indies,13,,,,,batter,,derived:role_from_usage/v1,0.72,false
T Sangha,52c952d9,male,Australia,13,,,,,bowler,,derived:role_from_usage/v1,0.72,false
D Foxcroft,ed6894af,male,New Zealand,13,,,,,batting all-rounder,,derived:role_from_usage/v1,0.72,false
Danish Kaneria,0be1b885,male,Pakistan,13,,,,,bowler,,derived:role_from_usage/v1,0.72,false
RDM Leverock,fbc5c0c6,male,Bermuda,13,,,,,bowler,,derived:role_from_usage/v1,0.72,false
C Zhou,5b84f3bc,female,China,13,,,,,batter,,derived:role_from_usage/v1,0.72,false
S Lateh,5ab09885,female,Thailand,13,,,,,batting all-rounder,,derived:role_from_usage/v1,0.72,false
AM Healey,f3249df1,female,Germany,13,,,,,all-rounder,,derived:role_from_usage/v1,0.72,false
H Bhullar,c9ffb93d,female,Austria,13,,,,,batter,,derived:role_from_usage/v1,0.72,false
S Sigaiwasa,b1414505,female,Fiji,13,,,,,all-rounder,,derived:role_from_usage/v1,0.72,false
ZP Ikiua,3bd86723,female,Cook Islands,13,,,,,all-rounder,,derived:role_from_usage/v1,0.72,false
S Kolcunova,7eba546e,female,Czech Republic,13,,,,,bowler,,derived:role_from_usage/v1,0.72,false
CSN Mbelel,1669ba8a,female,Cameroon,13,,,,,batter,,derived:role_from_usage/v1,0.72,false
AG Weligamage,747209e0,male,Hungary,13,,,,,bowler,,derived:role_from_usage/v1,0.72,false
NJ Ferraby,c149b9ca,male,Jersey,13,,,,,batter,,derived:role_from_usage/v1,0.72,false
KS Airee,548d4188,male,Nepal,13,,,,,bowler,,derived:role_from_usage/v1,0.72,false
M Gouws,018f6488,male,Gibraltar,13,,,,,all-rounder,,derived:role_from_usage/v1,0.72,false
Abhishek Ahuja,65cf74b4,male,Hungary,13,,,,,wicketkeeper-batter,yes,derived:role_from_usage/v1 | derived:keeper_inference_aggregate/v1,0.72 | 0.97,false
C Floyd,527c2dab,male,Netherlands,13,,,,,bowler,,derived:role_from_usage/v1,0.72,false
JM Vujinovich,99ad98b0,male,Croatia,13,,,,,all-rounder,,derived:role_from_usage/v1,0.72,false
SMK Waththage,0fc88c2a,male,Czech Republic,13,,,,,bowler,,derived:role_from_usage/v1,0.72,false
Abul Farhad,f7cb7c3a,male,Czech Republic,13,,,,,bowler,,derived:role_from_usage/v1,0.72,false
J Lassayo,dee70255,male,Sierra Leone,13,,,,,bowler,,derived:role_from_usage/v1,0.72,false
Muhammad Zohaib,8f75193e,male,United Arab Emirates,13,,,,,batter,,derived:role_from_usage/v1,0.72,false
F Baleri,6efdad14,male,Ghana,13,,,,,wicketkeeper-batter,yes,derived:role_from_usage/v1 | derived:keeper_inference_aggregate/v1,0.72 | 0.85,false
Kamal Soukhiya,64457c72,male,Luxembourg,13,,,,,bowler,,derived:role_from_usage/v1,0.72,false
Murat Yilmaz,f2990906,male,Turkey,13,,,,,batting all-rounder,,derived:role_from_usage/v1,0.72,false
AJ Redmond,48f177f5,male,New Zealand,13,,,,,batter,,derived:role_from_usage/v1,0.72,false
AJ Stewart,a8ce3491,male,England,13,,,,,wicketkeeper-batter,yes,derived:role_from_usage/v1 | derived:keeper_inference_aggregate/v1,0.72 | 0.97,false
P Manning,f06b5585,male,Cayman Islands,13,,,,,batting all-rounder,,derived:role_from_usage/v1,0.72,false
TM Dowlin,24ecc358,male,West Indies,13,,,,,batter,,derived:role_from_usage/v1,0.72,false
Amir Hayat,5faa30f7,male,United Arab Emirates,13,,,,,bowler,,derived:role_from_usage/v1,0.72,false
HR Shokeen,0c9652b0,male,Mumbai Indians,13,,,,,bowler,,derived:role_from_usage/v1,0.72,false
N Jagadeesan,bd54eef5,male,Chennai Super Kings;Kolkata Knight Riders,13,,,,,batter,,derived:role_from_usage/v1,0.72,false
HHC Gunaratne,44d0e8af,female,Sri Lanka,13,,,,,bowler,,derived:role_from_usage/v1,0.72,false
RL Grundy,e149d0ae,female,England,13,,,,,bowler,,derived:role_from_usage/v1,0.72,false
T Muzarabani,a945bb28,male,Zimbabwe,13,,,,,bowler,,derived:role_from_usage/v1,0.72,false
Mujibur Ali,e88468b7,male,Oman,13,,,,,all-rounder,,derived:role_from_usage/v1,0.72,false
Kabir Ali,60dd8960,male,England,13,,,,,bowler,,derived:role_from_usage/v1,0.72,false
IH Romaine,54725e8b,male,Bermuda,13,,,,,batting all-rounder,,derived:role_from_usage/v1,0.72,false
O Omonkhobio,4f3080c3,female,Nigeria,13,,,,,all-rounder,,derived:role_from_usage/v1,0.72,false
S Vaia,78103121,female,Cook Islands,13,,,,,batting all-rounder,occasional,derived:role_from_usage/v1 | derived:keeper_inference_aggregate/v1,0.72 | 0.63,false
K Pandya,75b4acc8,female,Denmark,13,,,,,batter,,derived:role_from_usage/v1,0.72,false
Shahnawaz Dhani,7ccbb09f,male,Pakistan,13,,,,,bowler,,derived:role_from_usage/v1,0.72,false
Anique Uddin,1f41b702,male,Denmark,13,,,,,batting all-rounder,,derived:role_from_usage/v1,0.72,false
O Bascome,3cc58287,male,Bermuda,13,,,,,batter,occasional,derived:role_from_usage/v1 | derived:keeper_inference_aggregate/v1,0.72 | 0.63,false
J Alegra,ac6be7ed,male,Philippines,13,,,,,batter,,derived:role_from_usage/v1,0.72,false
Zaker Taqawi,d7074ddc,male,Sweden,13,,,,,bowler,,derived:role_from_usage/v1,0.72,false
HB Shipley,5426de63,male,New Zealand,13,,,,,bowler,,derived:role_from_usage/v1,0.72,false
Y Naing Tun,97b109d2,male,Myanmar,13,,,,,batter,occasional,derived:role_from_usage/v1 | derived:keeper_inference_aggregate/v1,0.72 | 0.63,false
R Sandeep,175937f6,male,Eswatini,13,,,,,all-rounder,,derived:role_from_usage/v1,0.72,false
CA Keita,5b9b8d98,male,Mali,13,,,,,batting all-rounder,,derived:role_from_usage/v1,0.72,false
Shadnan Khan,b17d629e,male,Austria,13,,,,,batting all-rounder,occasional,derived:role_from_usage/v1 | derived:keeper_inference_aggregate/v1,0.72 | 0.63,false
RM Magare,d5966b42,male,Czech Republic,13,,,,,all-rounder,,derived:role_from_usage/v1,0.72,false
TMA Leslie,c7fa1e4c,female,Cameroon,13,,,,,bowler,,derived:role_from_usage/v1,0.72,false
TK Patel,95fcbfb7,male,United States of America,13,,,,,bowler,,derived:role_from_usage/v1,0.72,false
A Mhatre,b2b4f545,male,Chennai Super Kings,13,,,,,batter,,derived:role_from_usage/v1,0.72,false
VS Malik,5f26df4f,male,Kings XI Punjab;Rajasthan Royals,13,,,,,bowler,,derived:role_from_usage/v1,0.72,false
Adeeb Usmani,fd7d703c,male,United Arab Emirates,13,,,,,batting all-rounder,occasional,derived:role_from_usage/v1 | derived:keeper_inference_aggregate/v1,0.72 | 0.63,false
J Lewis,6c75310b,male,England,13,,,,,bowler,,derived:role_from_usage/v1,0.72,false
JAR Blain,e662b18f,male,Scotland,13,,,,,bowler,,derived:role_from_usage/v1,0.72,false
E Schiferli,cefe0886,male,Netherlands,13,,,,,all-rounder,,derived:role_from_usage/v1,0.72,false
E Duffy,52bbb9e5,female,Jersey,13,,,,,bowler,,derived:role_from_usage/v1,0.72,false
I Goordial-John,6e2ec862,female,Canada,13,,,,,all-rounder,,derived:role_from_usage/v1,0.72,false
V Mahajan,8c42d7d8,female,Canada,13,,,,,all-rounder,,derived:role_from_usage/v1,0.72,false
MV Lehmann,d2c61d83,female,Argentina,13,,,,,batting all-rounder,,derived:role_from_usage/v1,0.72,false
I Mutoni,284604cf,female,Uganda,13,,,,,bowler,,derived:role_from_usage/v1,0.72,false
A Fillie,67412324,female,Sierra Leone,13,,,,,bowler,,derived:role_from_usage/v1,0.72,false
G Shukla,6b4817d9,female,Sweden,13,,,,,all-rounder,,derived:role_from_usage/v1,0.72,false
RG Somashekhar,881cb071,female,Sweden,13,,,,,batter,,derived:role_from_usage/v1,0.72,false
G Ayan,66d258e2,female,Turkey,13,,,,,all-rounder,,derived:role_from_usage/v1,0.72,false
DC Drakes,34b332d3,male,West Indies,13,,,,,bowler,,derived:role_from_usage/v1,0.72,false
Vichanath Singh,dfa6db1a,male,Thailand,13,,,,,bowler,,derived:role_from_usage/v1,0.72,false
SH Venugopal,9f542219,male,Singapore,13,,,,,batter,,derived:role_from_usage/v1,0.72,false
A Razmilic,d92fb332,male,Croatia,13,,,,,batting all-rounder,,derived:role_from_usage/v1,0.72,false
J Byrappa,860f7b67,male,Mexico,13,,,,,batting all-rounder,,derived:role_from_usage/v1,0.72,false
AK Gokoel,2fff8b43,male,Suriname,13,,,,,all-rounder,,derived:role_from_usage/v1,0.72,false
V Shaw,e05dd44b,male,Suriname,13,,,,,batting all-rounder,,derived:role_from_usage/v1,0.72,false
A Yon,99bf1fb7,male,St Helena,13,,,,,batting all-rounder,,derived:role_from_usage/v1,0.72,false
CR Richards,c10a581f,male,St Helena,13,,,,,batter,,derived:role_from_usage/v1,0.72,false
Junaid Mehmood,3e46c4f3,male,Norway,13,,,,,batter,,derived:role_from_usage/v1,0.72,false
Muhammad Ajmal,0782aec3,male,Malta,13,,,,,all-rounder,,derived:role_from_usage/v1,0.72,false
Saeed Waqar Ali,1a353572,male,Slovenia,13,,,,,bowler,,derived:role_from_usage/v1,0.72,false
Z Groenewald,017faef2,male,Namibia,13,,,,,bowler,,derived:role_from_usage/v1,0.72,false
ARA Chambers,8db27a28,male,Portugal,13,,,,,batter,,derived:role_from_usage/v1,0.72,false
G Ganbold,947346d8,male,Mongolia,13,,,,,batter,,derived:role_from_usage/v1,0.72,false
T Amarmend,e76c8732,male,Mongolia,13,,,,,all-rounder,,derived:role_from_usage/v1,0.72,false
D Robson,fa39ad19,male,Estonia,13,,,,,all-rounder,,derived:role_from_usage/v1,0.72,false
M Musinguzi,34712b35,male,Uganda,13,,,,,bowler,,derived:role_from_usage/v1,0.72,false
A Shahzad,a73321d3,male,England,13,,,,,bowler,,derived:role_from_usage/v1,0.72,false
A Bose,b6f61482,female,Kuwait,13,,,,,batter,occasional,derived:role_from_usage/v1 | derived:keeper_inference_aggregate/v1,0.72 | 0.63,false
Mah Noor Amir,e95cf4f8,female,Saudi Arabia,13,,,,,batting all-rounder,,derived:role_from_usage/v1,0.72,false
Ansh Patel,9e76cdb3,male,Canada,13,,,,,bowler,,derived:role_from_usage/v1,0.72,false
AJ Ireland,a7c7802a,male,Zimbabwe,13,,,,,bowler,,derived:role_from_usage/v1,0.72,false
U Bhatti,c66d9486,male,Canada,13,,,,,bowler,,derived:role_from_usage/v1,0.72,false
JM Watkin,7239a365,female,New Zealand,13,,,,,all-rounder,,derived:role_from_usage/v1,0.72,false
S Haggo,35230fa3,female,Scotland,13,,,,,batting all-rounder,,derived:role_from_usage/v1,0.72,false
SD Bahadur,e96b8df7,female,India;Royal Challengers Bangalore,13,,,,,batting all-rounder,,derived:role_from_usage/v1,0.72,false
K Mahekdeep,d13c1b74,female,Hong Kong,13,,,,,bowler,,derived:role_from_usage/v1,0.72,false
N Toleva,d381938d,female,Bulgaria,13,,,,,batting all-rounder,,derived:role_from_usage/v1,0.72,false
T Thorpe,9e547805,female,Canada,13,,,,,batting all-rounder,,derived:role_from_usage/v1,0.72,false
Aslan Jafri,a14b5f3c,male,Singapore,13,,,,,batting all-rounder,,derived:role_from_usage/v1,0.72,false
Yasser Nazir,ccceaca9,male,Bahrain,13,,,,,batter,,derived:role_from_usage/v1,0.72,false
AR Leo,e13f8b16,male,St Helena,13,,,,,batting all-rounder,,derived:role_from_usage/v1,0.72,false
BK Stroud,6577a6ad,male,St Helena,13,,,,,bowler,,derived:role_from_usage/v1,0.72,false
MS Maker,14318ae4,male,Tanzania,13,,,,,batter,,derived:role_from_usage/v1,0.72,false
B Kohler-Cadmore,209e91e6,male,Germany,13,,,,,batter,,derived:role_from_usage/v1,0.72,false
Hammadullah Shinwari,21db290f,male,Finland,13,,,,,bowler,,derived:role_from_usage/v1,0.72,false
Mansoor Safi,86d7a2d2,male,Austria,13,,,,,batter,,derived:role_from_usage/v1,0.72,false
A Neill,4957b300,male,Scotland,13,,,,,bowler,,derived:role_from_usage/v1,0.72,false
K Sinclair,314642ed,male,West Indies,13,,,,,bowler,,derived:role_from_usage/v1,0.72,false
Hannan Sarkar,608e1581,male,Bangladesh,13,,,,,batter,,derived:role_from_usage/v1,0.72,false
A McGrath,e8b5ea8d,male,England,13,,,,,all-rounder,,derived:role_from_usage/v1,0.72,false
NV Knight,d2f3829d,male,England,13,,,,,batter,,derived:role_from_usage/v1,0.72,false
Chen Xinyu,b2cd8abe,female,China,13,,,,,batting all-rounder,,derived:role_from_usage/v1,0.72,false
FY Fazal,c15e2193,male,India;Rajasthan Royals,13,,,,,batter,,derived:role_from_usage/v1,0.72,false
Shivang Kumar,7b44eb3e,male,Sunrisers Hyderabad,13,,,,,bowler,,derived:role_from_usage/v1,0.72,false
YA Abdulla,4353bba5,male,Kings XI Punjab;South Africa,13,,,,,bowler,,derived:role_from_usage/v1,0.72,false
KP Appanna,d92e42f5,male,Royal Challengers Bangalore,13,,,,,bowler,,derived:role_from_usage/v1,0.72,false
Waseem Yaqoob,06b387f1,male,Lesotho,13,,,,,all-rounder,,derived:role_from_usage/v1,0.72,false
Rubya Haider,5d095ee8,female,Bangladesh,13,,,,,batter,,derived:role_from_usage/v1,0.72,false
SF Sirah,48bd237f,female,Philippines,13,,,,,batter,,derived:role_from_usage/v1,0.72,false
Kuldeep,61c48027,male,Portugal,13,,,,,wicketkeeper-batter,yes,derived:role_from_usage/v1 | derived:keeper_inference_aggregate/v1,0.72 | 0.78,false
P Dogra,2728e7e9,male,Kings XI Punjab;Kolkata Knight Riders;Rajasthan Royals,13,,,,,batter,,derived:role_from_usage/v1,0.72,false
Mohammad Atif,705b8c5c,male,Spain,13,,,,,bowler,,derived:role_from_usage/v1,0.72,false
RV Gomez,b2570b38,male,Kochi Tuskers Kerala;Pune Warriors,13,,,,,batting all-rounder,,derived:role_from_usage/v1,0.72,false
SL Munroe,81c29317,female,West Indies,13,,,,,bowler,,derived:role_from_usage/v1,0.72,false
K Cawte,a2dd9236,male,Isle of Man,13,,,,,bowler,,derived:role_from_usage/v1,0.72,false
T Araliya,d423f390,female,Italy,13,,,,,batting all-rounder,,derived:role_from_usage/v1,0.72,false
C Henery,03d9e80f,female,Isle of Man,13,,,,,batting all-rounder,,derived:role_from_usage/v1,0.72,false
SM Davies,8fc65c2b,male,England,13,,,,,batter,occasional,derived:role_from_usage/v1 | derived:keeper_inference_aggregate/v1,0.72 | 0.63,false
Khurram Chohan,796e4140,male,Canada,13,,,,,bowler,,derived:role_from_usage/v1,0.72,false
Ghulam Abbas Butt,cc796077,male,Finland,13,,,,,batting all-rounder,,derived:role_from_usage/v1,0.72,false
CM Gautam,30a2649b,male,Delhi Daredevils;Mumbai Indians,13,,,,,wicketkeeper-batter,yes,derived:role_from_usage/v1 | derived:keeper_inference_aggregate/v1,0.72 | 0.75,false
Shaik Basha,1b77c4c6,male,Tanzania,13,,,,,batting all-rounder,,derived:role_from_usage/v1,0.72,false
YYM Jakda,2e3dc859,male,Lesotho,13,,,,,batting all-rounder,,derived:role_from_usage/v1,0.72,false
Chan Sau Har,3c567308,female,Hong Kong,13,,,,,batting all-rounder,,derived:role_from_usage/v1,0.72,false
SG Satghare,3708b522,female,Gujarat Giants;India;Royal Challengers Bengaluru,13,,,,,bowler,,derived:role_from_usage/v1,0.72,false
Amalin Sorfina,734cded2,female,Malaysia,13,,,,,batting all-rounder,,derived:role_from_usage/v1,0.72,false
AA Chavan,29d72eb2,male,Rajasthan Royals,13,,,,,bowler,,derived:role_from_usage/v1,0.72,false
L Emilio,31adde7f,male,Mozambique,13,,,,,wicketkeeper-batter,yes,derived:role_from_usage/v1 | derived:keeper_inference_aggregate/v1,0.72 | 0.97,false
Musa Ahmed,ec9db8a7,male,Netherlands,13,,,,,batter,,derived:role_from_usage/v1,0.72,false
Sulaiman Ali,13bf1d91,male,Bulgaria,13,,,,,batting all-rounder,,derived:role_from_usage/v1,0.72,false
R Ankad,5995707a,male,Mexico,13,,,,,bowler,,derived:role_from_usage/v1,0.72,false
Osama Mahmood,601544aa,male,Switzerland,13,,,,,batting all-rounder,,derived:role_from_usage/v1,0.72,false
M Vivekanandan,c4e205e4,male,Mongolia,13,,,,,all-rounder,,derived:role_from_usage/v1,0.72,false
JJ Nyambo,ffb3b559,male,Tanzania,13,,,,,bowler,,derived:role_from_usage/v1,0.72,false
L Pickard,bfe58c8a,female,Switzerland,13,,,,,batter,,derived:role_from_usage/v1,0.72,false
A Mene-Ejegi,e4f13acd,male,Serbia,13,,,,,all-rounder,,derived:role_from_usage/v1,0.72,false
I Wardlaw,7429c452,male,Scotland,13,,,,,bowler,,derived:role_from_usage/v1,0.72,false
Saira Jabeen,e4ff6a62,female,Pakistan,13,,,,,batter,,derived:role_from_usage/v1,0.72,false
C Esterhuizen,ef9acbcc,male,South Africa,13,,,,,batter,occasional,derived:role_from_usage/v1 | derived:keeper_inference_aggregate/v1,0.72 | 0.63,false
Zohaib Sarwar,bd3cecc6,male,Portugal,13,,,,,batting all-rounder,,derived:role_from_usage/v1,0.72,false
F Hand,e3fe4b49,male,Ireland,13,,,,,bowler,,derived:role_from_usage/v1,0.72,false
D Ramani,dacf556b,male,Czech Republic,13,,,,,bowler,,derived:role_from_usage/v1,0.72,false
Al Maseera Jahangir,be47cb63,female,United Arab Emirates,13,,,,,batting all-rounder,,derived:role_from_usage/v1,0.72,false
Brijesh Sharma,133bbd61,male,Rajasthan Royals,13,,,,,bowler,,derived:role_from_usage/v1,0.72,false
S Malwatta,bc11f3a3,female,Italy,13,,,,,batter,,derived:role_from_usage/v1,0.72,false
V Mitari,3a82673c,male,Rwanda,13,,,,,bowler,,derived:role_from_usage/v1,0.72,false
S Venkataraman,8001a208,female,United Arab Emirates,13,,,,,all-rounder,,derived:role_from_usage/v1,0.72,false
I Pandey,ed547c49,male,Nepal,13,,,,,batter,,derived:role_from_usage/v1,0.72,false
BDH Stevens,f8035c2a,male,Jersey,13,,,,,all-rounder,,derived:role_from_usage/v1,0.72,false
S Dabholkatr,280dc48c,female,Switzerland,13,,,,,all-rounder,,derived:role_from_usage/v1,0.72,false
Parvez Rasool,9170ff49,male,India;Pune Warriors;Royal Challengers Bangalore;Sunrisers Hyderabad,13,,,,,bowler,,derived:role_from_usage/v1,0.72,false
Shahzaib Hasan,fd201eb4,male,Pakistan,13,,,,,batter,,derived:role_from_usage/v1,0.72,false
BBJL Perera,c8c9d60b,male,Italy,13,,,,,batter,,derived:role_from_usage/v1,0.72,false
JN Kalita,4c3bbf03,female,Mumbai Indians,13,,,,,batting all-rounder,,derived:role_from_usage/v1,0.72,false
R Drake,57b3c398,male,Japan,13,,,,,bowler,,derived:role_from_usage/v1,0.72,false
B Dugic,5edaa34d,male,Serbia,13,,,,,bowler,,derived:role_from_usage/v1,0.72,false
CD de Lange,e6d298e8,male,Scotland,13,,,,,all-rounder,,derived:role_from_usage/v1,0.72,false
W Ngowhuad,b8cd9955,male,Thailand,13,,,,,bowler,,derived:role_from_usage/v1,0.72,false
Jaweed Sadran,c1f05d1d,male,Austria,13,,,,,bowler,,derived:role_from_usage/v1,0.72,false
G Thakur,93720584,male,Malta,13,,,,,batter,,derived:role_from_usage/v1,0.72,false
O Lutbayar,ccd88623,male,Mongolia,13,,,,,bowler,,derived:role_from_usage/v1,0.72,false
A Ilahi,feb75c84,female,Belgium,13,,,,,all-rounder,,derived:role_from_usage/v1,0.72,false
V Buruka,62d92d76,female,Papua New Guinea,12,,,,,bowler,,derived:role_from_usage/v1,0.7,false
Tasmia Rubab,bf350134,female,Pakistan,12,,,,,bowler,,derived:role_from_usage/v1,0.7,false
R Malhotra,e13f5984,female,India,12,,,,,all-rounder,,derived:role_from_usage/v1,0.7,false
Javeria Rauf,bf8c8572,female,Pakistan,12,,,,,batting all-rounder,,derived:role_from_usage/v1,0.7,false
Ali Nadeem,02802468,male,Canada,12,,,,,batter,,derived:role_from_usage/v1,0.7,false
JP Bray,7c63baa7,male,Ireland,12,,,,,batter,,derived:role_from_usage/v1,0.7,false
F Parkinson,9b819b10,female,Sierra Leone,12,,,,,batter,,derived:role_from_usage/v1,0.7,false
Huang Zhuo,edbbe245,female,China,12,,,,,batter,,derived:role_from_usage/v1,0.7,false
S Wetoto,16301313,female,Kenya,12,,,,,all-rounder,,derived:role_from_usage/v1,0.7,false
S Matijevic,eae6959b,female,Serbia,12,,,,,all-rounder,,derived:role_from_usage/v1,0.7,false
Taful Elkhair,28086b4b,female,Qatar,12,,,,,batter,,derived:role_from_usage/v1,0.7,false
Sara Vivek,8ff4ef0e,female,Bahrain,12,,,,,all-rounder,,derived:role_from_usage/v1,0.7,false
P Rawat,34b8cd68,female,India;Royal Challengers Bengaluru,12,,,,,bowler,,derived:role_from_usage/v1,0.7,false
Amoluk Singh,266473e2,male,Ghana,12,,,,,batting all-rounder,,derived:role_from_usage/v1,0.7,false
R Pathan,7c840f73,male,Canada,12,,,,,batter,,derived:role_from_usage/v1,0.7,false
EH Hutchinson,e6ddab51,male,United States of America,12,,,,,bowler,,derived:role_from_usage/v1,0.7,false
Muhammad Asim,8ba04532,male,Zambia,12,,,,,all-rounder,,derived:role_from_usage/v1,0.7,false
Zubair Ali,f16e776a,male,Qatar,12,,,,,batter,,derived:role_from_usage/v1,0.7,false
Shariq Munir,298d9b83,male,Qatar,12,,,,,batting all-rounder,,derived:role_from_usage/v1,0.7,false
Zahidullah Kamal,e8550df5,male,Finland,12,,,,,batter,,derived:role_from_usage/v1,0.7,false
Pratis GC,c1077ba3,male,Nepal,12,,,,,bowler,,derived:role_from_usage/v1,0.7,false
JT Pooranakaran,3a743619,female,Singapore,12,,,,,batting all-rounder,,derived:role_from_usage/v1,0.7,false
A Kainessie,c7acf05f,male,Sierra Leone,12,,,,,batter,,derived:role_from_usage/v1,0.7,false
Phon Bunthean,8981deb8,male,Cambodia,12,,,,,batter,,derived:role_from_usage/v1,0.7,false
Z Shurentsetseg,45c6afaf,male,Mongolia,12,,,,,batting all-rounder,,derived:role_from_usage/v1,0.7,false
Suman Ghimire,7d990412,male,Portugal,12,,,,,batting all-rounder,occasional,derived:role_from_usage/v1 | derived:keeper_inference_aggregate/v1,0.7 | 0.63,false
C Zhuwao,3e51db81,male,Zimbabwe,12,,,,,batter,,derived:role_from_usage/v1,0.7,false
RL D'Souza,2d0b7057,female,Bahrain,12,,,,,bowler,,derived:role_from_usage/v1,0.7,false
R Walker,be37d889,male,Cayman Islands,12,,,,,batter,,derived:role_from_usage/v1,0.7,false
SE Rowe,711eda94,female,England,12,,,,,batter,,derived:role_from_usage/v1,0.7,false
WA Mota,3dba85c2,male,Kings XI Punjab,12,,,,,batting all-rounder,,derived:role_from_usage/v1,0.7,false
S Hector,3faa312e,female,West Indies,12,,,,,all-rounder,,derived:role_from_usage/v1,0.7,false
R Dhakal,8399a7af,male,Nepal,12,,,,,bowler,,derived:role_from_usage/v1,0.7,false
AC Mushangwe,db873292,female,Zimbabwe,12,,,,,all-rounder,,derived:role_from_usage/v1,0.7,false
A Obulor,abba64cd,female,Nigeria,12,,,,,batting all-rounder,,derived:role_from_usage/v1,0.7,false
B Shetty,58c16165,female,Oman,12,,,,,bowler,,derived:role_from_usage/v1,0.7,false
M Batnasan,0e01e881,female,Mongolia,12,,,,,batting all-rounder,,derived:role_from_usage/v1,0.7,false
Roheed Akhtar,c24a759a,female,Qatar,12,,,,,bowler,,derived:role_from_usage/v1,0.7,false
Natalie Clarke,739ed6df,female,Switzerland,12,,,,,batting all-rounder,,derived:role_from_usage/v1,0.7,false
Zara Mohammad,c9ca2bd7,female,Sweden,12,,,,,all-rounder,,derived:role_from_usage/v1,0.7,false
R Overman,2ec52460,female,Isle of Man,12,,,,,batter,,derived:role_from_usage/v1,0.7,false
R Webster,cdfb59b8,female,Isle of Man,12,,,,,wicketkeeper-batter,yes,derived:role_from_usage/v1 | derived:keeper_inference_aggregate/v1,0.7 | 0.97,false
J Souckova,9a9c0e81,female,Czech Republic,12,,,,,batter,,derived:role_from_usage/v1,0.7,false
CI Manidom,f0396c01,female,Cameroon,12,,,,,batting all-rounder,,derived:role_from_usage/v1,0.7,false
SR Rocket,ee3bfb9b,male,Seychelles,12,,,,,bowler,,derived:role_from_usage/v1,0.7,false
NN Banner,0697b5a1,male,Belize,12,,,,,all-rounder,,derived:role_from_usage/v1,0.7,false
M Sohel Patel,40a5bcf9,male,Panama,12,,,,,batter,,derived:role_from_usage/v1,0.7,false
Tafseer Ali,b9c3ffcd,male,Norway,12,,,,,batter,,derived:role_from_usage/v1,0.7,false
BP Adapaka,e6082b10,male,Hungary,12,,,,,bowler,,derived:role_from_usage/v1,0.7,false
MADI Hemantha,58431ca0,male,Sri Lanka,12,,,,,bowler,,derived:role_from_usage/v1,0.7,false
N Tyagi,53984f75,male,Czech Republic,12,,,,,bowler,,derived:role_from_usage/v1,0.7,false
J Proctor,01b0d0a4,male,Bermuda,12,,,,,bowler,,derived:role_from_usage/v1,0.7,false
FL Patel,e205ce8b,male,Panama,12,,,,,batting all-rounder,,derived:role_from_usage/v1,0.7,false
Ibrahim Kursad Dalyan,f0f20cf8,male,Turkey,12,,,,,bowler,,derived:role_from_usage/v1,0.7,false
L Klusener,c0790f82,male,South Africa,12,,,,,bowler,,derived:role_from_usage/v1,0.7,false
N Hussain,f76ffa81,male,England,12,,,,,batter,,derived:role_from_usage/v1,0.7,false
Shorifa Khatun,36d2face,female,Bangladesh,12,,,,,bowler,,derived:role_from_usage/v1,0.7,false
MA Swedy,202ce08c,female,Tanzania,12,,,,,batter,,derived:role_from_usage/v1,0.7,false
Shafiq Sharif,033ac24e,male,Malaysia,12,,,,,wicketkeeper-batter,yes,derived:role_from_usage/v1 | derived:keeper_inference_aggregate/v1,0.7 | 0.83,false
L Shetty,f0a0ed1d,female,United States of America,12,,,,,bowler,,derived:role_from_usage/v1,0.7,false
D Vihanga,49dcd12c,female,Sri Lanka,12,,,,,bowler,,derived:role_from_usage/v1,0.7,false
RN Lewis,69362253,male,West Indies,12,,,,,bowler,,derived:role_from_usage/v1,0.7,false
GM Strydom,5dc19220,male,Cayman Islands;Zimbabwe,12,,,,,batter,,derived:role_from_usage/v1,0.7,false
DL Hemp,cb263798,male,Bermuda,12,,,,,batting all-rounder,,derived:role_from_usage/v1,0.7,false
S Thapa,36d3ed28,female,Qatar,12,,,,,bowler,,derived:role_from_usage/v1,0.7,false
TA Lavia,361b378b,female,Canada,12,,,,,all-rounder,,derived:role_from_usage/v1,0.7,false
YM Murrure,308ac7cb,female,Mozambique,12,,,,,bowler,,derived:role_from_usage/v1,0.7,false
H Celik,266f372c,female,Turkey,12,,,,,all-rounder,,derived:role_from_usage/v1,0.7,false
A Bishnoi,376557f7,male,Malta,12,,,,,bowler,,derived:role_from_usage/v1,0.7,false
Zada Sher,5cf163a5,male,France,12,,,,,batting all-rounder,,derived:role_from_usage/v1,0.7,false
EM Turay,1c044b2e,male,Sierra Leone,12,,,,,batter,,derived:role_from_usage/v1,0.7,false
Azam Khan,ee8f1a6d,male,Pakistan,12,,,,,batter,,derived:role_from_usage/v1,0.7,false
Mustafa Omer,3bd52be1,male,France,12,,,,,batter,,derived:role_from_usage/v1,0.7,false
KTK Rodrigo,a482add2,male,Maldives,12,,,,,batter,,derived:role_from_usage/v1,0.7,false
Mohammed Irshad,1a54d618,male,Qatar,12,,,,,all-rounder,,derived:role_from_usage/v1,0.7,false
KM Awala,c6c7d01b,male,Ghana,12,,,,,batter,,derived:role_from_usage/v1,0.7,false
K Kato-Stafford,e03ca117,male,Japan,12,,,,,bowler,,derived:role_from_usage/v1,0.7,false
Dhiman Ghosh,1494a583,male,Bangladesh,12,,,,,wicketkeeper-batter,yes,derived:role_from_usage/v1 | derived:keeper_inference_aggregate/v1,0.7 | 0.97,false
Khurram Khan,ae6746e0,male,United Arab Emirates,12,,,,,all-rounder,,derived:role_from_usage/v1,0.7,false
B Kasinja,eaba37fc,female,Malawi,12,,,,,bowler,,derived:role_from_usage/v1,0.7,false
D Marikova-Moodley,83b7280e,female,Czech Republic,12,,,,,bowler,,derived:role_from_usage/v1,0.7,false
Aman Hakim Khan,378daa89,male,Delhi Capitals;Kolkata Knight Riders,12,,,,,batter,,derived:role_from_usage/v1,0.7,false
Fazalhaq Farooqi,e9c7f0d0,male,Rajasthan Royals;Sunrisers Hyderabad,12,,,,,bowler,,derived:role_from_usage/v1,0.7,false
IS Billcliff,1fb2f362,male,Canada,12,,,,,batter,,derived:role_from_usage/v1,0.7,false
LN Onyango,68c3f79d,male,Kenya,12,,,,,bowler,,derived:role_from_usage/v1,0.7,false
AK Perera,c8ad0749,male,Sri Lanka,12,,,,,batting all-rounder,,derived:role_from_usage/v1,0.7,false
Bella Poon,84dc77ad,female,Hong Kong,12,,,,,batter,,derived:role_from_usage/v1,0.7,false
L Ramjit,69950546,female,United States of America,12,,,,,batting all-rounder,,derived:role_from_usage/v1,0.7,false
ZL Thoon,8d0543ce,female,Myanmar,12,,,,,all-rounder,,derived:role_from_usage/v1,0.7,false
AK Gonerara,141ee9a0,female,Fiji,12,,,,,bowler,,derived:role_from_usage/v1,0.7,false
J Sanele,67bd483c,female,Samoa,12,,,,,all-rounder,,derived:role_from_usage/v1,0.7,false
DPS Tyagi,d5f96736,male,Singapore,12,,,,,bowler,,derived:role_from_usage/v1,0.7,false
DAM Louis,b975210d,male,Qatar,12,,,,,bowler,,derived:role_from_usage/v1,0.7,false
Eric Phiri,b6355062,male,Eswatini,12,,,,,batter,,derived:role_from_usage/v1,0.7,false
Rahimgul Naseri,bf07cc63,male,France,12,,,,,bowler,,derived:role_from_usage/v1,0.7,false
Jamshid Nasiri,2bc636df,male,France,12,,,,,all-rounder,,derived:role_from_usage/v1,0.7,false
DE Burgess,7bf39e5c,male,Samoa,12,,,,,batting all-rounder,,derived:role_from_usage/v1,0.7,false
Firas Hussain,261d591a,male,Bulgaria,12,,,,,batting all-rounder,,derived:role_from_usage/v1,0.7,false
Muhammad Fahad,3f778477,male,Turkey,12,,,,,all-rounder,,derived:role_from_usage/v1,0.7,false
MJ Potts,894b2d25,male,England,12,,,,,bowler,,derived:role_from_usage/v1,0.7,false
TSS Mackintosh,f5ef7ac3,male,Scotland,12,,,,,batter,,derived:role_from_usage/v1,0.7,false
AG Wharf,2e0fcc58,male,England,12,,,,,bowler,,derived:role_from_usage/v1,0.7,false
Prajna Jagdeesha,b79932e1,female,Bahrain,12,,,,,batter,,derived:role_from_usage/v1,0.7,false
AS Patil,ca707bdc,female,United Arab Emirates,12,,,,,batter,,derived:role_from_usage/v1,0.7,false
AJ Staal,62c713bf,male,Netherlands,12,,,,,batter,,derived:role_from_usage/v1,0.7,false
S Jamil,3d6617c6,male,Belgium,12,,,,,batting all-rounder,,derived:role_from_usage/v1,0.7,false
L Chilia,87ac786c,female,Vanuatu,12,,,,,batter,,derived:role_from_usage/v1,0.7,false
AE Paraam,b56f5b6f,male,Singapore,12,,,,,all-rounder,,derived:role_from_usage/v1,0.7,false
D Kalvin,895ae8b6,male,Seychelles,12,,,,,batting all-rounder,,derived:role_from_usage/v1,0.7,false
GH Worker,51a36d3e,male,New Zealand,12,,,,,batter,,derived:role_from_usage/v1,0.7,false
M Biu,c386183b,female,Fiji,12,,,,,all-rounder,,derived:role_from_usage/v1,0.7,false
S Vuni,951e08f0,female,Fiji,12,,,,,batter,occasional,derived:role_from_usage/v1 | derived:keeper_inference_aggregate/v1,0.7 | 0.63,false
S Bangera,856fc47a,male,Israel,12,,,,,batter,,derived:role_from_usage/v1,0.7,false
KV Jain,b955802a,female,India,12,,,,,wicketkeeper-batter,yes,derived:role_from_usage/v1 | derived:keeper_inference_aggregate/v1,0.7 | 0.97,false
PA Reddy,2461eef2,male,Deccan Chargers;Sunrisers Hyderabad,12,,,,,batter,,derived:role_from_usage/v1,0.7,false
AR Balla,4b83e65a,male,Cameroon,12,,,,,batter,,derived:role_from_usage/v1,0.7,false
DA Marillier,656202a7,male,Zimbabwe,12,,,,,all-rounder,,derived:role_from_usage/v1,0.7,false
Abdul Wahid,40aea524,male,Saudi Arabia,12,,,,,all-rounder,,derived:role_from_usage/v1,0.7,false
Ethan D'Souza,31ca7a9c,male,United Arab Emirates,12,,,,,batting all-rounder,,derived:role_from_usage/v1,0.7,false
Akash Singh,b483905d,male,Chennai Super Kings;Lucknow Super Giants;Rajasthan Royals,12,,,,,bowler,,derived:role_from_usage/v1,0.7,false
UWMBCA Welegedara,dd37da14,male,Sri Lanka,12,,,,,bowler,,derived:role_from_usage/v1,0.7,false
BS Stephenson,db571b24,male,Belize,12,,,,,all-rounder,,derived:role_from_usage/v1,0.7,false
AS Miranda,283e47fa,female,Philippines,12,,,,,batter,,derived:role_from_usage/v1,0.7,false
Santiago Iturbe,851b0636,male,Argentina,12,,,,,batter,occasional,derived:role_from_usage/v1 | derived:keeper_inference_aggregate/v1,0.7 | 0.63,false
SM Solia,fd9f43bb,male,Samoa,12,,,,,batter,,derived:role_from_usage/v1,0.7,false
A Nookala,57922f7c,female,Austria,12,,,,,batter,,derived:role_from_usage/v1,0.7,false
W Ginindza,b5fedf28,female,Eswatini,12,,,,,batting all-rounder,,derived:role_from_usage/v1,0.7,false
B Ercegovcevic,be5b6d0d,female,Serbia,12,,,,,batter,,derived:role_from_usage/v1,0.7,false
EK Hubbard,1486e3fd,female,Hong Kong,12,,,,,bowler,,derived:role_from_usage/v1,0.7,false
U Bayarjavkhlan,92c81a4f,female,Mongolia,12,,,,,bowler,,derived:role_from_usage/v1,0.7,false
N Salekar,54403333,male,Thailand,12,,,,,all-rounder,,derived:role_from_usage/v1,0.7,false
VM Nyauchi,1bd16445,male,Zimbabwe,12,,,,,bowler,,derived:role_from_usage/v1,0.7,false
AF Mapu,d9238aee,female,Samoa,12,,,,,batting all-rounder,,derived:role_from_usage/v1,0.7,false
D Paterson,462d7c62,male,South Africa,12,,,,,bowler,,derived:role_from_usage/v1,0.7,false
A Das,8479657a,female,India,12,,,,,bowler,,derived:role_from_usage/v1,0.7,false
CO Browne,a1d8d8ba,male,West Indies,12,,,,,wicketkeeper-batter,yes,derived:role_from_usage/v1 | derived:keeper_inference_aggregate/v1,0.7 | 0.97,false
A Otwani,6727fb4d,male,Uganda,12,,,,,batter,,derived:role_from_usage/v1,0.7,false
VC Drakes,b16b5eea,male,West Indies,12,,,,,bowler,,derived:role_from_usage/v1,0.7,false
Viola Komeda,0706d6cc,female,Czech Republic,12,,,,,all-rounder,,derived:role_from_usage/v1,0.7,false
L Gregory,06c2de82,male,England,12,,,,,all-rounder,,derived:role_from_usage/v1,0.7,false
E Mbofana,657da2f4,female,Zimbabwe,12,,,,,bowler,,derived:role_from_usage/v1,0.7,false
Soyeb Pendi,8d646b49,male,Zambia,12,,,,,bowler,,derived:role_from_usage/v1,0.7,false
A Chandila,99b202b3,male,Rajasthan Royals,12,,,,,bowler,,derived:role_from_usage/v1,0.7,false
F Tanguy,c46400b7,female,Jersey,12,,,,,all-rounder,,derived:role_from_usage/v1,0.7,false
TB Godisamang,ed188d83,female,Botswana,12,,,,,batter,,derived:role_from_usage/v1,0.7,false
J Cleetus,ce1e39da,female,United Arab Emirates,12,,,,,wicketkeeper-batter,yes,derived:role_from_usage/v1 | derived:keeper_inference_aggregate/v1,0.7 | 0.77,false
O Lefaga,540fb139,female,Samoa,12,,,,,bowler,,derived:role_from_usage/v1,0.7,false
C Miles,80f16d29,female,Jersey,12,,,,,batter,,derived:role_from_usage/v1,0.7,false
GG Alta,c7bb2416,male,Turkey,12,,,,,all-rounder,,derived:role_from_usage/v1,0.7,false
K Canavarci,556ad437,female,Turkey,12,,,,,all-rounder,,derived:role_from_usage/v1,0.7,false
A Maheshwari,3ec513ea,male,Croatia,12,,,,,batting all-rounder,,derived:role_from_usage/v1,0.7,false
Zhao Yihan,a9cd14fc,female,China,12,,,,,bowler,,derived:role_from_usage/v1,0.7,false
Gaurav Mishra,507dd87f,male,Romania,12,,,,,bowler,,derived:role_from_usage/v1,0.7,false
JO Ngoche,a9a4df9f,male,Kenya,12,,,,,bowler,,derived:role_from_usage/v1,0.7,false
S Rana,90edaaa9,male,Pune Warriors;Royal Challengers Bangalore;Seychelles,12,,,,,batter,,derived:role_from_usage/v1,0.7,false
F Khaliq,c17dcc29,male,Belgium,12,,,,,all-rounder,,derived:role_from_usage/v1,0.7,false
B Namsrai,1d8a3ca6,male,Mongolia,12,,,,,batter,,derived:role_from_usage/v1,0.7,false
MA Aponso,e2ee90d9,male,Sri Lanka,12,,,,,bowler,,derived:role_from_usage/v1,0.7,false
Garret Banner,ac1ddea1,male,Belize,12,,,,,bowler,,derived:role_from_usage/v1,0.7,false
Aung Ko Ko,648d060e,male,Myanmar,12,,,,,batting all-rounder,,derived:role_from_usage/v1,0.7,false
GG Banner,aeb893b4,male,Belize,12,,,,,batting all-rounder,,derived:role_from_usage/v1,0.7,false
B Tlali,a42cdf67,female,Lesotho,12,,,,,all-rounder,,derived:role_from_usage/v1,0.7,false
C Potgieter,d3bdc89c,male,Portugal,12,,,,,batter,,derived:role_from_usage/v1,0.7,false
LC Le Tissier,c471750e,male,Guernsey,12,,,,,all-rounder,,derived:role_from_usage/v1,0.7,false
KL Nagarkoti,b4f5c2d9,male,Delhi Capitals;Kolkata Knight Riders,12,,,,,bowler,,derived:role_from_usage/v1,0.7,false
Abu Hider,31803fac,male,Bangladesh,12,,,,,bowler,,derived:role_from_usage/v1,0.7,false
TG Thamae,d08fe309,male,Lesotho,12,,,,,bowler,,derived:role_from_usage/v1,0.7,false
NC Dodd,7260e1e9,female,New Zealand,12,,,,,batter,,derived:role_from_usage/v1,0.7,false
HD Rutherford,0605de92,male,New Zealand,12,,,,,batter,,derived:role_from_usage/v1,0.7,false
EJ Tice,b97f21d8,female,Ireland,12,,,,,all-rounder,,derived:role_from_usage/v1,0.7,false
A Prashar,b18dbaff,male,Hungary,12,,,,,bowler,,derived:role_from_usage/v1,0.7,false
Shaof Hassan,f6e160d7,male,Maldives,12,,,,,batter,,derived:role_from_usage/v1,0.7,false
S Yenamandra,adef2d7b,female,Belgium,12,,,,,batting all-rounder,,derived:role_from_usage/v1,0.7,false
Saad Khan,28e0f645,male,Saudi Arabia,12,,,,,batter,,derived:role_from_usage/v1,0.7,false
MFD Douma,88bcd8da,female,Cameroon,12,,,,,bowler,,derived:role_from_usage/v1,0.7,false
Yair Nagavkar,138e30ab,male,Israel,12,,,,,all-rounder,,derived:role_from_usage/v1,0.7,false
BM Wheeler,397f4d3a,male,New Zealand,12,,,,,bowler,,derived:role_from_usage/v1,0.7,false
Waseeq Ahmed,a7d6c101,male,Bahrain,12,,,,,bowler,,derived:role_from_usage/v1,0.7,false
N Naranbaatar,b0e16d9b,male,Mongolia,12,,,,,batting all-rounder,,derived:role_from_usage/v1,0.7,false
BAD Manenti,ab21795b,male,Italy,12,,,,,all-rounder,,derived:role_from_usage/v1,0.7,false
Yan Zuying,0311d9ec,female,China,12,,,,,batter,,derived:role_from_usage/v1,0.7,false
Ananya Srinivasan,74d9909b,female,Switzerland,12,,,,,batter,occasional,derived:role_from_usage/v1 | derived:keeper_inference_aggregate/v1,0.7 | 0.63,false
D Demic,618327de,female,Serbia,12,,,,,batter,occasional,derived:role_from_usage/v1 | derived:keeper_inference_aggregate/v1,0.7 | 0.63,false
AG Murtaza,ef5da05c,male,Mumbai Indians;Pune Warriors,12,,,,,bowler,,derived:role_from_usage/v1,0.7,false
V Igbinedion,9525b9e5,female,Nigeria,12,,,,,batter,,derived:role_from_usage/v1,0.7,false
Jannatul Ferdus,fa948618,female,Bangladesh,11,,,,,bowler,,derived:role_from_usage/v1,0.68,false
E Pokana,95d9f74c,female,Papua New Guinea,11,,,,,batter,,derived:role_from_usage/v1,0.68,false
JNT Vare,3e326efc,male,Papua New Guinea,11,,,,,wicketkeeper-batter,yes,derived:role_from_usage/v1 | derived:keeper_inference_aggregate/v1,0.68 | 0.93,false
DR Chumney,1f3ad23f,male,Canada,11,,,,,batter,,derived:role_from_usage/v1,0.68,false
BJ Patel,0b7930ed,male,Kenya,11,,,,,batter,,derived:role_from_usage/v1,0.68,false
BF Smith,c64b7c5b,female,England,11,,,,,batting all-rounder,,derived:role_from_usage/v1,0.68,false
Zumika Azmi,d35c1fc7,female,Malaysia,11,,,,,bowler,,derived:role_from_usage/v1,0.68,false
TS Omary,88e90658,female,Tanzania,11,,,,,bowler,,derived:role_from_usage/v1,0.68,false
NH Berejo,a9ec2608,female,Spain,11,,,,,all-rounder,,derived:role_from_usage/v1,0.68,false
EAS Ferrary,c3c905ae,female,Gibraltar,11,,,,,all-rounder,,derived:role_from_usage/v1,0.68,false
RA Reilly,77276fff,female,Gibraltar,11,,,,,batter,,derived:role_from_usage/v1,0.68,false
LJ Payas,49355360,female,Gibraltar,11,,,,,batting all-rounder,,derived:role_from_usage/v1,0.68,false
MSC Erasito,ce02e769,female,Fiji,11,,,,,batter,,derived:role_from_usage/v1,0.68,false
M Bestani,e8045847,female,Argentina,11,,,,,batter,occasional,derived:role_from_usage/v1 | derived:keeper_inference_aggregate/v1,0.68 | 0.64,false
FA Zavala,2edfa6a8,female,Mozambique,11,,,,,batter,,derived:role_from_usage/v1,0.68,false
P Ganeshan,3829c5ea,female,Austria,11,,,,,batter,,derived:role_from_usage/v1,0.68,false
Hadia Siddiqui,14bc5d2d,female,Austria,11,,,,,batting all-rounder,,derived:role_from_usage/v1,0.68,false
S Kubheka,d0178c53,male,Eswatini;Swaziland,11,,,,,batting all-rounder,,derived:role_from_usage/v1,0.68,false
RK Kiseto,780d1997,male,Tanzania,11,,,,,bowler,,derived:role_from_usage/v1,0.68,false
AB Mengoumou,8ad3d034,male,Cameroon,11,,,,,batting all-rounder,,derived:role_from_usage/v1,0.68,false
Rizwan Mahmood,56e771ef,male,Denmark,11,,,,,batter,,derived:role_from_usage/v1,0.68,false
J Jojo,d981a1de,male,Denmark,11,,,,,bowler,,derived:role_from_usage/v1,0.68,false
S Kushretha,4e3fd330,male,Luxembourg,11,,,,,bowler,,derived:role_from_usage/v1,0.68,false
Usman Arif,fccc2d5a,male,Norway,11,,,,,batting all-rounder,,derived:role_from_usage/v1,0.68,false
OP Stone,3f659464,male,England,11,,,,,bowler,,derived:role_from_usage/v1,0.68,false
BF Calitz,24ad97e7,male,Ireland,11,,,,,batter,,derived:role_from_usage/v1,0.68,false
D Johnson,d406e303,male,Cayman Islands,11,,,,,bowler,,derived:role_from_usage/v1,0.68,false
S Jele,1c5c65d6,male,Eswatini,11,,,,,batter,,derived:role_from_usage/v1,0.68,false
S Tharanga,32332eea,male,Cyprus,11,,,,,batter,,derived:role_from_usage/v1,0.68,false
C De Freitas,22072cab,male,Portugal,11,,,,,batter,,derived:role_from_usage/v1,0.68,false
Zain Muzaffar,19b4fa25,male,Sweden,11,,,,,bowler,,derived:role_from_usage/v1,0.68,false
J Wilson,1a3295a1,male,Gibraltar,11,,,,,all-rounder,,derived:role_from_usage/v1,0.68,false
S Tabuisulu,62708dce,male,Fiji,11,,,,,bowler,,derived:role_from_usage/v1,0.68,false
J Pickering,1ac8edcf,male,Cook Islands,11,,,,,wicketkeeper-batter,yes,derived:role_from_usage/v1 | derived:keeper_inference_aggregate/v1,0.68 | 0.93,false
OK Mohamed,3cb42681,male,Ivory Coast,11,,,,,batter,,derived:role_from_usage/v1,0.68,false
MA Sherry,77eb2d60,male,Singapore,11,,,,,batter,,derived:role_from_usage/v1,0.68,false
JM Cox,ff154ecd,male,England,11,,,,,batter,,derived:role_from_usage/v1,0.68,false
Taufeeq Umar,c73bb037,male,Pakistan,11,,,,,batter,,derived:role_from_usage/v1,0.68,false
Sidhant Singh,8f1e023f,male,Singapore,11,,,,,all-rounder,,derived:role_from_usage/v1,0.68,false
Avi Dixit,cf17c429,male,Singapore,11,,,,,batting all-rounder,,derived:role_from_usage/v1,0.68,false
Kashif Siddique,2513b4fe,male,Saudi Arabia,11,,,,,batter,,derived:role_from_usage/v1,0.68,false
Muhammad Burhan,a92609f2,male,Hungary,11,,,,,bowler,,derived:role_from_usage/v1,0.68,false
Zulfiqar Babar,3a0f6df2,male,Pakistan,11,,,,,bowler,,derived:role_from_usage/v1,0.68,false
Najwa Akram,a1cb1472,female,Saudi Arabia,11,,,,,batting all-rounder,,derived:role_from_usage/v1,0.68,false
LM Babirye,4b531649,female,Uganda,11,,,,,batter,,derived:role_from_usage/v1,0.68,false
E Gebhard,31d1f06d,female,Luxembourg,11,,,,,batter,,derived:role_from_usage/v1,0.68,false
C Tchale,32a85e70,male,Malawi,11,,,,,bowler,,derived:role_from_usage/v1,0.68,false
Sultan Ahmed,3bf7c034,male,Oman,11,,,,,wicketkeeper-batter,yes,derived:role_from_usage/v1 | derived:keeper_inference_aggregate/v1,0.68 | 0.89,false
K Christie,65122d56,male,Hong Kong,11,,,,,bowler,,derived:role_from_usage/v1,0.68,false
JR Lennox,07793daf,male,New Zealand,11,,,,,bowler,,derived:role_from_usage/v1,0.68,false
Abdul Samad,8e554b6b,male,Pakistan,11,,,,,batter,,derived:role_from_usage/v1,0.68,false
D Langford-Smith,fa1aa7e7,male,Ireland,11,,,,,bowler,,derived:role_from_usage/v1,0.68,false
T Mpandakwaya,3fd351ed,female,Malawi,11,,,,,batter,,derived:role_from_usage/v1,0.68,false
I Vrignaud,bb472ec7,female,Belgium;France,11,,,,,batter,,derived:role_from_usage/v1,0.68,false
L Holmgaard,8ea1f4c4,female,Denmark,11,,,,,batting all-rounder,,derived:role_from_usage/v1,0.68,false
A Brown-Carrera,9e866d80,female,Spain,11,,,,,all-rounder,,derived:role_from_usage/v1,0.68,false
DS Vlachopoulou,5c884c17,female,Greece,11,,,,,batter,,derived:role_from_usage/v1,0.68,false
Suabika Manivannan,a044506e,female,Malaysia,11,,,,,bowler,,derived:role_from_usage/v1,0.68,false
N Caruana,00d1544c,female,Gibraltar,11,,,,,batting all-rounder,,derived:role_from_usage/v1,0.68,false
AIV Benatar,e8bdbbca,female,Gibraltar,11,,,,,all-rounder,,derived:role_from_usage/v1,0.68,false
P Raghunath,2e287171,female,Gibraltar,11,,,,,batter,,derived:role_from_usage/v1,0.68,false
SD Diwan Ali,74699499,female,Belgium,11,,,,,batter,,derived:role_from_usage/v1,0.68,false
F Kuenburg,07c1fd15,female,Switzerland,11,,,,,batter,occasional,derived:role_from_usage/v1 | derived:keeper_inference_aggregate/v1,0.68 | 0.64,false
I Katzarski,514628bd,male,Bulgaria,11,,,,,batter,,derived:role_from_usage/v1,0.68,false
Shahid Mahmood,37753749,male,Bahrain,11,,,,,bowler,,derived:role_from_usage/v1,0.68,false
MJ Swepson,86b4bf88,male,Australia,11,,,,,bowler,,derived:role_from_usage/v1,0.68,false
Ibrahim Jabarkhel,c311564c,male,France,11,,,,,batting all-rounder,,derived:role_from_usage/v1,0.68,false
R Sharma,2278c4ca,male,Singapore,11,,,,,batter,,derived:role_from_usage/v1,0.68,false
O Duff,550c9b2c,male,Bulgaria,11,,,,,bowler,,derived:role_from_usage/v1,0.68,false
VF Bomnyuy,3bc18521,male,Cameroon,11,,,,,batting all-rounder,,derived:role_from_usage/v1,0.68,false
FFZ Nhaduate,a82e0db7,male,Mozambique,11,,,,,wicketkeeper-batter,yes,derived:role_from_usage/v1 | derived:keeper_inference_aggregate/v1,0.68 | 0.93,false
Luo Shilin,c251b048,male,China,11,,,,,bowler,,derived:role_from_usage/v1,0.68,false
Luka Woods,0996f198,male,Serbia,11,,,,,all-rounder,,derived:role_from_usage/v1,0.68,false
H Davids,9c9f8dbc,male,South Africa,11,,,,,batter,,derived:role_from_usage/v1,0.68,false
MA Suji,331bd689,male,Kenya,11,,,,,bowler,,derived:role_from_usage/v1,0.68,false
Mayank Nagayach,e401f8a5,male,Luxembourg,11,,,,,all-rounder,,derived:role_from_usage/v1,0.68,false
Ali Rasool,1a710f40,male,Bulgaria,11,,,,,batting all-rounder,,derived:role_from_usage/v1,0.68,false
RE Nyangendo,208ec8a4,female,Uganda,11,,,,,batter,,derived:role_from_usage/v1,0.68,false
Sakib Hussain,280fff14,male,Sunrisers Hyderabad,11,,,,,bowler,,derived:role_from_usage/v1,0.68,false
RS Gavaskar,9ff100a6,male,India;Kolkata Knight Riders,11,,,,,batting all-rounder,,derived:role_from_usage/v1,0.68,false
NT Nyamhuri,943ca0cd,male,Zimbabwe,11,,,,,bowler,,derived:role_from_usage/v1,0.68,false
K Sonavale,10c158cc,male,Oman,11,,,,,batting all-rounder,,derived:role_from_usage/v1,0.68,false
NS Poonia,e343abe9,male,Scotland,11,,,,,batter,,derived:role_from_usage/v1,0.68,false
ML Nkala,be8eec9c,male,Zimbabwe,11,,,,,bowler,,derived:role_from_usage/v1,0.68,false
R Boyce,98d4cb14,female,West Indies,11,,,,,batter,occasional,derived:role_from_usage/v1 | derived:keeper_inference_aggregate/v1,0.68 | 0.64,false
Humaira Tasneem,da22f2a2,female,United Arab Emirates,11,,,,,batting all-rounder,,derived:role_from_usage/v1,0.68,false
L Greig,0e3e8ce3,female,Jersey,11,,,,,batter,,derived:role_from_usage/v1,0.68,false
T Basile,7a640d66,female,Argentina,11,,,,,batter,,derived:role_from_usage/v1,0.68,false
N Gwebu,67e4248c,female,Eswatini,11,,,,,batter,,derived:role_from_usage/v1,0.68,false
Attia Diwan Ali,3cf0ab34,female,Belgium,11,,,,,bowler,,derived:role_from_usage/v1,0.68,false
OP Eguakun,728b71eb,female,Nigeria,11,,,,,batter,,derived:role_from_usage/v1,0.68,false
S Pattenden,b7880d1d,female,Estonia,11,,,,,batting all-rounder,,derived:role_from_usage/v1,0.68,false
Muhammad Siddiqui,b46b3d9b,male,Slovenia,11,,,,,all-rounder,,derived:role_from_usage/v1,0.68,false
Nazril Rahman,6d5bdc43,male,Malaysia,11,,,,,batting all-rounder,,derived:role_from_usage/v1,0.68,false
TJ Draca,88fac705,male,Italy,11,,,,,bowler,,derived:role_from_usage/v1,0.68,false
IP Swaney,430b7399,male,Singapore,11,,,,,batting all-rounder,,derived:role_from_usage/v1,0.68,false
DV Devjani Mutreja,c872d657,male,Mexico,11,,,,,batting all-rounder,,derived:role_from_usage/v1,0.68,false
S Pillai,927b34c9,male,Costa Rica,11,,,,,all-rounder,,derived:role_from_usage/v1,0.68,false
Flynn Zahra,b929c3ae,male,Malta,11,,,,,wicketkeeper-batter,yes,derived:role_from_usage/v1 | derived:keeper_inference_aggregate/v1,0.68 | 0.97,false
KMA Aziz,e8cfd743,male,Ivory Coast,11,,,,,all-rounder,,derived:role_from_usage/v1,0.68,false
QF Djakaridja,9ae09b37,male,Ivory Coast,11,,,,,batting all-rounder,,derived:role_from_usage/v1,0.68,false
Chen Zhuo Yue,47b33198,male,China,11,,,,,all-rounder,,derived:role_from_usage/v1,0.68,false
Nazwan Ismail,c8e5012c,male,Maldives,11,,,,,batting all-rounder,,derived:role_from_usage/v1,0.68,false
A Osei,375322d1,male,Ghana,11,,,,,batter,occasional,derived:role_from_usage/v1 | derived:keeper_inference_aggregate/v1,0.68 | 0.64,false
A Kalasi,8930a2a6,male,Thailand,11,,,,,bowler,,derived:role_from_usage/v1,0.68,false
Rasheed Ali Mamadkhel,72c38d77,male,Slovenia,11,,,,,batter,,derived:role_from_usage/v1,0.68,false
S Sandeep Warrier,cdc6bdba,male,Gujarat Titans;India;Kolkata Knight Riders,11,,,,,bowler,,derived:role_from_usage/v1,0.68,false
AM Ghazanfar,9ca68676,male,Mumbai Indians,11,,,,,bowler,,derived:role_from_usage/v1,0.68,false
Kartik Sharma,7b679de5,male,Chennai Super Kings,11,,,,,batter,,derived:role_from_usage/v1,0.68,false
LOB Cann,4487cc09,male,Bermuda,11,,,,,batting all-rounder,,derived:role_from_usage/v1,0.68,false
TBM de Leede,d2f72b19,male,Netherlands,11,,,,,all-rounder,,derived:role_from_usage/v1,0.68,false
JD Nel,7c7303eb,male,Scotland,11,,,,,bowler,,derived:role_from_usage/v1,0.68,false
D Hannema,2b654eb0,female,Netherlands,11,,,,,batter,,derived:role_from_usage/v1,0.68,false
T Modise,4569f6c7,female,Botswana,11,,,,,batter,,derived:role_from_usage/v1,0.68,false
V Jesrani,d1f6a8fa,female,Oman,11,,,,,wicketkeeper-batter,yes,derived:role_from_usage/v1 | derived:keeper_inference_aggregate/v1,0.68 | 0.97,false
TS Erichsen,9894e7b9,female,Denmark,11,,,,,batter,,derived:role_from_usage/v1,0.68,false
EMC Fowler,4f88a917,female,Spain,11,,,,,batter,,derived:role_from_usage/v1,0.68,false
P Chilongia,764d8336,female,Spain,11,,,,,all-rounder,,derived:role_from_usage/v1,0.68,false
H Mumford,6462c64b,female,Gibraltar,11,,,,,bowler,,derived:role_from_usage/v1,0.68,false
Leitu Leong,672e1aea,female,Samoa,11,,,,,batter,,derived:role_from_usage/v1,0.68,false
Vineet Shah,ad85a036,male,Indonesia,11,,,,,batter,,derived:role_from_usage/v1,0.68,false
Guido Angeletti,6d6f52fc,male,Argentina,11,,,,,batting all-rounder,,derived:role_from_usage/v1,0.68,false
Lovedeep Singh,a6e5e144,male,Cyprus,11,,,,,bowler,,derived:role_from_usage/v1,0.68,false
Mohammad Khan Rafah,bb5f73de,male,France,11,,,,,all-rounder,,derived:role_from_usage/v1,0.68,false
RV Nascimento,d9ba93c0,male,Brazil,11,,,,,bowler,,derived:role_from_usage/v1,0.68,false
SN Swamy,95382501,male,Sweden,11,,,,,bowler,,derived:role_from_usage/v1,0.68,false
N Hirani,4d290e7a,male,Kenya,11,,,,,bowler,,derived:role_from_usage/v1,0.68,false
Y Konate,5934e1b2,male,Mali,11,,,,,batting all-rounder,,derived:role_from_usage/v1,0.68,false
D Issiaka,933b30c9,male,Ivory Coast,11,,,,,batter,,derived:role_from_usage/v1,0.68,false
Ma Qiancheng,91cc319d,male,China,11,,,,,bowler,,derived:role_from_usage/v1,0.68,false
A Gulati,82903f3a,male,Bahamas,11,,,,,batting all-rounder,,derived:role_from_usage/v1,0.68,false
AM Patel,a09323d8,male,Panama,11,,,,,bowler,,derived:role_from_usage/v1,0.68,false
R Thapliyal,5947220c,male,Belgium,11,,,,,bowler,,derived:role_from_usage/v1,0.68,false
Kamran Wahid,5592153b,male,Hungary,11,,,,,bowler,,derived:role_from_usage/v1,0.68,false
Kamran Ghulam,35f4cf7e,male,Pakistan,11,,,,,batter,,derived:role_from_usage/v1,0.68,false
Rony Talukdar,8bd614b2,male,Bangladesh,11,,,,,batter,occasional,derived:role_from_usage/v1 | derived:keeper_inference_aggregate/v1,0.68 | 0.64,false
M Faraz Akram,38214163,male,Zimbabwe,11,,,,,bowler,,derived:role_from_usage/v1,0.68,false
Ammar Khalid,af98bf5b,male,Canada,11,,,,,bowler,,derived:role_from_usage/v1,0.68,false
AR Caddick,25020f9d,male,England,11,,,,,bowler,,derived:role_from_usage/v1,0.68,false
S Prakash,4b2c06eb,female,Bahrain,11,,,,,batter,,derived:role_from_usage/v1,0.68,false
S Bist,ec05df4e,female,Nepal,11,,,,,bowler,,derived:role_from_usage/v1,0.68,false
M Bhanuka,684d21d7,male,Sri Lanka,11,,,,,batter,occasional,derived:role_from_usage/v1 | derived:keeper_inference_aggregate/v1,0.68 | 0.64,false
Harsh Dubey,25228673,male,Sunrisers Hyderabad,11,,,,,bowler,,derived:role_from_usage/v1,0.68,false
YS Blagg,3aac5463,female,Gibraltar,11,,,,,bowler,,derived:role_from_usage/v1,0.68,false
SD Chitnis,facb9086,male,Kings XI Punjab;Mumbai Indians;Rajasthan Royals,11,,,,,batting all-rounder,,derived:role_from_usage/v1,0.68,false
P Agrawal,bb1fcd51,female,Norway,11,,,,,bowler,,derived:role_from_usage/v1,0.68,false
ND McKenzie,a830c083,male,South Africa,11,,,,,batter,,derived:role_from_usage/v1,0.68,false
JDA Richardson,e8c00c13,male,Bermuda,11,,,,,batter,occasional,derived:role_from_usage/v1 | derived:keeper_inference_aggregate/v1,0.68 | 0.64,false
M Machado,fd34bcb0,male,Portugal,11,,,,,batter,,derived:role_from_usage/v1,0.68,false
M Ayodhya,843e067e,female,Sri Lanka,11,,,,,bowler,,derived:role_from_usage/v1,0.68,false
T Granger,2beae660,female,Zimbabwe,11,,,,,bowler,,derived:role_from_usage/v1,0.68,false
V Vasquez,f898a2c6,female,Argentina,11,,,,,batter,,derived:role_from_usage/v1,0.68,false
FA Klokker,821a412e,male,Denmark,11,,,,,batter,occasional,derived:role_from_usage/v1 | derived:keeper_inference_aggregate/v1,0.68 | 0.64,false
M Bayram,4867ffbf,female,Turkey,11,,,,,batter,,derived:role_from_usage/v1,0.68,false
BJ Jacobs,972f217b,male,New Zealand,11,,,,,batter,,derived:role_from_usage/v1,0.68,false
P Jayeshbhai Patel,3317dc7a,male,Panama,11,,,,,batting all-rounder,,derived:role_from_usage/v1,0.68,false
S Ingabire,25a2755a,female,Rwanda,11,,,,,all-rounder,,derived:role_from_usage/v1,0.68,false
M Veringmeier,3733a317,female,Netherlands,11,,,,,batter,,derived:role_from_usage/v1,0.68,false
J van Vliet,cb665b69,female,Netherlands,11,,,,,batter,,derived:role_from_usage/v1,0.68,false
Muhammad Younis,41eb66fd,male,Bahrain,11,,,,,batter,,derived:role_from_usage/v1,0.68,false
T Kaitano,df7ed601,male,Zimbabwe,11,,,,,batter,,derived:role_from_usage/v1,0.68,false
Emily Sirs,aa88b08b,female,Indonesia,11,,,,,batter,,derived:role_from_usage/v1,0.68,false
Sachin Kumar,b76b2d25,male,Bahrain,11,,,,,bowler,,derived:role_from_usage/v1,0.68,false
C Piparo,276f3dde,female,Italy,11,,,,,batter,,derived:role_from_usage/v1,0.68,false
A Manepalli,36101309,male,Luxembourg,11,,,,,batter,,derived:role_from_usage/v1,0.68,false
Raza Hasan,4f7279a4,male,Pakistan,11,,,,,bowler,,derived:role_from_usage/v1,0.68,false
Maria Penna,5063c3cf,female,Greece,11,,,,,batter,,derived:role_from_usage/v1,0.68,false
PJ Ingram,5bd3bb5d,male,New Zealand,11,,,,,batter,,derived:role_from_usage/v1,0.68,false
K Carney,7097b37e,female,Isle of Man,11,,,,,batter,,derived:role_from_usage/v1,0.68,false
KV Vakuruivalu,98db3666,female,Fiji,11,,,,,bowler,,derived:role_from_usage/v1,0.68,false
KC Cariappa,edb3d4f8,male,Kings XI Punjab;Kolkata Knight Riders,11,,,,,bowler,,derived:role_from_usage/v1,0.68,false
GD Drummond,5b8fffb4,male,Scotland,11,,,,,bowler,,derived:role_from_usage/v1,0.68,false
A Lumbe,7e421645,female,Malawi,11,,,,,batter,occasional,derived:role_from_usage/v1 | derived:keeper_inference_aggregate/v1,0.68 | 0.64,false
Serdar Burak Emir,6d9238ac,male,Turkey,11,,,,,batting all-rounder,,derived:role_from_usage/v1,0.68,false
Uswa Syed,cbc0e027,female,Spain,11,,,,,all-rounder,,derived:role_from_usage/v1,0.68,false
Saran Aslam,2a00735b,male,Denmark,11,,,,,batting all-rounder,,derived:role_from_usage/v1,0.68,false
S Pakhrin,18377910,female,Nepal,11,,,,,batter,,derived:role_from_usage/v1,0.68,false
VV Morea,e64c10dd,male,Papua New Guinea,11,,,,,batter,,derived:role_from_usage/v1,0.68,false
KNA Bandara,585dda5d,male,Sri Lanka,11,,,,,batter,,derived:role_from_usage/v1,0.68,false
Nawazish Akhtar,7503149b,male,Saudi Arabia,11,,,,,batter,occasional,derived:role_from_usage/v1 | derived:keeper_inference_aggregate/v1,0.68 | 0.64,false
M Kadyan,c7aae1f0,male,Bulgaria,11,,,,,all-rounder,,derived:role_from_usage/v1,0.68,false
J Syed Mohammad,c64c2443,male,Royal Challengers Bangalore,11,,,,,bowler,,derived:role_from_usage/v1,0.68,false
ME Leoela,3b107df5,male,Lesotho,11,,,,,batter,,derived:role_from_usage/v1,0.68,false
Muhammad Yasin,57888f3c,male,Spain,11,,,,,batter,,derived:role_from_usage/v1,0.68,false
LN Shabalala,21548315,female,Eswatini,11,,,,,batter,,derived:role_from_usage/v1,0.68,false
Shahrukh Quddus,a80cc0cc,male,Kuwait,11,,,,,bowler,,derived:role_from_usage/v1,0.68,false
P Mustard,1b6fef02,male,England,11,,,,,wicketkeeper-batter,yes,derived:role_from_usage/v1 | derived:keeper_inference_aggregate/v1,0.68 | 0.97,false
P Dakainivanua,5485c999,male,Fiji,11,,,,,bowler,,derived:role_from_usage/v1,0.68,false
LR Doolan,4ab6d138,female,New Zealand,11,,,,,all-rounder,,derived:role_from_usage/v1,0.68,false
Asad Mahmood,5038c022,male,Switzerland,11,,,,,batter,,derived:role_from_usage/v1,0.68,false
CH Abeyratne,ef423744,female,Singapore,11,,,,,batting all-rounder,,derived:role_from_usage/v1,0.68,false
L Rajadurai,0d0d3eeb,female,Papua New Guinea,11,,,,,batter,,derived:role_from_usage/v1,0.68,false
AS Wikman,a3b7bcbd,female,Italy,11,,,,,batter,,derived:role_from_usage/v1,0.68,false
N Kakor,1bc685ee,female,Vanuatu,11,,,,,bowler,,derived:role_from_usage/v1,0.68,false
R Nath,126f1e28,male,Turkey,11,,,,,batter,,derived:role_from_usage/v1,0.68,false
SS Prabhudessai,9385de2e,male,Royal Challengers Bangalore;Royal Challengers Bengaluru,11,,,,,batter,,derived:role_from_usage/v1,0.68,false
Suzan Turan,fec8377a,female,Turkey,11,,,,,batting all-rounder,,derived:role_from_usage/v1,0.68,false
DV Macome,af4c15c5,male,Mozambique,11,,,,,batting all-rounder,,derived:role_from_usage/v1,0.68,false
LA Simango,16084b50,male,Mozambique,11,,,,,bowler,,derived:role_from_usage/v1,0.68,false
Arsalan Arif,cc65e4a4,male,Austria,11,,,,,batter,,derived:role_from_usage/v1,0.68,false
V Ateak,65a60be7,male,Ghana,11,,,,,bowler,,derived:role_from_usage/v1,0.68,false
Bosco Tuyizere,3c370b92,male,Rwanda,11,,,,,batter,,derived:role_from_usage/v1,0.68,false
R Kumar,2df874e6,male,Romania,11,,,,,all-rounder,,derived:role_from_usage/v1,0.68,false
Bukhar Illikkal,f4a2d087,male,Qatar,11,,,,,bowler,,derived:role_from_usage/v1,0.68,false
L Monanthane,07e5bda2,male,Lesotho,11,,,,,bowler,,derived:role_from_usage/v1,0.68,false
Muhammad Murad,df3947f4,male,Qatar,11,,,,,bowler,,derived:role_from_usage/v1,0.68,false
MW Parkinson,19708692,male,England,11,,,,,bowler,,derived:role_from_usage/v1,0.68,false
MA Tsemane,71eb9780,female,Lesotho,11,,,,,bowler,,derived:role_from_usage/v1,0.68,false
Adnan Mirza,745c3cbc,male,Qatar,11,,,,,all-rounder,,derived:role_from_usage/v1,0.68,false
A Simelane,ebb74564,male,South Africa,11,,,,,bowler,,derived:role_from_usage/v1,0.68,false
SRH Curtis,aa89a853,female,New Zealand,11,,,,,batter,,derived:role_from_usage/v1,0.68,false
SP Khakurel,9a6b71d1,male,Nepal,11,,,,,batter,yes,derived:role_from_usage/v1 | derived:keeper_inference_aggregate/v1,0.68 | 0.71,false
M Gherasim,692d4cbe,male,Romania,11,,,,,batter,,derived:role_from_usage/v1,0.68,false
Azhar Andani,b5bd99da,male,Portugal,11,,,,,batter,,derived:role_from_usage/v1,0.68,false
M Carlot,dac46b52,female,Vanuatu,11,,,,,batter,,derived:role_from_usage/v1,0.68,false
Atharva Taide,1ac746c8,male,Punjab Kings;Sunrisers Hyderabad,10,,,,,batter,,derived:role_from_usage/v1,0.67,false
G Fontenla,581eec7e,female,Scotland,10,,,,,bowler,,derived:role_from_usage/v1,0.67,false
R Sewwandi,c88d3ef1,female,Sri Lanka,10,,,,,batting all-rounder,,derived:role_from_usage/v1,0.67,false
S Chattergoon,122108d8,male,West Indies,10,,,,,batting all-rounder,,derived:role_from_usage/v1,0.67,false
T Ramabitsa,3a341948,female,Lesotho,10,,,,,all-rounder,,derived:role_from_usage/v1,0.67,false
C Murrombe,2cf802eb,female,Mozambique,10,,,,,batting all-rounder,,derived:role_from_usage/v1,0.67,false
M Desmond,7ec52f4a,female,Nigeria,10,,,,,bowler,,derived:role_from_usage/v1,0.67,false
R Achando,88ea490f,female,Kenya,10,,,,,wicketkeeper-batter,yes,derived:role_from_usage/v1 | derived:keeper_inference_aggregate/v1,0.67 | 0.88,false
M Jevdjenovic,3be2b0a3,female,Serbia,10,,,,,all-rounder,,derived:role_from_usage/v1,0.67,false
M Enkhzul,5f45a88b,female,Mongolia,10,,,,,bowler,,derived:role_from_usage/v1,0.67,false
C Lokuge,f805e474,female,Estonia,10,,,,,all-rounder,,derived:role_from_usage/v1,0.67,false
E Cleator,9c94176e,female,Isle of Man,10,,,,,batter,,derived:role_from_usage/v1,0.67,false
D Murphy,c4f42529,female,Isle of Man,10,,,,,batting all-rounder,,derived:role_from_usage/v1,0.67,false
Ananya Sarma,0bb03efc,female,Singapore,10,,,,,batter,,derived:role_from_usage/v1,0.67,false
R Khullar,76a5e857,female,Finland,10,,,,,batting all-rounder,,derived:role_from_usage/v1,0.67,false
T Mulepati,cb83a7df,female,Finland,10,,,,,all-rounder,,derived:role_from_usage/v1,0.67,false
Nasra Mohamedi,754c719b,female,Tanzania,10,,,,,batter,,derived:role_from_usage/v1,0.67,false
S Ashwathnarayana,8f8d30be,male,Hungary,10,,,,,batter,,derived:role_from_usage/v1,0.67,false
Gurpratap Singh,49235be5,male,Cyprus,10,,,,,all-rounder,,derived:role_from_usage/v1,0.67,false
Ahsan Khan,4c72b407,male,Bulgaria,10,,,,,bowler,,derived:role_from_usage/v1,0.67,false
RGA Amah,90f9aedf,male,Cameroon,10,,,,,batter,,derived:role_from_usage/v1,0.67,false
Ali Hasan,cae17490,male,Italy,10,,,,,bowler,,derived:role_from_usage/v1,0.67,false
Shunan Ali,3b2ca392,male,Maldives,10,,,,,bowler,,derived:role_from_usage/v1,0.67,false
V Zanko,4a78f962,male,Croatia,10,,,,,batting all-rounder,,derived:role_from_usage/v1,0.67,false
Sajid Khan,54909313,male,Croatia,10,,,,,batting all-rounder,,derived:role_from_usage/v1,0.67,false
SJ Hughes-Pinan,ca72ea31,male,Spain,10,,,,,bowler,,derived:role_from_usage/v1,0.67,false
Hassan Khan Mohammad,a46de6e0,male,Hong Kong,10,,,,,bowler,,derived:role_from_usage/v1,0.67,false
Kaushal Kumar,8cc37805,male,Mexico,10,,,,,batter,occasional,derived:role_from_usage/v1 | derived:keeper_inference_aggregate/v1,0.67 | 0.64,false
Ashish Bam,4a70ca45,male,Cyprus,10,,,,,batter,,derived:role_from_usage/v1,0.67,false
Nasibullah Arab,99926083,male,France,10,,,,,batter,,derived:role_from_usage/v1,0.67,false
Nooruddin Mujadady,fcd92ab0,male,Germany,10,,,,,bowler,,derived:role_from_usage/v1,0.67,false
MA Algi,17f507e7,male,Mozambique,10,,,,,batting all-rounder,,derived:role_from_usage/v1,0.67,false
RJ Ainsworth,b6924e3f,male,Hungary,10,,,,,batting all-rounder,,derived:role_from_usage/v1,0.67,false
P Nedeljkovic,87e87dd2,male,Serbia,10,,,,,bowler,,derived:role_from_usage/v1,0.67,false
S Kaushik,1da489ff,male,Gujarat Lions,10,,,,,bowler,,derived:role_from_usage/v1,0.67,false
MO Odumbe,45477249,male,Kenya,10,,,,,all-rounder,,derived:role_from_usage/v1,0.67,false
Bipin Kumar,c821e504,male,Qatar,10,,,,,bowler,,derived:role_from_usage/v1,0.67,false
H Niaz,d0e2e8ea,male,France,10,,,,,batter,,derived:role_from_usage/v1,0.67,false
J Chialoufas,90eac542,male,Cyprus,10,,,,,batter,,derived:role_from_usage/v1,0.67,false
LS Baker,441b1b20,male,West Indies,10,,,,,bowler,,derived:role_from_usage/v1,0.67,false
Iftikhar Kankhel,449d4f17,male,Belgium,10,,,,,bowler,,derived:role_from_usage/v1,0.67,false
N Saini,addbde6c,male,Kings XI Punjab,10,,,,,wicketkeeper-batter,yes,derived:role_from_usage/v1 | derived:keeper_inference_aggregate/v1,0.67 | 0.72,false
I Uboh,baf3cf01,male,Nigeria,10,,,,,batting all-rounder,,derived:role_from_usage/v1,0.67,false
RR Raje,5f4e9e8f,male,Mumbai Indians,10,,,,,bowler,,derived:role_from_usage/v1,0.67,false
AB McDonald,16043342,male,Delhi Daredevils;Royal Challengers Bangalore,10,,,,,all-rounder,,derived:role_from_usage/v1,0.67,false
LK Hamilton,c347ffe6,female,Australia;Delhi Capitals,10,,,,,bowler,,derived:role_from_usage/v1,0.67,false
Miria Raio,1af5cef2,female,Papua New Guinea,10,,,,,batter,,derived:role_from_usage/v1,0.67,false
Tanveer Ahmed,571f11e4,male,Hong Kong,10,,,,,bowler,,derived:role_from_usage/v1,0.67,false
D Bau,9db20c92,male,Papua New Guinea,10,,,,,wicketkeeper-batter,yes,derived:role_from_usage/v1 | derived:keeper_inference_aggregate/v1,0.67 | 0.88,false
P Subrayen,7ec9711d,male,South Africa,10,,,,,bowler,,derived:role_from_usage/v1,0.67,false
V Frank,4f58d65d,female,Papua New Guinea,10,,,,,batting all-rounder,,derived:role_from_usage/v1,0.67,false
M Sankoh,4206b29c,female,Sierra Leone,10,,,,,batter,,derived:role_from_usage/v1,0.67,false
Zheng Lili,9c2bb7da,female,China,10,,,,,all-rounder,,derived:role_from_usage/v1,0.67,false
S Miyaji,3aca2ed5,female,Japan,10,,,,,all-rounder,,derived:role_from_usage/v1,0.67,false
Kerry Fraser,8bebbcd4,female,Luxembourg,10,,,,,all-rounder,,derived:role_from_usage/v1,0.67,false
M Nikolic,852f74c8,female,Serbia,10,,,,,batter,,derived:role_from_usage/v1,0.67,false
M Trajkovi,2f208ab6,female,Serbia,10,,,,,batting all-rounder,,derived:role_from_usage/v1,0.67,false
J Tugsjargal,e7af8a61,female,Mongolia,10,,,,,batting all-rounder,,derived:role_from_usage/v1,0.67,false
Chayanisa Phengpaen,ab45cae8,female,Thailand,10,,,,,batting all-rounder,,derived:role_from_usage/v1,0.67,false
N Mamba,f99b9970,female,Eswatini,10,,,,,batting all-rounder,,derived:role_from_usage/v1,0.67,false
S Samuels,d852095e,female,Cook Islands,10,,,,,bowler,,derived:role_from_usage/v1,0.67,false
A Rameshan,f0f9d832,female,Malta,10,,,,,all-rounder,,derived:role_from_usage/v1,0.67,false
J Abwom,8d634767,female,Kenya,10,,,,,batter,,derived:role_from_usage/v1,0.67,false
Ali Yalmaz,026e1314,male,Hungary,10,,,,,batting all-rounder,,derived:role_from_usage/v1,0.67,false
Nestor Dhamba,b878fc9a,male,Oman,10,,,,,bowler,,derived:role_from_usage/v1,0.67,false
Shahab Alam,cdd9fa95,male,Nepal,10,,,,,bowler,,derived:role_from_usage/v1,0.67,false
A Mutreja,a2ec22d2,male,Singapore,10,,,,,batter,,derived:role_from_usage/v1,0.67,false
Aftab Hussain,3c6b4b2b,male,Hong Kong,10,,,,,bowler,,derived:role_from_usage/v1,0.67,false
A Chenthamara,e7e14ecc,male,Kuwait,10,,,,,bowler,,derived:role_from_usage/v1,0.67,false
R Edwards,4c5a72e2,male,Cayman Islands,10,,,,,bowler,,derived:role_from_usage/v1,0.67,false
R Francis,06b766f4,male,St Helena,10,,,,,batting all-rounder,,derived:role_from_usage/v1,0.67,false
MS Diakite,69795fcd,male,Mali,10,,,,,batter,,derived:role_from_usage/v1,0.67,false
SG Diaby,fe3e9880,male,Mali,10,,,,,bowler,,derived:role_from_usage/v1,0.67,false
Tian Sen Qun,3883402f,male,China,10,,,,,all-rounder,,derived:role_from_usage/v1,0.67,false
E Packard,03b9ec54,male,Gibraltar;Luxembourg,10,,,,,all-rounder,,derived:role_from_usage/v1,0.67,false
L Bonner,fd94c29f,male,Belize,10,,,,,all-rounder,,derived:role_from_usage/v1,0.67,false
O Casasola,15fe1668,male,Belize,10,,,,,batting all-rounder,,derived:role_from_usage/v1,0.67,false
Chare Smith,4e1b7998,male,Bermuda,10,,,,,bowler,,derived:role_from_usage/v1,0.67,false
IY Mckeon,59ff3c57,female,France,10,,,,,batting all-rounder,,derived:role_from_usage/v1,0.67,false
PKM Mahawattage,a413b433,female,France,10,,,,,bowler,,derived:role_from_usage/v1,0.67,false
Mehak Thakur,cf712c6d,female,United Arab Emirates,10,,,,,batter,,derived:role_from_usage/v1,0.67,false
Rithika Rajith,dccab4f3,female,United Arab Emirates,10,,,,,batter,,derived:role_from_usage/v1,0.67,false
Archara Supriya,b245cd8b,female,United Arab Emirates,10,,,,,batting all-rounder,,derived:role_from_usage/v1,0.67,false
PJ van Biljon,4025c262,male,South Africa,10,,,,,batter,,derived:role_from_usage/v1,0.67,false
GH O'Brien,7bbeac6d,male,Bermuda,10,,,,,bowler,,derived:role_from_usage/v1,0.67,false
S Hojholt,1a14aefd,female,Denmark,10,,,,,batter,occasional,derived:role_from_usage/v1 | derived:keeper_inference_aggregate/v1,0.67 | 0.64,false
T Ritawa,1c8ada57,male,Cook Islands,10,,,,,batting all-rounder,,derived:role_from_usage/v1,0.67,false
H Rashid,725c73f2,male,Eswatini,10,,,,,all-rounder,,derived:role_from_usage/v1,0.67,false
Breeze Ahir,da09ca26,male,Panama,10,,,,,batter,,derived:role_from_usage/v1,0.67,false
W Jaffer,619aa81f,male,India;Royal Challengers Bangalore,10,,,,,batter,,derived:role_from_usage/v1,0.67,false
S Naidu,ff20c3ed,female,South Africa,10,,,,,bowler,,derived:role_from_usage/v1,0.67,false
M Zondeki,9b75e4f1,male,Africa XI;South Africa,10,,,,,bowler,,derived:role_from_usage/v1,0.67,false
KO Meth,9fbc7bc4,male,Zimbabwe,10,,,,,bowler,,derived:role_from_usage/v1,0.67,false
AM Samad,513158ed,male,Canada,10,,,,,batting all-rounder,,derived:role_from_usage/v1,0.67,false
SD Outerbridge,9295145b,male,Bermuda,10,,,,,batter,,derived:role_from_usage/v1,0.67,false
Waheeda Akhtar,792d0178,female,Pakistan,10,,,,,bowler,,derived:role_from_usage/v1,0.67,false
G Madanayake,cc72f8df,female,Estonia,10,,,,,all-rounder,,derived:role_from_usage/v1,0.67,false
J Erdenesuvd,24dacf72,female,Mongolia,10,,,,,all-rounder,,derived:role_from_usage/v1,0.67,false
R Cenik,050009d9,female,Turkey,10,,,,,batter,occasional,derived:role_from_usage/v1 | derived:keeper_inference_aggregate/v1,0.67 | 0.64,false
D Tekyildirim,ae5f7b63,female,Turkey,10,,,,,batting all-rounder,,derived:role_from_usage/v1,0.67,false
Mirab Sajjad,41db4d1f,female,Norway,10,,,,,batter,,derived:role_from_usage/v1,0.67,false
P Jayawickrama,b7d1eadd,male,Sri Lanka,10,,,,,bowler,,derived:role_from_usage/v1,0.67,false
Tejwinder Singh,ad37baac,male,Cyprus,10,,,,,bowler,,derived:role_from_usage/v1,0.67,false
Naveena Shetty,dd968a7b,male,Bahrain,10,,,,,batter,,derived:role_from_usage/v1,0.67,false
Ibrahim Kpaka,41d333e3,male,Sierra Leone,10,,,,,batter,,derived:role_from_usage/v1,0.67,false
Karan Singh,56a94565,male,Cyprus,10,,,,,bowler,,derived:role_from_usage/v1,0.67,false
DB Lakhani,03adc956,male,Sweden,10,,,,,batting all-rounder,,derived:role_from_usage/v1,0.67,false
KY Wilfried,5e72608f,male,Ivory Coast,10,,,,,all-rounder,,derived:role_from_usage/v1,0.67,false
DKJ Claude,096601c5,male,Ivory Coast,10,,,,,batting all-rounder,,derived:role_from_usage/v1,0.67,false
MC Alex,3a200eb2,male,Ivory Coast,10,,,,,all-rounder,,derived:role_from_usage/v1,0.67,false
N Ndzeute,63b1093f,male,Mozambique,10,,,,,bowler,,derived:role_from_usage/v1,0.67,false
DAP Darrell,56f53516,male,Bermuda,10,,,,,batter,,derived:role_from_usage/v1,0.67,false
Parvindar Kumar,7a27bee5,male,Kuwait,10,,,,,batting all-rounder,,derived:role_from_usage/v1,0.67,false
Muhammet Bicer,7990dc16,male,Turkey,10,,,,,batting all-rounder,,derived:role_from_usage/v1,0.67,false
Javed Maroofkhail,909d9fac,male,Norway,10,,,,,batter,,derived:role_from_usage/v1,0.67,false
MP Kulkarni,418787e5,female,United Arab Emirates,10,,,,,batter,,derived:role_from_usage/v1,0.67,false
Ehsan Adil,210b05cb,male,Pakistan;United States of America,10,,,,,bowler,,derived:role_from_usage/v1,0.67,false
NB Mahwire,0cc343b0,male,Zimbabwe,10,,,,,bowler,,derived:role_from_usage/v1,0.67,false
LP van Troost,34d2ca48,male,Netherlands,10,,,,,batting all-rounder,,derived:role_from_usage/v1,0.67,false
F Najjumba,791dca18,female,Uganda,10,,,,,batting all-rounder,,derived:role_from_usage/v1,0.67,false
M Ndhambi,76e56ac6,female,Kenya,10,,,,,batting all-rounder,,derived:role_from_usage/v1,0.67,false
U Iftikhar,73ff4720,female,United States of America,10,,,,,all-rounder,,derived:role_from_usage/v1,0.67,false
O Asika,b03285bf,female,Nigeria,10,,,,,batter,,derived:role_from_usage/v1,0.67,false
SH Lawlor,29342bbe,female,Luxembourg,10,,,,,batting all-rounder,,derived:role_from_usage/v1,0.67,false
T Ariuntsetseg,2f8c4e6e,female,Mongolia,10,,,,,all-rounder,,derived:role_from_usage/v1,0.67,false
Taj Nehar,426eaf06,female,Bangladesh,10,,,,,batter,,derived:role_from_usage/v1,0.67,false
Kulwinderjeet Singh,f4d1184a,male,Philippines,10,,,,,batter,,derived:role_from_usage/v1,0.67,false
SM Tupou,a02b9f81,male,Fiji,10,,,,,all-rounder,,derived:role_from_usage/v1,0.67,false
J Baleicikoibia,30a307d3,male,Fiji,10,,,,,batting all-rounder,,derived:role_from_usage/v1,0.67,false
C Webster,f7bf6004,male,Isle of Man,10,,,,,batter,,derived:role_from_usage/v1,0.67,false
Z Makadji,7fcaa9f4,male,Mali,10,,,,,batter,occasional,derived:role_from_usage/v1 | derived:keeper_inference_aggregate/v1,0.67 | 0.64,false
A Oxley,d1317833,male,Belize,10,,,,,batter,,derived:role_from_usage/v1,0.67,false
DNA Ankrah,c6614fc0,male,Ghana;Nigeria,10,,,,,batting all-rounder,,derived:role_from_usage/v1,0.67,false
Aditya Panwar,77e321db,male,Estonia,10,,,,,batting all-rounder,,derived:role_from_usage/v1,0.67,false
A Martin,3cacbb57,male,West Indies,10,,,,,bowler,,derived:role_from_usage/v1,0.67,false
K Dangol,db080f9d,female,Nepal,10,,,,,batting all-rounder,,derived:role_from_usage/v1,0.67,false
M Kudimba,24ce1fcb,female,Malawi,10,,,,,batter,occasional,derived:role_from_usage/v1 | derived:keeper_inference_aggregate/v1,0.67 | 0.64,false
MD Choudhary,1c84109e,male,Lucknow Super Giants,10,,,,,batter,,derived:role_from_usage/v1,0.67,false
M Ramafifi,40d1b7bd,female,Botswana,10,,,,,bowler,,derived:role_from_usage/v1,0.67,false
G Mallett,95bf6b2a,female,Jersey,10,,,,,bowler,,derived:role_from_usage/v1,0.67,false
MV Matsau,dad64776,male,Lesotho,10,,,,,batting all-rounder,,derived:role_from_usage/v1,0.67,false
Amaya Rajapaksha,9b52731d,female,Italy,10,,,,,batting all-rounder,,derived:role_from_usage/v1,0.67,false
B Mejaro,6bd0d89e,male,Lesotho,10,,,,,bowler,,derived:role_from_usage/v1,0.67,false
Zeeshan Ansari,36619795,male,Sunrisers Hyderabad,10,,,,,bowler,,derived:role_from_usage/v1,0.67,false
RD de Sousa,2901e489,female,Brazil,10,,,,,all-rounder,,derived:role_from_usage/v1,0.67,false
E Kabwere,b6358ee8,female,Malawi,10,,,,,bowler,,derived:role_from_usage/v1,0.67,false
G Obukor,1b378842,female,Uganda,10,,,,,batting all-rounder,,derived:role_from_usage/v1,0.67,false
Urvil Patel,cf59b3f0,male,Chennai Super Kings,10,,,,,batter,,derived:role_from_usage/v1,0.67,false
N Acawei,93c8799e,male,Fiji,10,,,,,batter,,derived:role_from_usage/v1,0.67,false
Muzahir Raza,60606200,male,Oman,10,,,,,bowler,,derived:role_from_usage/v1,0.67,false
H Khuttan,9c48bdee,male,Portugal,10,,,,,all-rounder,,derived:role_from_usage/v1,0.67,false
RC Irani,f011dfa3,male,England,10,,,,,bowler,,derived:role_from_usage/v1,0.67,false
N Jagadish,d6ec9f9f,female,Oman,10,,,,,batting all-rounder,,derived:role_from_usage/v1,0.67,false
AA Paradkar,96f5b685,male,United States of America,10,,,,,bowler,,derived:role_from_usage/v1,0.67,false
Sheikh Rasik,5f25b104,male,Hungary,10,,,,,all-rounder,,derived:role_from_usage/v1,0.67,false
Aminul Islam,f8ce577b,male,Bangladesh,10,,,,,bowler,,derived:role_from_usage/v1,0.67,false
AB Sharma,9b3b9987,female,Gujarat Giants;India,10,,,,,batter,,derived:role_from_usage/v1,0.67,false
Dilini Ishara,f45efeca,female,Cyprus,10,,,,,batter,,derived:role_from_usage/v1,0.67,false
Aziz Sualley,118b0a7c,male,Ghana,10,,,,,batting all-rounder,,derived:role_from_usage/v1,0.67,false
L Wykes-Templeman,46c9b2bc,female,France,10,,,,,batter,,derived:role_from_usage/v1,0.67,false
Khusboo Kandpal,54a10889,female,Luxembourg,10,,,,,all-rounder,,derived:role_from_usage/v1,0.67,false
Divya Kandpal,32b8d4fe,female,Luxembourg,10,,,,,batting all-rounder,,derived:role_from_usage/v1,0.67,false
LA Musiani,efbd35a9,male,Argentina,10,,,,,batting all-rounder,,derived:role_from_usage/v1,0.67,false
KC Brathwaite,7d5af2ea,male,West Indies,10,,,,,all-rounder,,derived:role_from_usage/v1,0.67,false
ZN Shabalala,c0a87b5d,female,Eswatini,10,,,,,batter,,derived:role_from_usage/v1,0.67,false
Mohammad Tauqir,eb7af112,male,United Arab Emirates,10,,,,,bowler,,derived:role_from_usage/v1,0.67,false
B Wani,a651cd4d,female,Estonia,10,,,,,batting all-rounder,,derived:role_from_usage/v1,0.67,false
Sheraz Sirwari,b2431c60,male,Switzerland,10,,,,,bowler,,derived:role_from_usage/v1,0.67,false
TJ Mahe,3c5b2e9e,female,Lesotho,10,,,,,batting all-rounder,,derived:role_from_usage/v1,0.67,false
OSB Tilley,3ddd957f,male,Croatia,10,,,,,batting all-rounder,,derived:role_from_usage/v1,0.67,false
PS Airee,cc18ba92,male,Nepal,10,,,,,batter,occasional,derived:role_from_usage/v1 | derived:keeper_inference_aggregate/v1,0.67 | 0.64,false
Ali Hussain,b8fe81be,male,Romania,10,,,,,bowler,,derived:role_from_usage/v1,0.67,false
Raza-ur-Rehman,d146924b,male,Canada,10,,,,,all-rounder,,derived:role_from_usage/v1,0.67,false
Bakhtiar Tahiri,a9ee404e,male,Bulgaria,10,,,,,batting all-rounder,,derived:role_from_usage/v1,0.67,false
SHA Rance,69c994e4,male,New Zealand,10,,,,,bowler,,derived:role_from_usage/v1,0.67,false
C Forbes,8a9e3cd0,male,Eswatini;Swaziland,10,,,,,batter,,derived:role_from_usage/v1,0.67,false
Naeem Gull,4c49c917,male,Eswatini;Swaziland,10,,,,,batter,,derived:role_from_usage/v1,0.67,false
D Vrinda,3a015a5f,female,UP Warriorz,10,,,,,batter,,derived:role_from_usage/v1,0.67,false
AK Peters,badd245f,female,West Indies,10,,,,,bowler,,derived:role_from_usage/v1,0.67,false
S Sheridan,2d093c80,female,Finland,10,,,,,batter,,derived:role_from_usage/v1,0.67,false
S Ozkunduz,25850e31,female,Turkey,10,,,,,all-rounder,,derived:role_from_usage/v1,0.67,false
N Advani,e4f6147b,male,Gibraltar,10,,,,,batting all-rounder,,derived:role_from_usage/v1,0.67,false
Ashwani Kumar,d45c29b1,male,Mumbai Indians,10,,,,,bowler,,derived:role_from_usage/v1,0.67,false
WJ Malinda,8f5313ce,male,Maldives,10,,,,,batting all-rounder,,derived:role_from_usage/v1,0.67,false
S Toffoletto,9e498eac,female,Italy,10,,,,,batter,,derived:role_from_usage/v1,0.67,false
S Muthusamy,7dfb8890,male,South Africa,10,,,,,bowler,,derived:role_from_usage/v1,0.67,false
A Kaul,53d0b0dc,male,Singapore,10,,,,,batting all-rounder,,derived:role_from_usage/v1,0.67,false
Shahbaz Badar,23eedcd3,male,Bahrain,10,,,,,wicketkeeper-batter,yes,derived:role_from_usage/v1 | derived:keeper_inference_aggregate/v1,0.67 | 0.72,false
R Airee,4b3057bc,female,Nepal,10,,,,,batting all-rounder,,derived:role_from_usage/v1,0.67,false
SK Dolawatte,bd8139a1,female,Sri Lanka,10,,,,,all-rounder,,derived:role_from_usage/v1,0.67,false
Jing Yang,03f1a623,female,China,10,,,,,wicketkeeper-batter,yes,derived:role_from_usage/v1 | derived:keeper_inference_aggregate/v1,0.67 | 0.72,false
Ahmad Khalid Ahmadzai,e4ad57ea,male,Belgium,10,,,,,bowler,,derived:role_from_usage/v1,0.67,false
LA Goncalves,40ff8e58,male,Brazil,10,,,,,batting all-rounder,,derived:role_from_usage/v1,0.67,false
C Brits,d8cd0b9b,female,South Africa,10,,,,,batter,,derived:role_from_usage/v1,0.67,false
MEMO Scott-Hayward,e1556297,female,Ireland,10,,,,,all-rounder,,derived:role_from_usage/v1,0.67,false
P Florin,c9c356e2,male,Romania,10,,,,,batting all-rounder,,derived:role_from_usage/v1,0.67,false
Mohamed Mahfooz,44f5a3e4,male,Maldives,10,,,,,bowler,,derived:role_from_usage/v1,0.67,false
Khuzaima Tanveer,a3690f55,male,United Arab Emirates,10,,,,,bowler,,derived:role_from_usage/v1,0.67,false
Muhammad Kashif,e7458e4b,male,Kuwait,10,,,,,batting all-rounder,,derived:role_from_usage/v1,0.67,false
Baz Aybui,58a7f842,male,Sweden,10,,,,,bowler,,derived:role_from_usage/v1,0.67,false
Zeeshan Goraya,72ae14d0,male,Austria,10,,,,,all-rounder,,derived:role_from_usage/v1,0.67,false
E Haven,5190900f,male,Bahamas,10,,,,,batting all-rounder,,derived:role_from_usage/v1,0.67,false
P Hatchman,b504e8b8,male,Gibraltar,10,,,,,batter,,derived:role_from_usage/v1,0.67,false
M Stolt,e7cae029,female,Finland,10,,,,,batter,,derived:role_from_usage/v1,0.67,false
M Fontaine,1339f52a,male,Hungary,10,,,,,batting all-rounder,,derived:role_from_usage/v1,0.67,false
Emma Patel,030a38e0,female,France,10,,,,,batting all-rounder,,derived:role_from_usage/v1,0.67,false
EL Arlott,78fd864b,female,England,10,,,,,bowler,,derived:role_from_usage/v1,0.67,false
R Sekaran,5da43a10,male,Estonia,10,,,,,wicketkeeper-batter,yes,derived:role_from_usage/v1 | derived:keeper_inference_aggregate/v1,0.67 | 0.97,false
Syed Aqeel Israr,4286e899,male,Ghana,10,,,,,bowler,,derived:role_from_usage/v1,0.67,false
A Bester,047d293e,female,France,10,,,,,bowler,,derived:role_from_usage/v1,0.67,false
H Nguyen,8047ca8c,female,Finland,10,,,,,batting all-rounder,occasional,derived:role_from_usage/v1 | derived:keeper_inference_aggregate/v1,0.67 | 0.64,false
AL Seddon,d12ec7b3,female,France,10,,,,,all-rounder,,derived:role_from_usage/v1,0.67,false
A Akurut,b93b7337,female,Uganda,10,,,,,bowler,,derived:role_from_usage/v1,0.67,false
KS Bharat,44a89551,male,Delhi Capitals;Royal Challengers Bangalore,10,,,,,batter,occasional,derived:role_from_usage/v1 | derived:keeper_inference_aggregate/v1,0.67 | 0.64,false
Zeeshan Ali,2c89dbf9,male,Estonia,10,,,,,all-rounder,,derived:role_from_usage/v1,0.67,false
DD Kasat,fc0155d9,female,Royal Challengers Bangalore,10,,,,,batter,,derived:role_from_usage/v1,0.67,false
Yogev Nagavkar,c85bea6b,male,Israel,10,,,,,batter,,derived:role_from_usage/v1,0.67,false
SJ Patel,6a091f62,male,Czech Republic,10,,,,,batting all-rounder,,derived:role_from_usage/v1,0.67,false
SC de Oliveira,91ae10e1,male,Portugal,10,,,,,all-rounder,,derived:role_from_usage/v1,0.67,false
Harry Johnson,80b92515,male,Guernsey,10,,,,,bowler,,derived:role_from_usage/v1,0.67,false
NA Karnik,835a58da,male,Singapore,10,,,,,bowler,,derived:role_from_usage/v1,0.67,false
Himmat Singh,ebcfef83,male,Lucknow Super Giants,9,,,,,batter,,derived:role_from_usage/v1,0.65,false
MDT Kamini,fefe8d52,female,India,9,,,,,batting all-rounder,,derived:role_from_usage/v1,0.65,false
SK Springer,4175d211,male,West Indies,9,,,,,bowler,,derived:role_from_usage/v1,0.65,false
CM Wright,008589a4,male,Scotland,9,,,,,bowler,,derived:role_from_usage/v1,0.65,false
Nur Nadihirah,0877eba5,female,Malaysia,9,,,,,bowler,,derived:role_from_usage/v1,0.65,false
Adama Kamara,e45ac860,female,Sierra Leone,9,,,,,batting all-rounder,,derived:role_from_usage/v1,0.65,false
Zhang Mei,d6660d9b,female,China,9,,,,,batter,,derived:role_from_usage/v1,0.65,false
F Song,72a025a0,female,China,9,,,,,batting all-rounder,,derived:role_from_usage/v1,0.65,false
S Khadka,c96e51ba,female,Nepal,9,,,,,batting all-rounder,,derived:role_from_usage/v1,0.65,false
A Stoilova,c602c725,female,Bulgaria,9,,,,,batting all-rounder,,derived:role_from_usage/v1,0.65,false
P Senjug,1c03d322,female,Croatia,9,,,,,all-rounder,,derived:role_from_usage/v1,0.65,false
C Crowe,9b671b41,female,Isle of Man,9,,,,,batter,,derived:role_from_usage/v1,0.65,false
C Agafili,b9bb76c8,female,Samoa,9,,,,,batting all-rounder,,derived:role_from_usage/v1,0.65,false
M Cope,c83c594d,male,Luxembourg,9,,,,,bowler,,derived:role_from_usage/v1,0.65,false
DKD Warnakulasuriya,832b77c6,male,Italy,9,,,,,bowler,,derived:role_from_usage/v1,0.65,false
HL Harji,29663fda,male,Seychelles,9,,,,,bowler,,derived:role_from_usage/v1,0.65,false
E Ernest,4a2159dc,male,Sierra Leone,9,,,,,bowler,,derived:role_from_usage/v1,0.65,false
CB Ondoa,b3179e21,male,Cameroon,9,,,,,batter,,derived:role_from_usage/v1,0.65,false
S Chaudhary,24c1844e,male,Czech Republic,9,,,,,bowler,,derived:role_from_usage/v1,0.65,false
RA Reifer,d7725664,male,West Indies,9,,,,,bowler,,derived:role_from_usage/v1,0.65,false
Azam Khalil,ff1e08eb,male,Sweden,9,,,,,all-rounder,,derived:role_from_usage/v1,0.65,false
Muhammad Fahim,5c57229d,male,Belgium,9,,,,,bowler,,derived:role_from_usage/v1,0.65,false
C Bogdanos,ecdfdd3c,male,Greece,9,,,,,batter,,derived:role_from_usage/v1,0.65,false
Ngawang Thinley,cc62ec8a,male,Bhutan,9,,,,,bowler,,derived:role_from_usage/v1,0.65,false
Aslam Bera,bf50e8de,male,Zambia,9,,,,,bowler,,derived:role_from_usage/v1,0.65,false
H Jangariya,0ec2277a,male,Eswatini,9,,,,,wicketkeeper-batter,yes,derived:role_from_usage/v1 | derived:keeper_inference_aggregate/v1,0.65 | 0.97,false
Ajin Soman,23cbe719,male,Malta,9,,,,,bowler,,derived:role_from_usage/v1,0.65,false
PEA Karunarathna,98c13758,male,Finland,9,,,,,bowler,,derived:role_from_usage/v1,0.65,false
Musa Khan Ahmadzai,e901d179,male,Switzerland,9,,,,,bowler,,derived:role_from_usage/v1,0.65,false
Muhammad Soban,a5e1e2d4,male,Hungary,9,,,,,all-rounder,,derived:role_from_usage/v1,0.65,false
Shuvagata Hom,bb01f9e0,male,Bangladesh,9,,,,,batting all-rounder,,derived:role_from_usage/v1,0.65,false
Usman Limbada,b0e08fde,male,Canada,9,,,,,batter,,derived:role_from_usage/v1,0.65,false
S Rani,b3f7066c,female,Bangladesh,9,,,,,batter,,derived:role_from_usage/v1,0.65,false
A Ndlovu,3abe1ef6,male,Zimbabwe,9,,,,,bowler,,derived:role_from_usage/v1,0.65,false
Jassim Khan,67e36e53,male,Qatar,9,,,,,batter,,derived:role_from_usage/v1,0.65,false
I Kamara,38702fb5,male,Sierra Leone,9,,,,,batting all-rounder,,derived:role_from_usage/v1,0.65,false
Zhuang Zelin,a03ee6e1,male,China,9,,,,,batter,,derived:role_from_usage/v1,0.65,false
Wei Guo Lei,87c93848,male,China,9,,,,,batter,,derived:role_from_usage/v1,0.65,false
K Weeraratne,7e38d2de,male,Sri Lanka,9,,,,,all-rounder,,derived:role_from_usage/v1,0.65,false
KDK Vithanage,f3bde2b3,male,Sri Lanka,9,,,,,batter,,derived:role_from_usage/v1,0.65,false
T Holder,41fd2907,female,Barbados;West Indies,9,,,,,batter,,derived:role_from_usage/v1,0.65,false
RL Blake,e2b58daf,female,Romania,9,,,,,batting all-rounder,,derived:role_from_usage/v1,0.65,false
Mudassir Iqbal,63f306ac,male,South Korea,9,,,,,batting all-rounder,,derived:role_from_usage/v1,0.65,false
Nishat Sakib,554f19e4,male,South Korea,9,,,,,batter,,derived:role_from_usage/v1,0.65,false
A Ilaoa,4d733a54,male,Samoa,9,,,,,batter,occasional,derived:role_from_usage/v1 | derived:keeper_inference_aggregate/v1,0.65 | 0.64,false
Karanveer Singh,1647bd37,male,Kings XI Punjab,9,,,,,bowler,,derived:role_from_usage/v1,0.65,false
PLS Gamage,08bae9d5,male,Sri Lanka,9,,,,,bowler,,derived:role_from_usage/v1,0.65,false
S Sankar,69997d9d,male,Saudi Arabia,9,,,,,batter,occasional,derived:role_from_usage/v1 | derived:keeper_inference_aggregate/v1,0.65 | 0.69,false
S Sarthak,9f2c6cd3,male,Bahrain,9,,,,,bowler,,derived:role_from_usage/v1,0.65,false
K Khejroliya,fa2f1dde,male,Gujarat Titans;Kolkata Knight Riders;Royal Challengers Bangalore,9,,,,,bowler,,derived:role_from_usage/v1,0.65,false
Yudhvir Singh,4885bbe6,male,Lucknow Super Giants;Rajasthan Royals,9,,,,,bowler,,derived:role_from_usage/v1,0.65,false
ML Cummins,92aa28fe,male,West Indies,9,,,,,bowler,,derived:role_from_usage/v1,0.65,false
B Siddharth,80de053e,male,Oman,9,,,,,bowler,,derived:role_from_usage/v1,0.65,false
J Blades,af4a9a0a,male,West Indies,9,,,,,bowler,,derived:role_from_usage/v1,0.65,false
Nafees Iqbal,c5b87d8c,male,Bangladesh,9,,,,,batter,,derived:role_from_usage/v1,0.65,false
JAH Marshall,fdac5295,male,New Zealand,9,,,,,batter,,derived:role_from_usage/v1,0.65,false
Wu Juan,4d498084,female,China,9,,,,,bowler,,derived:role_from_usage/v1,0.65,false
S Lomani,b85ac5bb,female,Fiji,9,,,,,batter,occasional,derived:role_from_usage/v1 | derived:keeper_inference_aggregate/v1,0.65 | 0.64,false
R Kanai,54a3d69f,female,Japan,9,,,,,batting all-rounder,,derived:role_from_usage/v1,0.65,false
T Trajkovic,1e630426,female,Serbia,9,,,,,all-rounder,,derived:role_from_usage/v1,0.65,false
N Dolianiti,096149b4,female,Greece,9,,,,,batter,,derived:role_from_usage/v1,0.65,false
K Sequiera,29269e98,female,Portugal,9,,,,,all-rounder,,derived:role_from_usage/v1,0.65,false
IK Cheema,01abe2db,female,Portugal,9,,,,,all-rounder,,derived:role_from_usage/v1,0.65,false
O Hamrikova,caceb014,female,Czech Republic,9,,,,,batter,,derived:role_from_usage/v1,0.65,false
M Modric,31fe1419,female,Croatia,9,,,,,batter,,derived:role_from_usage/v1,0.65,false
A Kato-Stafford,034e7939,female,Japan,9,,,,,all-rounder,,derived:role_from_usage/v1,0.65,false
Asif Bevinje,9865ed99,male,Romania,9,,,,,all-rounder,,derived:role_from_usage/v1,0.65,false
CJ Delany,3bc56bd6,male,Gibraltar,9,,,,,batting all-rounder,,derived:role_from_usage/v1,0.65,false
KB Ahir,214cf493,male,Panama,9,,,,,bowler,,derived:role_from_usage/v1,0.65,false
J Broad,ec5160d7,male,Germany,9,,,,,batting all-rounder,,derived:role_from_usage/v1,0.65,false
Umar Nawaz,1ed476fe,male,Sweden,9,,,,,batter,,derived:role_from_usage/v1,0.65,false
Manoj Adhikari,26529e00,male,Bhutan,9,,,,,wicketkeeper-batter,yes,derived:role_from_usage/v1 | derived:keeper_inference_aggregate/v1,0.65 | 0.82,false
M Yambayamba,40f1590c,male,Zambia,9,,,,,wicketkeeper-batter,yes,derived:role_from_usage/v1 | derived:keeper_inference_aggregate/v1,0.65 | 0.97,false
Ali Rahmon,c9c19700,male,Nigeria,9,,,,,batter,,derived:role_from_usage/v1,0.65,false
Muhammad Naeem,993281c2,male,Cambodia,9,,,,,batter,,derived:role_from_usage/v1,0.65,false
Sohel Patel,9ac70727,male,Panama,9,,,,,batting all-rounder,,derived:role_from_usage/v1,0.65,false
P Suman Bhai Ahir,af3042f1,male,Panama,9,,,,,batter,occasional,derived:role_from_usage/v1 | derived:keeper_inference_aggregate/v1,0.65 | 0.64,false
DK Dahyabhai Ahir,ce9ee68f,male,Panama,9,,,,,bowler,,derived:role_from_usage/v1,0.65,false
Y Jasti,3377f988,male,Mexico,9,,,,,bowler,,derived:role_from_usage/v1,0.65,false
WS Jayantha,858b6611,male,Sri Lanka,9,,,,,batter,,derived:role_from_usage/v1,0.65,false
Enamul Haque jnr,0480aba6,male,Bangladesh,9,,,,,bowler,,derived:role_from_usage/v1,0.65,false
DF Jacobs,de896b79,male,Thailand,9,,,,,batting all-rounder,,derived:role_from_usage/v1,0.65,false
DM Richards,9d0e7c58,male,West Indies,9,,,,,batter,,derived:role_from_usage/v1,0.65,false
NJ Maddinson,44afbf2d,male,Australia;Royal Challengers Bangalore,9,,,,,batter,,derived:role_from_usage/v1,0.65,false
Irfan Ahmed,5c124657,male,Hong Kong,9,,,,,all-rounder,,derived:role_from_usage/v1,0.65,false
AM Guruge,26534b48,male,United Arab Emirates,9,,,,,bowler,,derived:role_from_usage/v1,0.65,false
C Cirlig,9cfee623,female,Romania,9,,,,,batting all-rounder,,derived:role_from_usage/v1,0.65,false
Mashael Waqas,7ea926c6,female,Saudi Arabia,9,,,,,batter,,derived:role_from_usage/v1,0.65,false
Nimra Ghazanfar,9b2159a6,female,Saudi Arabia,9,,,,,wicketkeeper-batter,yes,derived:role_from_usage/v1 | derived:keeper_inference_aggregate/v1,0.65 | 0.97,false
Ashmal Hashmi,9eaf6e16,female,Saudi Arabia,9,,,,,batting all-rounder,,derived:role_from_usage/v1,0.65,false
S Sinha,f0681e8b,female,Belgium,9,,,,,all-rounder,,derived:role_from_usage/v1,0.65,false
Aamir Lal,2472ad2c,male,South Korea,9,,,,,all-rounder,,derived:role_from_usage/v1,0.65,false
M Jobarteh,4a2ce060,male,Gambia,9,,,,,bowler,,derived:role_from_usage/v1,0.65,false
S Vidyut,756389bd,male,Chennai Super Kings,9,,,,,batter,,derived:role_from_usage/v1,0.65,false
NK Patel,a2870fb7,male,Rajasthan Royals,9,,,,,batter,,derived:role_from_usage/v1,0.65,false
Kamran Khan,6ef60d3a,male,Pune Warriors;Rajasthan Royals,9,,,,,bowler,,derived:role_from_usage/v1,0.65,false
S Ladda,fb693839,male,Delhi Daredevils;Gujarat Lions;Kolkata Knight Riders,9,,,,,bowler,,derived:role_from_usage/v1,0.65,false
AGC Vimukthi,87e5a75b,female,Sri Lanka,9,,,,,bowler,,derived:role_from_usage/v1,0.65,false
EMA McLeod,1f1ee021,female,New Zealand,9,,,,,batter,,derived:role_from_usage/v1,0.65,false
Vaishnavi Sharma,86e80bff,female,India;Mumbai Indians,9,,,,,bowler,,derived:role_from_usage/v1,0.65,false
Muhammad Shahdad,a8ac334b,male,United Arab Emirates,9,,,,,all-rounder,,derived:role_from_usage/v1,0.65,false
TL Chivanga,61fb296e,male,Zimbabwe,9,,,,,bowler,,derived:role_from_usage/v1,0.65,false
J Hermann,e87aeca2,male,South Africa,9,,,,,batter,,derived:role_from_usage/v1,0.65,false
MJ Hoggard,dc0f5506,male,England,9,,,,,bowler,,derived:role_from_usage/v1,0.65,false
T Duffin,4a84f573,male,Zimbabwe,9,,,,,batter,,derived:role_from_usage/v1,0.65,false
S Saengsakaorat,6214c0c6,female,Thailand,9,,,,,batter,,derived:role_from_usage/v1,0.65,false
L Jie,78670115,female,China,9,,,,,bowler,,derived:role_from_usage/v1,0.65,false
Sabreen Zaki,d13e5a0d,female,Kuwait,9,,,,,batting all-rounder,,derived:role_from_usage/v1,0.65,false
O Bastin,9b6dde07,female,Jersey,9,,,,,bowler,,derived:role_from_usage/v1,0.65,false
MT Waqanisau,dc86b56a,female,Fiji,9,,,,,all-rounder,,derived:role_from_usage/v1,0.65,false
NJM Salima,13cc5f9d,female,Samoa,9,,,,,batter,,derived:role_from_usage/v1,0.65,false
A Prince,da994dd7,female,Argentina,9,,,,,batting all-rounder,,derived:role_from_usage/v1,0.65,false
Afsheen Ahmed,ebfc9514,female,Portugal,9,,,,,batting all-rounder,,derived:role_from_usage/v1,0.65,false
H Leko,02c8fbfc,female,Croatia,9,,,,,all-rounder,,derived:role_from_usage/v1,0.65,false
JY Masaya,44368e16,female,Philippines,9,,,,,batter,,derived:role_from_usage/v1,0.65,false
Aslam Mohammad,67ae5a56,male,Greece,9,,,,,all-rounder,,derived:role_from_usage/v1,0.65,false
Atif Kamal,f8bd71c9,male,Luxembourg,9,,,,,bowler,,derived:role_from_usage/v1,0.65,false
A Beresford-Peirse,4e7d882f,male,Croatia,9,,,,,all-rounder,,derived:role_from_usage/v1,0.65,false
Gurpreet Singh,f43dcdc1,male,Mexico,9,,,,,all-rounder,,derived:role_from_usage/v1,0.65,false
Saqib Anwar,3847f098,male,Eswatini,9,,,,,bowler,,derived:role_from_usage/v1,0.65,false
M Ibrahim,253bc9d8,male,Ivory Coast,9,,,,,batter,,derived:role_from_usage/v1,0.65,false
Sikander Zulfiqar,3b572f28,male,Netherlands,9,,,,,batting all-rounder,,derived:role_from_usage/v1,0.65,false
PRP Boissevain,a300e810,male,Netherlands,9,,,,,bowler,,derived:role_from_usage/v1,0.65,false
JE Pitcher,ab126ea8,male,Bermuda,9,,,,,batting all-rounder,,derived:role_from_usage/v1,0.65,false
AW Hawkins-Kay,8160713d,male,Jersey,9,,,,,bowler,,derived:role_from_usage/v1,0.65,false
PD Hennessy,a3b9191a,male,Spain,9,,,,,batting all-rounder,,derived:role_from_usage/v1,0.65,false
S Waqas Ahmed,fb27d38c,male,Norway,9,,,,,bowler,,derived:role_from_usage/v1,0.65,false
T Tumursukh,4758488e,male,Mongolia,9,,,,,batting all-rounder,,derived:role_from_usage/v1,0.65,false
PC Connell,5500c675,male,Ireland,9,,,,,bowler,,derived:role_from_usage/v1,0.65,false
TR Birt,d2d4bb0a,male,Australia;Delhi Daredevils,9,,,,,batter,,derived:role_from_usage/v1,0.65,false
Khurram Manzoor,82c78845,male,Pakistan,9,,,,,batter,,derived:role_from_usage/v1,0.65,false
LM Massawe,4f5a53e3,female,Tanzania,9,,,,,wicketkeeper-batter,yes,derived:role_from_usage/v1 | derived:keeper_inference_aggregate/v1,0.65 | 0.97,false
P Seldon,c5dd13c3,female,Bhutan,9,,,,,batter,,derived:role_from_usage/v1,0.65,false
Shohely Akhter,00eefafc,female,Bangladesh,9,,,,,bowler,,derived:role_from_usage/v1,0.65,false
I Muntean,9b88f80e,female,Romania,9,,,,,all-rounder,,derived:role_from_usage/v1,0.65,false
F Qian,39f01c3d,female,China,9,,,,,batter,,derived:role_from_usage/v1,0.65,false
B Pierre,7f50b306,female,Belgium,9,,,,,batting all-rounder,,derived:role_from_usage/v1,0.65,false
TS Waqavakatoga,039cabd9,male,Fiji,9,,,,,bowler,,derived:role_from_usage/v1,0.65,false
DE Roache,110b180a,male,Samoa,9,,,,,batter,,derived:role_from_usage/v1,0.65,false
Raja Shoaib,7b0ea09e,male,South Korea,9,,,,,batter,occasional,derived:role_from_usage/v1 | derived:keeper_inference_aggregate/v1,0.65 | 0.64,false
RV Patel,60500956,male,Delhi Capitals,9,,,,,batter,,derived:role_from_usage/v1,0.65,false
M Siddharth,cf0ccafa,male,Lucknow Super Giants,9,,,,,bowler,,derived:role_from_usage/v1,0.65,false
RJ Gleeson,402f8494,male,Chennai Super Kings;England;Mumbai Indians,9,,,,,bowler,,derived:role_from_usage/v1,0.65,false
Z Crawley,922e1b19,male,England,9,,,,,batter,,derived:role_from_usage/v1,0.65,false
Zahid Ali,0d15a8c9,male,United Arab Emirates,9,,,,,bowler,,derived:role_from_usage/v1,0.65,false
KAD Hurdle,543d3e69,male,Bermuda,9,,,,,bowler,,derived:role_from_usage/v1,0.65,false
T Chabila,f18b67a3,female,Malawi,9,,,,,bowler,,derived:role_from_usage/v1,0.65,false
Zhang Chan,d21f6f26,female,China,9,,,,,wicketkeeper-batter,yes,derived:role_from_usage/v1 | derived:keeper_inference_aggregate/v1,0.65 | 0.97,false
Iqra Ishaq,59c770e7,female,Kuwait,9,,,,,batter,,derived:role_from_usage/v1,0.65,false
J Efosa,8a0ba257,female,Nigeria,9,,,,,bowler,,derived:role_from_usage/v1,0.65,false
M Ngoche,f91abcd6,female,Kenya,9,,,,,batter,,derived:role_from_usage/v1,0.65,false
NM Ambo,5aac4f00,female,Papua New Guinea,9,,,,,bowler,,derived:role_from_usage/v1,0.65,false
M Ogawa,93d65d0f,female,Japan,9,,,,,batting all-rounder,,derived:role_from_usage/v1,0.65,false
M Bhatia,22bdbba3,male,Singapore,9,,,,,batting all-rounder,,derived:role_from_usage/v1,0.65,false
Marcelle Hanekom,dd26ae6e,male,Cambodia,9,,,,,all-rounder,,derived:role_from_usage/v1,0.65,false
Mongdara Sok,9c5c3408,male,Cambodia,9,,,,,batter,,derived:role_from_usage/v1,0.65,false
Amir Butt,5bdf2343,male,Mexico,9,,,,,all-rounder,,derived:role_from_usage/v1,0.65,false
J Thomas,11b785d6,male,St Helena,9,,,,,batting all-rounder,,derived:role_from_usage/v1,0.65,false
L Nyarko,c391d077,male,Ghana,9,,,,,bowler,,derived:role_from_usage/v1,0.65,false
B Keganne,cc550389,male,Botswana,9,,,,,batting all-rounder,,derived:role_from_usage/v1,0.65,false
Boio Ray,9cf15e95,male,Papua New Guinea,9,,,,,batter,,derived:role_from_usage/v1,0.65,false
Mohamed Coulibaly,86ea6123,male,Mali,9,,,,,batting all-rounder,,derived:role_from_usage/v1,0.65,false
L Berthe,8eb7c5a6,male,Mali,9,,,,,batter,,derived:role_from_usage/v1,0.65,false
S Heath,884905a1,male,Denmark,9,,,,,wicketkeeper-batter,yes,derived:role_from_usage/v1 | derived:keeper_inference_aggregate/v1,0.65 | 0.97,false
L Cheatle,275dff85,female,Australia,9,,,,,bowler,,derived:role_from_usage/v1,0.65,false
ZE Surkari,c981bfad,male,Canada,9,,,,,batter,,derived:role_from_usage/v1,0.65,false
RAP Nissanka,6cc006ef,male,Sri Lanka,9,,,,,bowler,,derived:role_from_usage/v1,0.65,false
Sanwar Hossain,2cccba8f,male,Bangladesh,9,,,,,all-rounder,,derived:role_from_usage/v1,0.65,false
Ganesh Pooja,ab144207,female,France,9,,,,,batter,,derived:role_from_usage/v1,0.65,false
S Vijayakumar,44c69e2b,male,Singapore,9,,,,,bowler,,derived:role_from_usage/v1,0.65,false
AAhan Achar,797f52cc,male,Singapore,9,,,,,bowler,,derived:role_from_usage/v1,0.65,false
JW Chilia,479da8f9,male,Vanuatu,9,,,,,bowler,,derived:role_from_usage/v1,0.65,false
Ariful Haque,ad1730bc,male,Bangladesh,9,,,,,batter,,derived:role_from_usage/v1,0.65,false
IC Simao,dcc76384,male,Brazil,9,,,,,bowler,,derived:role_from_usage/v1,0.65,false
R Poojary,d05e9052,male,Mexico,9,,,,,batter,,derived:role_from_usage/v1,0.65,false
T Makaya,e3f53051,male,Malawi,9,,,,,batting all-rounder,,derived:role_from_usage/v1,0.65,false
JA Stiglitz,7195065a,female,Austria,9,,,,,all-rounder,,derived:role_from_usage/v1,0.65,false
BJ Lazarus,2d7b09ce,male,Israel,9,,,,,batter,,derived:role_from_usage/v1,0.65,false
E Ul Haq,3559290a,male,Norway,9,,,,,batter,,derived:role_from_usage/v1,0.65,false
MV Fare,314463cc,female,Vanuatu,9,,,,,batter,,derived:role_from_usage/v1,0.65,false
T Yangchen,1f09cd22,female,Bhutan;Kuwait,9,,,,,bowler,,derived:role_from_usage/v1,0.65,false
Syed Maisam Ali,e204b898,male,Portugal,9,,,,,bowler,,derived:role_from_usage/v1,0.65,false
R Ntono,4b6da99c,female,Uganda,9,,,,,batter,,derived:role_from_usage/v1,0.65,false
K Shivam,f46fbe60,male,Costa Rica,9,,,,,batter,,derived:role_from_usage/v1,0.65,false
Vathana Sreemurugavel,eb2d1983,female,Singapore,9,,,,,batter,,derived:role_from_usage/v1,0.65,false
SP Jackson,acc1aeda,male,Kolkata Knight Riders,9,,,,,wicketkeeper-batter,yes,derived:role_from_usage/v1 | derived:keeper_inference_aggregate/v1,0.65 | 0.91,false
NA Moodley,30743b6e,female,South Africa,9,,,,,batter,,derived:role_from_usage/v1,0.65,false
ED Silva,c1b74851,male,Kuwait,9,,,,,batting all-rounder,,derived:role_from_usage/v1,0.65,false
L Krvaric,115b7211,female,Croatia,9,,,,,all-rounder,,derived:role_from_usage/v1,0.65,false
SK Ravuri,0398fc0f,female,Sweden,9,,,,,bowler,,derived:role_from_usage/v1,0.65,false
S Stanikzay,c5445834,male,France,9,,,,,bowler,,derived:role_from_usage/v1,0.65,false
Melanie Ani,ff05f9f8,female,Papua New Guinea,9,,,,,batter,,derived:role_from_usage/v1,0.65,false
G Cengiz,be59ed3f,female,Turkey,9,,,,,batting all-rounder,,derived:role_from_usage/v1,0.65,false
BJ Rohrer,27af6414,male,Australia;Delhi Daredevils,9,,,,,batter,,derived:role_from_usage/v1,0.65,false
A Khan,e27cff77,male,Denmark;England,9,,,,,bowler,,derived:role_from_usage/v1,0.65,false
Vritti Dahiya,36b5d84b,female,Canada,9,,,,,batter,,derived:role_from_usage/v1,0.65,false
P Hingorani,ecfdfbad,male,Romania,9,,,,,batting all-rounder,,derived:role_from_usage/v1,0.65,false
Nirmaljit Singh,cf719840,male,Cambodia,9,,,,,batter,,derived:role_from_usage/v1,0.65,false
B Jerkovic,63bd7086,male,Croatia,9,,,,,batting all-rounder,,derived:role_from_usage/v1,0.65,false
Manish Sharma,5473ec6f,male,Cambodia,9,,,,,batting all-rounder,,derived:role_from_usage/v1,0.65,false
Musawar Shah,d482c8b8,male,Qatar,9,,,,,bowler,,derived:role_from_usage/v1,0.65,false
RL Johnson,3967930c,male,England,9,,,,,bowler,,derived:role_from_usage/v1,0.65,false
Abul Hasan,5c756df3,male,Bangladesh,9,,,,,bowler,,derived:role_from_usage/v1,0.65,false
R Goodwin,f8648b9b,male,Philippines,9,,,,,batter,,derived:role_from_usage/v1,0.65,false
D Matla,d1bec7a6,male,Slovenia,9,,,,,batter,,derived:role_from_usage/v1,0.65,false
Saqlain Haider,c020cef5,male,United Arab Emirates,9,,,,,batter,,derived:role_from_usage/v1,0.65,false
N Tykhonravova,b9f09828,female,Estonia,9,,,,,batter,,derived:role_from_usage/v1,0.65,false
RL Vitas,869f61bc,male,Serbia,9,,,,,batter,,derived:role_from_usage/v1,0.65,false
JK Mukhiya,f8dcfe4e,male,Nepal,9,,,,,bowler,,derived:role_from_usage/v1,0.65,false
Raghvi Bist,19826516,female,India;Royal Challengers Bengaluru,9,,,,,batter,,derived:role_from_usage/v1,0.65,false
Zahid Khan,bf896894,male,Sierra Leone,9,,,,,batting all-rounder,,derived:role_from_usage/v1,0.65,false
P Bhart,0daf3ffc,male,Norway,9,,,,,bowler,,derived:role_from_usage/v1,0.65,false
CP Turkich,6264d645,male,Croatia,9,,,,,batter,occasional,derived:role_from_usage/v1 | derived:keeper_inference_aggregate/v1,0.65 | 0.64,false
Muhammad Amin,ce9ce42f,male,Eswatini;Swaziland,9,,,,,batting all-rounder,,derived:role_from_usage/v1,0.65,false
Bilal Safdar,1c4161b3,male,Norway,9,,,,,batting all-rounder,,derived:role_from_usage/v1,0.65,false
E Jabarkhel,21526a38,male,Luxembourg,9,,,,,all-rounder,,derived:role_from_usage/v1,0.65,false
ZE Matsinhe,03ef382c,male,Mozambique,9,,,,,batting all-rounder,,derived:role_from_usage/v1,0.65,false
G Schachat,ff92e604,male,Israel,9,,,,,batter,,derived:role_from_usage/v1,0.65,false
C Trott,ae624b05,male,Bermuda,9,,,,,batter,,derived:role_from_usage/v1,0.65,false
PN Sproul,789fe152,female,Scotland,9,,,,,batter,,derived:role_from_usage/v1,0.65,false
P Abanda,90a8dfec,male,Cameroon,9,,,,,batter,,derived:role_from_usage/v1,0.65,false
R Uwimana,d8c37884,female,Rwanda,9,,,,,bowler,,derived:role_from_usage/v1,0.65,false
S Crowie,4040951f,male,St Helena,9,,,,,batting all-rounder,,derived:role_from_usage/v1,0.65,false
A Davidson-Soler,71d6fd2c,female,Spain,9,,,,,all-rounder,,derived:role_from_usage/v1,0.65,false
DJ Turkich,96013995,male,Croatia,9,,,,,all-rounder,,derived:role_from_usage/v1,0.65,false
Ziaurahman Shinwari,f1e7f97c,male,Austria,9,,,,,bowler,,derived:role_from_usage/v1,0.65,false
Syed Faizan Tahir,123ab754,male,Saudi Arabia,9,,,,,batter,,derived:role_from_usage/v1,0.65,false
Saniyah Zia,ffae3d12,female,Canada,9,,,,,all-rounder,,derived:role_from_usage/v1,0.65,false
N M'shangwe,dd468277,male,Zimbabwe,9,,,,,bowler,,derived:role_from_usage/v1,0.65,false
D Kataina,3a370f15,female,Cook Islands,9,,,,,batter,,derived:role_from_usage/v1,0.65,false
Vishal Sharma,b9d8abd3,male,Norway,9,,,,,batter,,derived:role_from_usage/v1,0.65,false
DP Vijaykumar,acd4f5dc,male,Deccan Chargers,9,,,,,bowler,,derived:role_from_usage/v1,0.65,false
PM Nevill,a22fb7b5,male,Australia,9,,,,,batter,occasional,derived:role_from_usage/v1 | derived:keeper_inference_aggregate/v1,0.65 | 0.64,false
Mia Arda,6e60d58c,female,Indonesia,9,,,,,batter,,derived:role_from_usage/v1,0.65,false
Ismaila Tanba,180e2c15,male,Gambia,9,,,,,batting all-rounder,,derived:role_from_usage/v1,0.65,false
Nanthita Boonsukham,12a2157e,female,Thailand,9,,,,,bowler,,derived:role_from_usage/v1,0.65,false
RN Bhatia,2eece016,male,United Arab Emirates,9,,,,,bowler,,derived:role_from_usage/v1,0.65,false
M Marin,2feef01b,female,Romania,9,,,,,batter,occasional,derived:role_from_usage/v1 | derived:keeper_inference_aggregate/v1,0.65 | 0.64,false
WSLK Narayana,4d21a67a,male,Israel,9,,,,,batting all-rounder,,derived:role_from_usage/v1,0.65,false
FRJ Coleman,971c3f6d,male,Scotland,9,,,,,batter,,derived:role_from_usage/v1,0.65,false
Alam Nakash,90830f8d,male,South Korea,9,,,,,all-rounder,,derived:role_from_usage/v1,0.65,false
Shafat Ali Syed,6d36cb93,male,Spain,9,,,,,batting all-rounder,,derived:role_from_usage/v1,0.65,false
Anmolpreet Singh,1399b39c,male,Mumbai Indians;Sunrisers Hyderabad,9,,,,,batter,,derived:role_from_usage/v1,0.65,false
N Ahir,c2ecd4a7,male,Panama,9,,,,,batting all-rounder,,derived:role_from_usage/v1,0.65,false
V Pratap Singh,d718440b,male,Deccan Chargers,9,,,,,bowler,,derived:role_from_usage/v1,0.65,false
M Ochieng,e3660d2a,female,Kenya,9,,,,,bowler,,derived:role_from_usage/v1,0.65,false
D Marsic,16fa34cf,male,Croatia,9,,,,,batter,,derived:role_from_usage/v1,0.65,false
BB Samantray,53f27a35,male,Deccan Chargers;Sunrisers Hyderabad,9,,,,,batter,,derived:role_from_usage/v1,0.65,false
S Ramakrishnan,b0f5175e,male,Czech Republic,9,,,,,batter,,derived:role_from_usage/v1,0.65,false
MVT Fernando,5eef2118,male,Sri Lanka,9,,,,,bowler,,derived:role_from_usage/v1,0.65,false
RA Bawa,ba6b2f91,male,Mumbai Indians;Punjab Kings,8,,,,,batting all-rounder,,derived:role_from_usage/v1,0.63,false
BAM Heath,3b5a9438,female,England,8,,,,,batter,occasional,derived:role_from_usage/v1 | derived:keeper_inference_aggregate/v1,0.63 | 0.65,false
A le Breton,69a0b944,female,South Africa,8,,,,,batter,,derived:role_from_usage/v1,0.63,false
HML Madushani,07485bb9,female,Sri Lanka,8,,,,,batter,,derived:role_from_usage/v1,0.63,false
Maham Tariq,3021a755,female,Pakistan,8,,,,,bowler,,derived:role_from_usage/v1,0.63,false
HP Rinke,65a05fe6,male,Zimbabwe,8,,,,,all-rounder,,derived:role_from_usage/v1,0.63,false
DA Minors,49212b50,male,Bermuda,8,,,,,batter,occasional,derived:role_from_usage/v1 | derived:keeper_inference_aggregate/v1,0.63 | 0.65,false
HIS Mendis,6edcff70,female,Sri Lanka,8,,,,,batter,,derived:role_from_usage/v1,0.63,false
U Thimashini,6bf40416,female,Sri Lanka,8,,,,,batter,,derived:role_from_usage/v1,0.63,false
Wang Meng,5b4e5d3d,female,China,8,,,,,bowler,,derived:role_from_usage/v1,0.63,false
SC Kumari,4169ae00,female,Nepal,8,,,,,bowler,,derived:role_from_usage/v1,0.63,false
G Setshwane,3dbbe483,female,Botswana,8,,,,,bowler,,derived:role_from_usage/v1,0.63,false
P Choudhary,dd7cc825,female,Czech Republic,8,,,,,batter,,derived:role_from_usage/v1,0.63,false
Saranya Kotha,d27caa9c,female,Switzerland,8,,,,,batting all-rounder,,derived:role_from_usage/v1,0.63,false
R Abdulrasak,65c9fc31,female,Nigeria,8,,,,,bowler,,derived:role_from_usage/v1,0.63,false
Asma Shifa,39ca91e4,female,Estonia,8,,,,,batter,,derived:role_from_usage/v1,0.63,false
M Saastamoinen,5b1a4ff7,female,Finland,8,,,,,batting all-rounder,,derived:role_from_usage/v1,0.63,false
MMR Obili,88228580,male,Estonia,8,,,,,all-rounder,,derived:role_from_usage/v1,0.63,false
Noorkhan Ahmedi,b5417394,male,Switzerland,8,,,,,batter,,derived:role_from_usage/v1,0.63,false
MK Anafie,6949f713,male,Ghana,8,,,,,batting all-rounder,,derived:role_from_usage/v1,0.63,false
Sameer Patel,2bae86b6,male,Lesotho,8,,,,,batter,,derived:role_from_usage/v1,0.63,false
A Rangaswamy,08df0bd3,male,Botswana,8,,,,,bowler,,derived:role_from_usage/v1,0.63,false
WK Bitis,b34de9a6,male,Croatia,8,,,,,batting all-rounder,,derived:role_from_usage/v1,0.63,false
TH Tector,0348f9a5,male,Ireland,8,,,,,batter,,derived:role_from_usage/v1,0.63,false
O Isiyaku,4a0a532f,male,Nigeria,8,,,,,bowler,,derived:role_from_usage/v1,0.63,false
GS Bajwa,a2621507,male,Spain,8,,,,,batter,,derived:role_from_usage/v1,0.63,false
Seetharam Guruvayoorappan,9663115e,male,Mexico,8,,,,,wicketkeeper-batter,yes,derived:role_from_usage/v1 | derived:keeper_inference_aggregate/v1,0.63 | 0.8,false
S Murari,3ed39f01,male,Costa Rica,8,,,,,bowler,,derived:role_from_usage/v1,0.63,false
Arif Ullah,740a5b6d,male,Malaysia,8,,,,,bowler,,derived:role_from_usage/v1,0.63,false
Eranga De Silva,9a8e35ea,male,Romania,8,,,,,batter,occasional,derived:role_from_usage/v1 | derived:keeper_inference_aggregate/v1,0.63 | 0.65,false
A Dowling,ec064d97,male,Bulgaria,8,,,,,batting all-rounder,,derived:role_from_usage/v1,0.63,false
O Issouf,5d656f48,male,Ivory Coast,8,,,,,batter,,derived:role_from_usage/v1,0.63,false
J Madan,79c2f9bf,male,Luxembourg,8,,,,,bowler,,derived:role_from_usage/v1,0.63,false
V Marghashayam,0d7e506a,male,Czech Republic,8,,,,,batting all-rounder,,derived:role_from_usage/v1,0.63,false
Sojib Miah,2c1f0acf,male,Czech Republic,8,,,,,batter,,derived:role_from_usage/v1,0.63,false
Mustafa Balkis,55e6c23c,male,Turkey,8,,,,,batter,,derived:role_from_usage/v1,0.63,false
NM Sheikh,23ef9b32,female,Scotland,8,,,,,bowler,,derived:role_from_usage/v1,0.63,false
Zaman Khan,28392e11,male,Pakistan,8,,,,,bowler,,derived:role_from_usage/v1,0.63,false
DR Briggs,f3abd0c9,male,England,8,,,,,bowler,,derived:role_from_usage/v1,0.63,false
D Elgar,33085ffb,male,South Africa,8,,,,,all-rounder,,derived:role_from_usage/v1,0.63,false
RS Kaluwitharana,dff967c1,male,Sri Lanka,8,,,,,batter,yes,derived:role_from_usage/v1 | derived:keeper_inference_aggregate/v1,0.63 | 0.7,false
A Flower,35aa26af,male,Zimbabwe,8,,,,,batter,,derived:role_from_usage/v1,0.63,false
T Maika,9782087e,female,Cook Islands,8,,,,,batter,,derived:role_from_usage/v1,0.63,false
Ntombizonke MKhatshwa,1697a7c4,female,Eswatini,8,,,,,all-rounder,,derived:role_from_usage/v1,0.63,false
MJ Tumukunde,026b815f,female,Rwanda,8,,,,,batting all-rounder,,derived:role_from_usage/v1,0.63,false
GDR Eranga,95c434f7,male,Canada,8,,,,,bowler,,derived:role_from_usage/v1,0.63,false
KR Ebanks,e52eb657,male,Cayman Islands,8,,,,,bowler,,derived:role_from_usage/v1,0.63,false
Simandeep Singh,2a242d58,male,Hong Kong,8,,,,,batter,,derived:role_from_usage/v1,0.63,false
JN Dorji,a73251ff,male,Bhutan,8,,,,,batter,,derived:role_from_usage/v1,0.63,false
KA Bazil,d22287a8,male,Cayman Islands,8,,,,,bowler,,derived:role_from_usage/v1,0.63,false
Mohamed Ishmath,8c7b9bfc,male,Maldives,8,,,,,bowler,,derived:role_from_usage/v1,0.63,false
Dhananjay Rao,6a11facf,male,Hong Kong,8,,,,,bowler,,derived:role_from_usage/v1,0.63,false
D Rawat,cda3625c,male,Costa Rica,8,,,,,all-rounder,,derived:role_from_usage/v1,0.63,false
A Rajshekara,1f3e41fe,male,Romania,8,,,,,batter,,derived:role_from_usage/v1,0.63,false
Abdullah Rana,c4ab9b94,male,Switzerland,8,,,,,all-rounder,,derived:role_from_usage/v1,0.63,false
Sagar Pun,3c4007d3,male,Nepal,8,,,,,all-rounder,,derived:role_from_usage/v1,0.63,false
KE Pounsett,cec2dfe7,female,Qatar,8,,,,,batter,,derived:role_from_usage/v1,0.63,false
D Bhaskara,b619f825,female,Bahrain,8,,,,,batting all-rounder,,derived:role_from_usage/v1,0.63,false
R Hathadurage,202867f8,female,Bahrain,8,,,,,batter,,derived:role_from_usage/v1,0.63,false
NM Anil,cbd69f04,female,Oman,8,,,,,batter,,derived:role_from_usage/v1,0.63,false
S Channa,c30d7608,female,Oman,8,,,,,all-rounder,,derived:role_from_usage/v1,0.63,false
MD Rocha,30aa04d2,female,Jersey,8,,,,,batting all-rounder,,derived:role_from_usage/v1,0.63,false
Ashi Chopla,89d6902b,female,Austria,8,,,,,all-rounder,,derived:role_from_usage/v1,0.63,false
Mah Noor,1252c950,female,Saudi Arabia,8,,,,,batting all-rounder,,derived:role_from_usage/v1,0.63,false
C Mangulama,857c13f8,female,Malawi,8,,,,,batter,,derived:role_from_usage/v1,0.63,false
Sanah Abbas,5eb15c19,female,Luxembourg,8,,,,,batter,,derived:role_from_usage/v1,0.63,false
C Praboda,369b8bfc,female,Sri Lanka,8,,,,,bowler,,derived:role_from_usage/v1,0.63,false
A Mustafa,a4571ba9,male,Argentina,8,,,,,batter,,derived:role_from_usage/v1,0.63,false
SM Warnakulasuriya,8a5a8cf0,male,France,8,,,,,bowler,,derived:role_from_usage/v1,0.63,false
K Babu,34e10659,male,South Korea,8,,,,,bowler,,derived:role_from_usage/v1,0.63,false
Kalhan Challu,cc6b0cda,male,Hong Kong,8,,,,,batter,,derived:role_from_usage/v1,0.63,false
Elias Tilman,53c35b3a,male,Timor-Leste,8,,,,,bowler,,derived:role_from_usage/v1,0.63,false
GF Cardos,09e5baeb,male,Timor-Leste,8,,,,,batter,,derived:role_from_usage/v1,0.63,false
RDS Morein,3e90fbfd,male,Timor-Leste,8,,,,,batter,,derived:role_from_usage/v1,0.63,false
SB Wagh,dddca1d6,male,Pune Warriors;Rajasthan Royals,8,,,,,bowler,,derived:role_from_usage/v1,0.63,false
AUK Pathan,3ae3f034,male,Royal Challengers Bangalore,8,,,,,batting all-rounder,,derived:role_from_usage/v1,0.63,false
Anand Rajan,d2340a43,male,Deccan Chargers;Sunrisers Hyderabad,8,,,,,bowler,,derived:role_from_usage/v1,0.63,false
Vishaul Singh,8d913205,male,Suriname,8,,,,,batting all-rounder,,derived:role_from_usage/v1,0.63,false
Rudolph Fox,fd1041d2,male,Bahamas,8,,,,,batting all-rounder,,derived:role_from_usage/v1,0.63,false
Mayank Dagar,a457cfb5,male,Royal Challengers Bengaluru;Sunrisers Hyderabad,8,,,,,bowler,,derived:role_from_usage/v1,0.63,false
Yashpal Singh,297b26da,male,Kolkata Knight Riders,8,,,,,batter,,derived:role_from_usage/v1,0.63,false
SM Benade,a4d52e08,female,South Africa,8,,,,,all-rounder,,derived:role_from_usage/v1,0.63,false
V Permaul,78dfe704,male,West Indies,8,,,,,bowler,,derived:role_from_usage/v1,0.63,false
D Ganga,d5f3b5e1,male,West Indies,8,,,,,batter,,derived:role_from_usage/v1,0.63,false
DJ Reekers,d84a2d8e,male,Netherlands,8,,,,,all-rounder,,derived:role_from_usage/v1,0.63,false
S Saenya,befa9863,female,Thailand,8,,,,,batter,,derived:role_from_usage/v1,0.63,false
M Sheriff,7cfb9b67,female,Sierra Leone,8,,,,,batting all-rounder,,derived:role_from_usage/v1,0.63,false
Zinaida Jeremiah,967806a5,female,Tanzania,8,,,,,bowler,,derived:role_from_usage/v1,0.63,false
S Bhaskar,fd811335,female,United States of America,8,,,,,batter,,derived:role_from_usage/v1,0.63,false
C Boyle,11374353,female,Singapore,8,,,,,bowler,,derived:role_from_usage/v1,0.63,false
Musfirah Nur Ainaa,acd1fec7,female,Malaysia,8,,,,,batter,,derived:role_from_usage/v1,0.63,false
E Konasova,d5867f82,female,Czech Republic,8,,,,,batting all-rounder,,derived:role_from_usage/v1,0.63,false
RA Lister,cbf39bc7,female,Belgium,8,,,,,batter,,derived:role_from_usage/v1,0.63,false
G Ford,c569a574,female,Isle of Man,8,,,,,bowler,,derived:role_from_usage/v1,0.63,false
SA Akenji,d1504c13,female,Cameroon,8,,,,,bowler,,derived:role_from_usage/v1,0.63,false
Maidul Islam,6969d364,male,Estonia,8,,,,,batter,,derived:role_from_usage/v1,0.63,false
Ashraful Shuvo,9bb259b4,male,Estonia,8,,,,,bowler,,derived:role_from_usage/v1,0.63,false
Bashir Shah,3b282e51,male,Denmark,8,,,,,bowler,,derived:role_from_usage/v1,0.63,false
RR Joshi,a323465c,male,Canada,8,,,,,bowler,,derived:role_from_usage/v1,0.63,false
J Hill,5481bd91,male,Philippines,8,,,,,batting all-rounder,,derived:role_from_usage/v1,0.63,false
Ismaeel Zia,70abbb67,male,Sweden,8,,,,,batter,occasional,derived:role_from_usage/v1 | derived:keeper_inference_aggregate/v1,0.63 | 0.65,false
J Clough,1f08084c,male,Isle of Man,8,,,,,batter,,derived:role_from_usage/v1,0.63,false
Aamer Jamal,a8e54ef4,male,Pakistan,8,,,,,bowler,,derived:role_from_usage/v1,0.63,false
NT Rajendran,e38e240a,male,Kuwait,8,,,,,bowler,,derived:role_from_usage/v1,0.63,false
J Henry,68e7e8d5,male,St Helena,8,,,,,batting all-rounder,,derived:role_from_usage/v1,0.63,false
N Master,4833efb4,male,Botswana,8,,,,,bowler,,derived:role_from_usage/v1,0.63,false
Asghar Ali Khan,71b7b75a,male,Luxembourg,8,,,,,batter,,derived:role_from_usage/v1,0.63,false
I Stewart,568fe66e,male,Switzerland,8,,,,,bowler,,derived:role_from_usage/v1,0.63,false
Khalid Niazi,c57a486f,male,Switzerland,8,,,,,bowler,,derived:role_from_usage/v1,0.63,false
M Bhaiji,a06c81fd,male,Hungary,8,,,,,batter,,derived:role_from_usage/v1,0.63,false
PA Hitchcock,27d1cc51,male,New Zealand,8,,,,,bowler,,derived:role_from_usage/v1,0.63,false
NM Mokhachane,6083f332,female,Lesotho,8,,,,,bowler,,derived:role_from_usage/v1,0.63,false
CD Mboe,14198941,female,Cameroon,8,,,,,batting all-rounder,,derived:role_from_usage/v1,0.63,false
Regina Khan,862f4427,female,Italy,8,,,,,all-rounder,,derived:role_from_usage/v1,0.63,false
AS Withanage,078f166f,female,Italy,8,,,,,batting all-rounder,,derived:role_from_usage/v1,0.63,false
N Zholudz,a60bff88,female,Estonia,8,,,,,batter,,derived:role_from_usage/v1,0.63,false
HJ Jordaan,b8f10b60,male,Thailand,8,,,,,batter,,derived:role_from_usage/v1,0.63,false
Ashiqullah Said,407d13cc,male,Belgium,8,,,,,bowler,,derived:role_from_usage/v1,0.63,false
NSK Mehta,d516a95f,male,Belgium,8,,,,,bowler,,derived:role_from_usage/v1,0.63,false
Madhawa Basnayaka,6f337915,male,Finland,8,,,,,bowler,,derived:role_from_usage/v1,0.63,false
NE Bonner,59ddd811,male,West Indies,8,,,,,batting all-rounder,,derived:role_from_usage/v1,0.63,false
Muhammed Manga,6084f6ee,male,Gambia,8,,,,,batter,,derived:role_from_usage/v1,0.63,false
Ousman Bah,95c214dd,male,Gambia,8,,,,,batter,,derived:role_from_usage/v1,0.63,false
Gurjapneet Singh,cc61ee8f,male,Chennai Super Kings,8,,,,,bowler,,derived:role_from_usage/v1,0.63,false
N Sindhu,3cea23da,male,Gujarat Titans,8,,,,,batter,,derived:role_from_usage/v1,0.63,false
M Faisal,48b74dc2,female,Scotland,8,,,,,batter,,derived:role_from_usage/v1,0.63,false
Shahid Ahmadzai,3fb56752,male,Canada,8,,,,,bowler,,derived:role_from_usage/v1,0.63,false
WP Myburgh,f1a042e5,male,Namibia,8,,,,,batting all-rounder,,derived:role_from_usage/v1,0.63,false
Sukhjinder Singh,ada72696,male,Canada,8,,,,,bowler,,derived:role_from_usage/v1,0.63,false
PT Collins,f1cb042f,male,West Indies,8,,,,,bowler,,derived:role_from_usage/v1,0.63,false
Faisal Iqbal,267269e1,male,Pakistan,8,,,,,batter,,derived:role_from_usage/v1,0.63,false
PC de Silva,b40ee8a8,male,Sri Lanka,8,,,,,all-rounder,,derived:role_from_usage/v1,0.63,false
Shruti Yadav,c63fd74d,female,Bahrain,8,,,,,bowler,,derived:role_from_usage/v1,0.63,false
LS Simelane,642b1b28,female,Eswatini,8,,,,,bowler,,derived:role_from_usage/v1,0.63,false
JA Rymer,ae779954,female,Malta,8,,,,,batter,,derived:role_from_usage/v1,0.63,false
Riya Pradhan,c3cf210c,female,Bhutan,8,,,,,bowler,,derived:role_from_usage/v1,0.63,false
Sejal Vinod,4ec107c8,female,Switzerland,8,,,,,all-rounder,,derived:role_from_usage/v1,0.63,false
SK Reddy,3e1fbf05,female,Austria,8,,,,,all-rounder,,derived:role_from_usage/v1,0.63,false
E Richard,8d76816e,female,Malawi,8,,,,,batting all-rounder,,derived:role_from_usage/v1,0.63,false
Aishani Kishore,2bd89375,female,Germany,8,,,,,batter,,derived:role_from_usage/v1,0.63,false
Jubaid Ahamed,ea5e0599,male,France,8,,,,,batter,,derived:role_from_usage/v1,0.63,false
UNGB Thenannahelage,e75cb073,male,Czech Republic,8,,,,,wicketkeeper-batter,yes,derived:role_from_usage/v1 | derived:keeper_inference_aggregate/v1,0.63 | 0.95,false
WL Madsen,86e0f3f0,male,Italy,8,,,,,batter,,derived:role_from_usage/v1,0.63,false
K Sathish,1cad1601,male,Singapore,8,,,,,batting all-rounder,,derived:role_from_usage/v1,0.63,false
Kaung Htet Kyaw,e1bd3e2e,male,Myanmar,8,,,,,batting all-rounder,,derived:role_from_usage/v1,0.63,false
Pel Vannak,4a6dbc50,male,Cambodia,8,,,,,batter,,derived:role_from_usage/v1,0.63,false
J Buchanan,01127aa9,male,Cayman Islands,8,,,,,bowler,,derived:role_from_usage/v1,0.63,false
Jobayer Hossen,656fc15b,male,Seychelles,8,,,,,bowler,,derived:role_from_usage/v1,0.63,false
P Yevugah,5c842df4,male,Ghana,8,,,,,batter,,derived:role_from_usage/v1,0.63,false
S Pitabeddara,b04e6811,male,South Korea,8,,,,,batting all-rounder,,derived:role_from_usage/v1,0.63,false
Patrick Nou,75657526,male,Papua New Guinea,8,,,,,batting all-rounder,,derived:role_from_usage/v1,0.63,false
A Bushell,2d645c00,male,Guernsey,8,,,,,batter,occasional,derived:role_from_usage/v1 | derived:keeper_inference_aggregate/v1,0.63 | 0.65,false
LJ Leokaoke,456884dd,male,Lesotho,8,,,,,all-rounder,,derived:role_from_usage/v1,0.63,false
C Bisson,85ba5659,male,Jersey,8,,,,,batter,,derived:role_from_usage/v1,0.63,false
Jahandad Khan,22d73540,male,Pakistan,8,,,,,bowler,,derived:role_from_usage/v1,0.63,false
TGJ Gruijters,20f4a109,male,Netherlands,8,,,,,batting all-rounder,,derived:role_from_usage/v1,0.63,false
S Raveendrakumar,80713a84,female,Norway,8,,,,,batter,,derived:role_from_usage/v1,0.63,false
T Cheki,f037f4d8,female,Bhutan,8,,,,,bowler,,derived:role_from_usage/v1,0.63,false
Simrah Mirza,1f578535,female,Saudi Arabia,8,,,,,batting all-rounder,,derived:role_from_usage/v1,0.63,false
Moe Ei Phyu,34f0c9ad,female,Myanmar,8,,,,,batter,,derived:role_from_usage/v1,0.63,false
Nurin Imanina,91fafb93,female,Malaysia,8,,,,,batting all-rounder,,derived:role_from_usage/v1,0.63,false
Ali Zaheer,04ed04d2,male,Kuwait,8,,,,,batter,,derived:role_from_usage/v1,0.63,false
B Isaac,2c14421f,male,St Helena,8,,,,,batting all-rounder,,derived:role_from_usage/v1,0.63,false
Andre Jarju,53dd7d8e,male,Gambia,8,,,,,all-rounder,,derived:role_from_usage/v1,0.63,false
Mustapha Suwareh,44116edc,male,Gambia,8,,,,,batter,,derived:role_from_usage/v1,0.63,false
Abubacarr Kuyateh,0ec45a9a,male,Gambia,8,,,,,all-rounder,,derived:role_from_usage/v1,0.63,false
Ashok Sharma,50c09020,male,Gujarat Titans;India,8,,,,,bowler,,derived:role_from_usage/v1,0.63,false
Yash Raj Punja,02dfebbe,male,Rajasthan Royals,8,,,,,bowler,,derived:role_from_usage/v1,0.63,false
N Mokoena,201facae,male,South Africa,8,,,,,bowler,,derived:role_from_usage/v1,0.63,false
AA Mulla,82c528b2,male,Canada,8,,,,,batter,occasional,derived:role_from_usage/v1 | derived:keeper_inference_aggregate/v1,0.63 | 0.65,false
I Koroma,fce5bfd2,female,Sierra Leone,8,,,,,batter,,derived:role_from_usage/v1,0.63,false
R Kassim,119dc992,female,Sierra Leone,8,,,,,batting all-rounder,,derived:role_from_usage/v1,0.63,false
GL Mushi,fae59566,female,Tanzania,8,,,,,batter,,derived:role_from_usage/v1,0.63,false
S Farooq,dbc23e51,female,United States of America,8,,,,,bowler,,derived:role_from_usage/v1,0.63,false
K Abdulquadri,87dcd3ee,female,Nigeria,8,,,,,batter,,derived:role_from_usage/v1,0.63,false
KV Mehta,f7ae66f3,female,Kenya,8,,,,,batter,,derived:role_from_usage/v1,0.63,false
CT McNally,6a32ef43,female,Gibraltar,8,,,,,batter,,derived:role_from_usage/v1,0.63,false
S Barton,f7dd8b46,female,Gibraltar,8,,,,,batter,,derived:role_from_usage/v1,0.63,false
Brima Ansumana,cd3d4e8c,male,Sierra Leone,8,,,,,batter,,derived:role_from_usage/v1,0.63,false
Muhammad Akram,20b90232,male,Malaysia,8,,,,,batting all-rounder,,derived:role_from_usage/v1,0.63,false
Nageebullah Sultanzai,dcfad6eb,male,Austria,8,,,,,batter,,derived:role_from_usage/v1,0.63,false
Mansoor Shah,d09615c8,male,Norway,8,,,,,bowler,,derived:role_from_usage/v1,0.63,false
Imran Ahmed Kaneez,8c3cbee9,male,Costa Rica,8,,,,,bowler,,derived:role_from_usage/v1,0.63,false
Surinder Singh,2dcad6fa,male,Philippines,8,,,,,bowler,,derived:role_from_usage/v1,0.63,false
C Liebenberg,83f0b848,male,Isle of Man,8,,,,,bowler,,derived:role_from_usage/v1,0.63,false
CM Mbebe,e7db2a56,male,Mozambique,8,,,,,bowler,,derived:role_from_usage/v1,0.63,false
Zong Yuechao,f5932ad2,male,China,8,,,,,batting all-rounder,,derived:role_from_usage/v1,0.63,false
Ibrar Ahmad,9dc8bc5c,male,Hungary,8,,,,,bowler,,derived:role_from_usage/v1,0.63,false
B Leephatthana,aa0c5e01,female,Thailand,8,,,,,batter,,derived:role_from_usage/v1,0.63,false
U Bhagwan,44a2bb4f,male,Canada,8,,,,,bowler,,derived:role_from_usage/v1,0.63,false
Elias Sunny,817c1746,male,Bangladesh,8,,,,,bowler,,derived:role_from_usage/v1,0.63,false
DI Allan,5208c0a1,male,Kenya,8,,,,,batting all-rounder,,derived:role_from_usage/v1,0.63,false
JNK Shannon,6e161a33,male,Ireland,8,,,,,batter,,derived:role_from_usage/v1,0.63,false
BG Rogers,f17971df,male,Zimbabwe,8,,,,,all-rounder,,derived:role_from_usage/v1,0.63,false
A Maregwede,340db614,male,Zimbabwe,8,,,,,batter,,derived:role_from_usage/v1,0.63,false
Anjuli Ghalley,cfb49f67,female,Bhutan,8,,,,,bowler,,derived:role_from_usage/v1,0.63,false
K Ogola,7f7dc2ee,female,Kenya,8,,,,,batting all-rounder,,derived:role_from_usage/v1,0.63,false
S Mabuza,8ce93575,female,Eswatini,8,,,,,bowler,,derived:role_from_usage/v1,0.63,false
D Saxena,cc7331d4,female,Canada,8,,,,,all-rounder,,derived:role_from_usage/v1,0.63,false
A Emch,24403a9f,female,Argentina,8,,,,,batting all-rounder,,derived:role_from_usage/v1,0.63,false
HA Daluwatta,8bbfc744,female,Italy,8,,,,,batting all-rounder,,derived:role_from_usage/v1,0.63,false
H Srinivasan,300bdcbb,male,Germany,8,,,,,wicketkeeper-batter,yes,derived:role_from_usage/v1 | derived:keeper_inference_aggregate/v1,0.63 | 0.95,false
Akshay Homraj,1edf29b9,male,United States of America,8,,,,,batter,,derived:role_from_usage/v1,0.63,false
R Avery,094ebfb6,male,Brazil,8,,,,,bowler,,derived:role_from_usage/v1,0.63,false
AS Yadav,b9be6507,male,Deccan Chargers,8,,,,,batter,,derived:role_from_usage/v1,0.63,false
Muhammed Imran,5278cecc,male,Oman,8,,,,,bowler,,derived:role_from_usage/v1,0.63,false
M Short,0e283b75,female,Namibia,8,,,,,all-rounder,,derived:role_from_usage/v1,0.63,false
S Tino,e2a702e3,female,Uganda,8,,,,,bowler,,derived:role_from_usage/v1,0.63,false
N Davidovic,e48c6ec7,male,Croatia,8,,,,,batting all-rounder,,derived:role_from_usage/v1,0.63,false
A Griffin,de1c0045,female,Vanuatu,8,,,,,batter,,derived:role_from_usage/v1,0.63,false
N Sharma,764f35d8,female,United Arab Emirates,8,,,,,batter,,derived:role_from_usage/v1,0.63,false
PK Mohanarangam,d73891ad,male,Mexico,8,,,,,all-rounder,,derived:role_from_usage/v1,0.63,false
P Bosnjak,fed92736,male,Croatia,8,,,,,batter,,derived:role_from_usage/v1,0.63,false
PJ Scholfield,588360ee,female,England,8,,,,,batter,,derived:role_from_usage/v1,0.63,false
Raihan Hossain,3f05c34d,male,Timor-Leste,8,,,,,batting all-rounder,,derived:role_from_usage/v1,0.63,false
RTM Mendis,1be67d37,male,Sri Lanka,8,,,,,bowler,,derived:role_from_usage/v1,0.63,false
Rahat Kazi,d4bebd88,male,Timor-Leste,8,,,,,batting all-rounder,,derived:role_from_usage/v1,0.63,false
MJM Kavana,10eef955,male,Cook Islands,8,,,,,batting all-rounder,,derived:role_from_usage/v1,0.63,false
BR Dunk,272d796e,male,Australia;Mumbai Indians,8,,,,,batter,occasional,derived:role_from_usage/v1 | derived:keeper_inference_aggregate/v1,0.63 | 0.65,false
AL Kerai,adb629f6,male,Sierra Leone,8,,,,,batter,,derived:role_from_usage/v1,0.63,false
Adnan Ilyas,d376bbaa,male,Oman,8,,,,,batter,,derived:role_from_usage/v1,0.63,false
B van Zyl,e0a2f58e,male,Botswana,8,,,,,all-rounder,,derived:role_from_usage/v1,0.63,false
Ranjit Singh,0467bd8d,male,Austria,8,,,,,batter,,derived:role_from_usage/v1,0.63,false
TJ Friend,3e91a87f,male,Zimbabwe,8,,,,,batting all-rounder,,derived:role_from_usage/v1,0.63,false
ZR Jaboneke,438aef39,male,Tanzania,8,,,,,batting all-rounder,,derived:role_from_usage/v1,0.63,false
JRMVB Sanjaya,530b20e3,male,Sri Lanka,8,,,,,bowler,,derived:role_from_usage/v1,0.63,false
J Gray,a336b0fe,female,Ireland,8,,,,,batter,,derived:role_from_usage/v1,0.63,false
H Klazinge,e6bf8162,male,Namibia,8,,,,,bowler,,derived:role_from_usage/v1,0.63,false
D Unhale,efea55e5,female,Finland,8,,,,,all-rounder,,derived:role_from_usage/v1,0.63,false
Nawaf Ahmed,bfe33045,male,Kuwait,8,,,,,batting all-rounder,,derived:role_from_usage/v1,0.63,false
SG Luijke,c0a34f79,female,Portugal,8,,,,,batter,,derived:role_from_usage/v1,0.63,false
SS Ilahi,7e6a9e15,female,Belgium,8,,,,,batter,,derived:role_from_usage/v1,0.63,false
Ubaid Minhas,87493f1d,male,Bahrain,8,,,,,batter,,derived:role_from_usage/v1,0.63,false
D Dewald,f97e4db3,male,Belgium,8,,,,,all-rounder,,derived:role_from_usage/v1,0.63,false
RM West,d1761087,male,Ireland,8,,,,,bowler,,derived:role_from_usage/v1,0.63,false
JM Nthenya,99efdb1b,female,Kenya,8,,,,,batting all-rounder,,derived:role_from_usage/v1,0.63,false
MY Bawa,8ca63417,male,Panama,8,,,,,all-rounder,,derived:role_from_usage/v1,0.63,false
Malyun Yusuf,436527cd,female,Sweden,8,,,,,bowler,,derived:role_from_usage/v1,0.63,false
GEM Brealey,f2b769ad,female,Luxembourg,8,,,,,all-rounder,,derived:role_from_usage/v1,0.63,false
Sohail Ahmad,7e439c80,male,Croatia,8,,,,,batting all-rounder,,derived:role_from_usage/v1,0.63,false
Sami Ullah,ad05692c,male,Romania,8,,,,,bowler,,derived:role_from_usage/v1,0.63,false
RM D'Souza,f39682a5,female,Kuwait,8,,,,,batter,,derived:role_from_usage/v1,0.63,false
Abrar Bilal,6ddaee2d,male,Austria,8,,,,,wicketkeeper-batter,yes,derived:role_from_usage/v1 | derived:keeper_inference_aggregate/v1,0.63 | 0.95,false
G Chaturvedi,e1c92333,male,Malta,8,,,,,batter,,derived:role_from_usage/v1,0.63,false
Sinan Khan,251eb801,male,Greece,8,,,,,batting all-rounder,,derived:role_from_usage/v1,0.63,false
K Tereza,1314d6f8,female,Greece,8,,,,,batting all-rounder,,derived:role_from_usage/v1,0.63,false
A Motorwala,7b309c8a,female,Botswana,8,,,,,batter,,derived:role_from_usage/v1,0.63,false
D Joseph,6d7ca3e6,female,West Indies,8,,,,,batter,,derived:role_from_usage/v1,0.63,false
Sajid Khan Afridi,edc950ce,male,Greece,8,,,,,batting all-rounder,,derived:role_from_usage/v1,0.63,false
GES Sullivan,165b9097,female,Cook Islands,8,,,,,all-rounder,,derived:role_from_usage/v1,0.63,false
N Pathan,25bc2d36,male,Thailand,8,,,,,batting all-rounder,,derived:role_from_usage/v1,0.63,false
EDS Pimheiro,88d574fd,male,Timor-Leste,8,,,,,batter,,derived:role_from_usage/v1,0.63,false
Nuzhat Tasnia,6ce57e02,female,Bangladesh,8,,,,,wicketkeeper-batter,yes,derived:role_from_usage/v1 | derived:keeper_inference_aggregate/v1,0.63 | 0.95,false
D Ganesh,84624717,male,Costa Rica,8,,,,,all-rounder,,derived:role_from_usage/v1,0.63,false
Hadisullah Tarakhel,77bedcce,male,Belgium,8,,,,,batting all-rounder,,derived:role_from_usage/v1,0.63,false
MNK Fernando,ba603555,male,Sri Lanka,8,,,,,batter,,derived:role_from_usage/v1,0.63,false
Usman Tariq,e94d1dcd,male,Pakistan,8,,,,,bowler,,derived:role_from_usage/v1,0.63,false
Shahnawaz Patel,aa86d9d4,male,Zambia,8,,,,,batter,,derived:role_from_usage/v1,0.63,false
K Boniface,a89433c5,male,Nigeria,8,,,,,batting all-rounder,,derived:role_from_usage/v1,0.63,false
NG Jones,c5326dd0,male,Ireland,8,,,,,bowler,,derived:role_from_usage/v1,0.63,false
M Vandrasi,e82543d5,male,Czech Republic,8,,,,,all-rounder,,derived:role_from_usage/v1,0.63,false
Walid Sahibzada,523c8494,male,Belgium,8,,,,,batter,occasional,derived:role_from_usage/v1 | derived:keeper_inference_aggregate/v1,0.63 | 0.65,false
S Udhayan,a8d6305d,male,Seychelles,8,,,,,batter,,derived:role_from_usage/v1,0.63,false
R Pisal,e072b9d5,male,Romania,8,,,,,batter,occasional,derived:role_from_usage/v1 | derived:keeper_inference_aggregate/v1,0.63 | 0.65,false
R Smith,0b91b5d5,male,Bahamas,8,,,,,bowler,,derived:role_from_usage/v1,0.63,false
J Vijay,709525fc,male,Portugal,8,,,,,batter,,derived:role_from_usage/v1,0.63,false
AR Berenger,f994f4ca,male,Qatar;United Arab Emirates,8,,,,,batter,,derived:role_from_usage/v1,0.63,false
Zafer Durmaz,755819f4,male,Turkey,8,,,,,batting all-rounder,,derived:role_from_usage/v1,0.63,false
H Satheedevi,a17a9548,male,Croatia,8,,,,,all-rounder,,derived:role_from_usage/v1,0.63,false
E Solomon,8da9a284,male,Israel,8,,,,,batter,,derived:role_from_usage/v1,0.63,false
Iqbal Hussain,b9fd3959,male,Qatar,8,,,,,bowler,,derived:role_from_usage/v1,0.63,false
E Robinson,2719e9a6,male,Guernsey,8,,,,,batting all-rounder,,derived:role_from_usage/v1,0.63,false
C Cassell,2d03c3f8,male,Scotland,8,,,,,bowler,,derived:role_from_usage/v1,0.63,false
Yahya Suhail,d1f14716,male,Timor-Leste,8,,,,,batting all-rounder,,derived:role_from_usage/v1,0.63,false
N Wijesekera,85dcc96d,male,Austria,8,,,,,batter,,derived:role_from_usage/v1,0.63,false
J Sebanja,1e78c51c,male,Uganda,8,,,,,bowler,,derived:role_from_usage/v1,0.63,false
E Otgonbayar,3f9783fd,male,Mongolia,8,,,,,batter,,derived:role_from_usage/v1,0.63,false
S Chilemanya,e1fe58ad,male,Nigeria,8,,,,,batter,,derived:role_from_usage/v1,0.63,false
ZXM Vukusic,78a3ae4b,male,Croatia,8,,,,,all-rounder,,derived:role_from_usage/v1,0.63,false
A Gasteratos,e87c009a,male,Greece,8,,,,,batter,,derived:role_from_usage/v1,0.63,false
D Dlamini,7a6ce3c9,female,Eswatini,8,,,,,batting all-rounder,,derived:role_from_usage/v1,0.63,false
Shoaib Ahmed,8a668774,male,Deccan Chargers,8,,,,,bowler,,derived:role_from_usage/v1,0.63,false
KNM Fernando,d2a2bb1a,male,Sri Lanka,8,,,,,batter,,derived:role_from_usage/v1,0.63,false
Y Potgieter,bb9f08ad,female,South Africa,8,,,,,batting all-rounder,,derived:role_from_usage/v1,0.63,false
A Khullar,9efc1ea4,female,Finland,8,,,,,batting all-rounder,,derived:role_from_usage/v1,0.63,false
AK Yadav,a1886d3f,female,Nepal,8,,,,,batter,occasional,derived:role_from_usage/v1 | derived:keeper_inference_aggregate/v1,0.63 | 0.65,false
RJ Pierre,4fc115af,male,Rwanda,8,,,,,batting all-rounder,,derived:role_from_usage/v1,0.63,false
A Saifee,7efe9059,female,Austria,8,,,,,batter,,derived:role_from_usage/v1,0.63,false
S Kambalapalli,4fd4cef9,female,United States of America,8,,,,,all-rounder,,derived:role_from_usage/v1,0.63,false
S Simic,c219a3c4,female,Serbia,8,,,,,batting all-rounder,,derived:role_from_usage/v1,0.63,false
MF Manjate,882fd091,male,Mozambique,8,,,,,batter,,derived:role_from_usage/v1,0.63,false
RMR Brathwaite,349c5e58,male,Cyprus,8,,,,,batting all-rounder,,derived:role_from_usage/v1,0.63,false
P Parameswaran,0c432afb,male,Kochi Tuskers Kerala;Royal Challengers Bangalore,8,,,,,bowler,,derived:role_from_usage/v1,0.63,false
Suhail Sattar,5ffb535d,male,Timor-Leste,8,,,,,batting all-rounder,,derived:role_from_usage/v1,0.63,false
S Lundell,0d298cc9,female,Sweden,8,,,,,batting all-rounder,,derived:role_from_usage/v1,0.63,false
A Djorovic,677c18f9,male,Serbia,8,,,,,batting all-rounder,,derived:role_from_usage/v1,0.63,false
JJ Krejza,047d9032,male,Australia,8,,,,,bowler,,derived:role_from_usage/v1,0.63,false
S Sengupta,da39f141,male,Czech Republic,8,,,,,bowler,,derived:role_from_usage/v1,0.63,false
Shamsullah Ehsan,356bf068,male,Turkey,8,,,,,batting all-rounder,,derived:role_from_usage/v1,0.63,false
J Evans,027662be,male,Israel,8,,,,,all-rounder,,derived:role_from_usage/v1,0.63,false
A Nagarajan,856dcfa8,male,Qatar,8,,,,,batting all-rounder,,derived:role_from_usage/v1,0.63,false
LJ Poulton,4f4f283c,female,Australia,8,,,,,batter,,derived:role_from_usage/v1,0.63,false
S Mba,400cf68e,male,Nigeria,8,,,,,batter,,derived:role_from_usage/v1,0.63,false
RA Abolarin,ed524599,male,Nigeria,8,,,,,bowler,,derived:role_from_usage/v1,0.63,false
A Hartley,e31c12c3,female,Spain,8,,,,,batting all-rounder,,derived:role_from_usage/v1,0.63,false
V Poglitsch,e7351fbd,female,Austria,8,,,,,batter,,derived:role_from_usage/v1,0.63,false
M Stevanovic,5f40b4da,female,Serbia,8,,,,,all-rounder,,derived:role_from_usage/v1,0.63,false
Aftab Kayani,4d83491d,male,Romania,8,,,,,batting all-rounder,,derived:role_from_usage/v1,0.63,false
K Paskova,c745f462,female,Bulgaria,8,,,,,batting all-rounder,,derived:role_from_usage/v1,0.63,false
R Dhar,050492b0,female,India,8,,,,,all-rounder,,derived:role_from_usage/v1,0.63,false
Bilal Ahmad Mir,2237eb05,male,South Korea,8,,,,,all-rounder,,derived:role_from_usage/v1,0.63,false
HDPK Dharmasena,323e4c16,male,Sri Lanka,8,,,,,bowler,,derived:role_from_usage/v1,0.63,false
TC Vine,ab8ef1e9,male,Spain,8,,,,,bowler,,derived:role_from_usage/v1,0.63,false
J Andrew,6b0db726,male,West Indies,8,,,,,batter,,derived:role_from_usage/v1,0.63,false
LF Mavume,5b531900,male,Mozambique,8,,,,,batter,,derived:role_from_usage/v1,0.63,false
D Mendonca,8c2ce459,male,Timor-Leste,8,,,,,batter,,derived:role_from_usage/v1,0.63,false
Nazmul Huda,837be376,male,Timor-Leste,8,,,,,batting all-rounder,,derived:role_from_usage/v1,0.63,false
KM Asif,798cc28e,male,Chennai Super Kings;Rajasthan Royals,7,,,,,bowler,,derived:role_from_usage/v1,0.62,false
Vishnu Vinod,0494fa6e,male,Mumbai Indians;Punjab Kings;Royal Challengers Bangalore,7,,,,,batter,occasional,derived:role_from_usage/v1 | derived:keeper_inference_aggregate/v1,0.62 | 0.66,false
Arshad Khan,0a4c6dfd,male,Pakistan,7,,,,,bowler,,derived:role_from_usage/v1,0.62,false
ML Lewis,8b8745fd,male,Australia,7,,,,,bowler,,derived:role_from_usage/v1,0.62,false
A Cossa,ef160d73,female,Mozambique,7,,,,,batting all-rounder,,derived:role_from_usage/v1,0.62,false
J King,f7ad6448,female,France,7,,,,,batter,,derived:role_from_usage/v1,0.62,false
A Levaci,6ff1d14f,female,Fiji,7,,,,,bowler,,derived:role_from_usage/v1,0.62,false
Shakirah Sadick,de99b122,female,Uganda,7,,,,,batter,,derived:role_from_usage/v1,0.62,false
V Romani,15fee304,female,Croatia,7,,,,,batter,,derived:role_from_usage/v1,0.62,false
Hor Siv na,05d1964e,female,Cambodia,7,,,,,batting all-rounder,,derived:role_from_usage/v1,0.62,false
T Whiteman,472455a3,male,Luxembourg,7,,,,,batter,,derived:role_from_usage/v1,0.62,false
P Vekaria,b68b1633,male,Rwanda,7,,,,,bowler,,derived:role_from_usage/v1,0.62,false
JC Darji,6d5983d4,male,Tanzania,7,,,,,all-rounder,,derived:role_from_usage/v1,0.62,false
AA Banner,02d11602,male,Belize,7,,,,,batting all-rounder,,derived:role_from_usage/v1,0.62,false
Yusuf Bhoola,5afc0b37,male,Panama,7,,,,,batter,occasional,derived:role_from_usage/v1 | derived:keeper_inference_aggregate/v1,0.62 | 0.66,false
MO Kain,60b46ad1,male,United States of America,7,,,,,batting all-rounder,,derived:role_from_usage/v1,0.62,false
MP Biddappa,c45701b6,male,Philippines,7,,,,,batter,occasional,derived:role_from_usage/v1 | derived:keeper_inference_aggregate/v1,0.62 | 0.66,false
J Grzinic,03c94c2f,male,Croatia,7,,,,,batter,,derived:role_from_usage/v1,0.62,false
Habib Ahmadzai,fa794790,male,Austria,7,,,,,batter,,derived:role_from_usage/v1,0.62,false
Ansar Iqbal,9a08a863,male,Norway,7,,,,,batter,,derived:role_from_usage/v1,0.62,false
CJ Stamp,abca6c23,male,Philippines,7,,,,,batter,,derived:role_from_usage/v1,0.62,false
IGTP Wiguna,95f0262b,male,Indonesia,7,,,,,bowler,,derived:role_from_usage/v1,0.62,false
Delroy Leo,e71f511e,male,St Helena,7,,,,,batter,,derived:role_from_usage/v1,0.62,false
O Sam Arthur,11c35bf1,male,Costa Rica,7,,,,,batting all-rounder,,derived:role_from_usage/v1,0.62,false
G Newton,57618587,male,Isle of Man,7,,,,,all-rounder,,derived:role_from_usage/v1,0.62,false
H Kinga,c9729534,male,Cameroon,7,,,,,batter,,derived:role_from_usage/v1,0.62,false
J Santhanam,4f1d3f68,male,Singapore,7,,,,,bowler,,derived:role_from_usage/v1,0.62,false
Sareer Shah,f16953c5,male,Luxembourg,7,,,,,bowler,,derived:role_from_usage/v1,0.62,false
Ratul Khan,75855e23,male,Czech Republic,7,,,,,batter,,derived:role_from_usage/v1,0.62,false
Kasir Ahmed,2619e00c,male,Hungary,7,,,,,batting all-rounder,,derived:role_from_usage/v1,0.62,false
H Graham,99812d10,female,Australia;Royal Challengers Bengaluru,7,,,,,bowler,,derived:role_from_usage/v1,0.62,false
SD Parry,fdb8ed0d,male,England,7,,,,,bowler,,derived:role_from_usage/v1,0.62,false
PJ Stahelin,472a8672,female,Guernsey,7,,,,,batter,,derived:role_from_usage/v1,0.62,false
Sazzad Hosen,4dd6a707,male,Belgium,7,,,,,batter,,derived:role_from_usage/v1,0.62,false
AY Patel,fbd4f01f,male,New Zealand,7,,,,,bowler,,derived:role_from_usage/v1,0.62,false
Waqar Ul Hassan,b704da31,male,Saudi Arabia,7,,,,,batter,,derived:role_from_usage/v1,0.62,false
BA Parchment,d666d3a8,male,West Indies,7,,,,,batter,,derived:role_from_usage/v1,0.62,false
HG Kuhn,ede05b97,male,South Africa,7,,,,,batter,,derived:role_from_usage/v1,0.62,false
FL Reifer,17fbaab5,male,West Indies,7,,,,,batter,,derived:role_from_usage/v1,0.62,false
Dolar Mahmud,d1ae8f94,male,Bangladesh,7,,,,,bowler,,derived:role_from_usage/v1,0.62,false
S Jayasinghe,deaa286f,female,Bahrain,7,,,,,bowler,,derived:role_from_usage/v1,0.62,false
Amina Kashif,db077ead,female,Qatar,7,,,,,bowler,,derived:role_from_usage/v1,0.62,false
Laiba Nasrullah,e7a3e3a0,female,Saudi Arabia,7,,,,,bowler,,derived:role_from_usage/v1,0.62,false
L Polaki,10ca0ed4,female,Lesotho,7,,,,,bowler,,derived:role_from_usage/v1,0.62,false
F Chenda,c3d8b72f,female,Zambia,7,,,,,batter,,derived:role_from_usage/v1,0.62,false
Farwa Baber,0affba80,female,Czech Republic,7,,,,,all-rounder,,derived:role_from_usage/v1,0.62,false
Snigdha Malhotra,aaec928b,female,Canada,7,,,,,bowler,,derived:role_from_usage/v1,0.62,false
Arif Hosen,a21dfb66,male,Timor-Leste,7,,,,,batter,,derived:role_from_usage/v1,0.62,false
DJ Jacobs,a84468fe,male,Mumbai Indians,7,,,,,batter,yes,derived:role_from_usage/v1 | derived:keeper_inference_aggregate/v1,0.62 | 0.71,false
M Klinger,b970a03f,male,Australia;Kochi Tuskers Kerala,7,,,,,batter,,derived:role_from_usage/v1,0.62,false
AM Salvi,260fd380,male,Delhi Daredevils,7,,,,,bowler,,derived:role_from_usage/v1,0.62,false
RJ Quiney,23ac69e6,male,Rajasthan Royals,7,,,,,batter,,derived:role_from_usage/v1,0.62,false
AA Bilakhia,bff458c6,male,Deccan Chargers,7,,,,,batter,,derived:role_from_usage/v1,0.62,false
Ishma Tanjim,5d428b3d,female,Bangladesh,7,,,,,batter,,derived:role_from_usage/v1,0.62,false
WT Gavera,7516045a,male,Papua New Guinea,7,,,,,bowler,,derived:role_from_usage/v1,0.62,false
LD Madushanka,de063a39,male,Sri Lanka,7,,,,,bowler,,derived:role_from_usage/v1,0.62,false
J Matharu,f0398c2f,male,Canada,7,,,,,bowler,,derived:role_from_usage/v1,0.62,false
Jai Prakash Yadav,7ba54dc9,male,India,7,,,,,all-rounder,,derived:role_from_usage/v1,0.62,false
SV Carlisle,17f552bf,male,Zimbabwe,7,,,,,batter,,derived:role_from_usage/v1,0.62,false
Adeel Raja,79004151,male,Netherlands,7,,,,,bowler,,derived:role_from_usage/v1,0.62,false
GEF Barnett,b7646e8c,male,Canada,7,,,,,batter,,derived:role_from_usage/v1,0.62,false
Madeeha Zuberi,c86675a9,female,Kuwait,7,,,,,batting all-rounder,,derived:role_from_usage/v1,0.62,false
LAGL Kirby,fe6d2da9,female,West Indies,7,,,,,batter,,derived:role_from_usage/v1,0.62,false
S Agazuma,76ba3f78,female,Nigeria,7,,,,,batter,,derived:role_from_usage/v1,0.62,false
T Lafai,10cfda7c,female,Samoa,7,,,,,all-rounder,,derived:role_from_usage/v1,0.62,false
E Brelivet,f2eb0e99,female,France,7,,,,,batter,,derived:role_from_usage/v1,0.62,false
A Mesarovic,15404b57,female,Serbia,7,,,,,all-rounder,,derived:role_from_usage/v1,0.62,false
T Gedarage,5be7eb8a,female,Cyprus,7,,,,,batter,,derived:role_from_usage/v1,0.62,false
Sargam Patel,cad52f7c,female,Qatar,7,,,,,batter,,derived:role_from_usage/v1,0.62,false
TC Mataora,6059bb14,female,Cook Islands,7,,,,,batting all-rounder,,derived:role_from_usage/v1,0.62,false
SM Arooja,59decd79,female,Malta,7,,,,,batter,,derived:role_from_usage/v1,0.62,false
Nazatul Hidayah Husna,e9c394c4,female,Malaysia,7,,,,,batter,,derived:role_from_usage/v1,0.62,false
Metty Fernandes,17881e49,female,Switzerland,7,,,,,bowler,,derived:role_from_usage/v1,0.62,false
S Hassall,39f23bd0,female,Isle of Man,7,,,,,batter,,derived:role_from_usage/v1,0.62,false
S Borakambi,36099d55,female,Tanzania,7,,,,,batting all-rounder,,derived:role_from_usage/v1,0.62,false
Abdul Majid,384cebed,male,Bahrain,7,,,,,bowler,,derived:role_from_usage/v1,0.62,false
Elias Hasan,f74a1394,male,Estonia,7,,,,,bowler,,derived:role_from_usage/v1,0.62,false
Mohmedazim Abbasbhai,175d3d9f,male,Zambia,7,,,,,batter,,derived:role_from_usage/v1,0.62,false
A Mongar,940255af,male,Bhutan,7,,,,,bowler,,derived:role_from_usage/v1,0.62,false
Jaikumar Thakur,18fcb85f,male,Croatia,7,,,,,all-rounder,,derived:role_from_usage/v1,0.62,false
D Nanda,22651574,male,Indonesia,7,,,,,batting all-rounder,,derived:role_from_usage/v1,0.62,false
JP Cabrera,b30bfd44,male,Argentina,7,,,,,batting all-rounder,,derived:role_from_usage/v1,0.62,false
TA Dudnath,15322a7b,male,Suriname,7,,,,,all-rounder,,derived:role_from_usage/v1,0.62,false
Davion Codner,6a84b40e,male,Cayman Islands,7,,,,,batting all-rounder,,derived:role_from_usage/v1,0.62,false
Huzaif Yousuf,95e47073,male,Bulgaria,7,,,,,batting all-rounder,,derived:role_from_usage/v1,0.62,false
Subham Patel,2a20a333,male,Kenya,7,,,,,batter,,derived:role_from_usage/v1,0.62,false
AK Roger,1f6f321d,male,Ivory Coast,7,,,,,batter,,derived:role_from_usage/v1,0.62,false
T Brown,e4bc45e0,male,Bahamas,7,,,,,batting all-rounder,,derived:role_from_usage/v1,0.62,false
Mertcan Filiz,b2e15fa9,male,Turkey,7,,,,,batter,,derived:role_from_usage/v1,0.62,false
JP Maher,ec526fca,male,Australia,7,,,,,batter,,derived:role_from_usage/v1,0.62,false
Saleem Elahi,1e7b1aa7,male,Pakistan,7,,,,,batter,,derived:role_from_usage/v1,0.62,false
S Gimhani,11b78c67,female,Sri Lanka,7,,,,,bowler,,derived:role_from_usage/v1,0.62,false
K De La Mare,089aec60,female,Guernsey,7,,,,,wicketkeeper-batter,yes,derived:role_from_usage/v1 | derived:keeper_inference_aggregate/v1,0.62 | 0.97,false
DC Delany,0f9c9d1d,male,Ireland,7,,,,,bowler,,derived:role_from_usage/v1,0.62,false
Asad Mohammad,89b7e368,male,Germany,7,,,,,all-rounder,,derived:role_from_usage/v1,0.62,false
M Raikes,a9b998d9,male,Gibraltar,7,,,,,batting all-rounder,,derived:role_from_usage/v1,0.62,false
J Stanigze,935305fd,male,Sweden,7,,,,,all-rounder,,derived:role_from_usage/v1,0.62,false
SNJ O'Keefe,3540beff,male,Australia,7,,,,,bowler,,derived:role_from_usage/v1,0.62,false
MKDI Amerasinghe,11ce1151,male,Sri Lanka,7,,,,,bowler,,derived:role_from_usage/v1,0.62,false
Amrita Sasidharan,b21446f8,female,Switzerland,7,,,,,batter,,derived:role_from_usage/v1,0.62,false
ZB Ender,54b592a5,female,Turkey,7,,,,,batting all-rounder,,derived:role_from_usage/v1,0.62,false
Lihara Ayeysekara,532c3f73,female,Qatar,7,,,,,batting all-rounder,,derived:role_from_usage/v1,0.62,false
V Jayant,6535cc7b,male,Lesotho,7,,,,,batting all-rounder,,derived:role_from_usage/v1,0.62,false
M Malle,e15c6692,male,Mali,7,,,,,batting all-rounder,,derived:role_from_usage/v1,0.62,false
F Campbell,02c3024c,male,Gambia,7,,,,,batter,,derived:role_from_usage/v1,0.62,false
CJ Nevin,4d220a66,male,New Zealand,7,,,,,batter,,derived:role_from_usage/v1,0.62,false
TM Srivastava,a76d10ba,male,Kings XI Punjab,7,,,,,batter,,derived:role_from_usage/v1,0.62,false
A Chopra,e249fdaa,male,Kolkata Knight Riders,7,,,,,batter,,derived:role_from_usage/v1,0.62,false
S Narwal,287686fd,male,Kolkata Knight Riders;Rajasthan Royals,7,,,,,bowler,,derived:role_from_usage/v1,0.62,false
D Jansen,8dc152d1,male,Mumbai Indians;South Africa,7,,,,,bowler,,derived:role_from_usage/v1,0.62,false
SC Joseph,1eff8625,male,West Indies,7,,,,,batter,,derived:role_from_usage/v1,0.62,false
MB Loye,b7e7313a,male,England,7,,,,,batter,,derived:role_from_usage/v1,0.62,false
TMK Mawoyo,3fb197cd,male,Zimbabwe,7,,,,,batter,,derived:role_from_usage/v1,0.62,false
Krishna Chandran,3165bc1b,male,United Arab Emirates,7,,,,,all-rounder,,derived:role_from_usage/v1,0.62,false
JM Apio,2842d925,female,Uganda,7,,,,,batting all-rounder,,derived:role_from_usage/v1,0.62,false
B Gaanamong,73d19a42,female,Botswana,7,,,,,batting all-rounder,,derived:role_from_usage/v1,0.62,false
LI Haoye,fe7ba5cf,female,China,7,,,,,bowler,,derived:role_from_usage/v1,0.62,false
Zayneb Fazil,d333e575,female,Bahrain,7,,,,,all-rounder,,derived:role_from_usage/v1,0.62,false
Sarrinah Ahmed,d949bc42,female,Qatar,7,,,,,batter,,derived:role_from_usage/v1,0.62,false
N Patron Fuentes,b29923b6,female,Argentina,7,,,,,batter,,derived:role_from_usage/v1,0.62,false
RV Auora,672cee0a,female,Cook Islands,7,,,,,bowler,,derived:role_from_usage/v1,0.62,false
TRR Sharfudheen,8a5b0066,female,Malta,7,,,,,batting all-rounder,,derived:role_from_usage/v1,0.62,false
Prithaa Ganeshan,ab7b5a48,female,Austria,7,,,,,batter,,derived:role_from_usage/v1,0.62,false
Mansi Parmar,aa05263e,female,Czech Republic,7,,,,,batting all-rounder,,derived:role_from_usage/v1,0.62,false
T Dissanayake,5fb4c015,female,Bulgaria,7,,,,,all-rounder,,derived:role_from_usage/v1,0.62,false
Heal Theara,aae7b7f0,female,Cambodia,7,,,,,bowler,,derived:role_from_usage/v1,0.62,false
LY Loch Srey,a994e18f,female,Cambodia,7,,,,,all-rounder,,derived:role_from_usage/v1,0.62,false
E Ndubudem,f3e65a4b,male,Nigeria,7,,,,,bowler,,derived:role_from_usage/v1,0.62,false
Mohammad Bhaidu,6d1c88a4,male,Zambia,7,,,,,batter,,derived:role_from_usage/v1,0.62,false
S Sharma,d6d2ac95,male,Mexico,7,,,,,bowler,,derived:role_from_usage/v1,0.62,false
IKO Aboagye,98614193,male,Ghana,7,,,,,all-rounder,,derived:role_from_usage/v1,0.62,false
Shujaat Rasool,2dd90a40,male,Bahrain,7,,,,,batting all-rounder,,derived:role_from_usage/v1,0.62,false
GE Gutierrez Chavez,6ecd3d7b,male,Mexico,7,,,,,batter,,derived:role_from_usage/v1,0.62,false
RA Thomas,6db7068e,male,Canada,7,,,,,batter,,derived:role_from_usage/v1,0.62,false
Raag Kapur,296358c9,male,Hong Kong,7,,,,,batting all-rounder,,derived:role_from_usage/v1,0.62,false
J Masquater,f6d3cab2,male,Tanzania,7,,,,,batter,,derived:role_from_usage/v1,0.62,false
SB Wagh,acf06e10,male,Mexico,7,,,,,batter,,derived:role_from_usage/v1,0.62,false
RR Saun,acb6ee37,male,Costa Rica,7,,,,,batter,,derived:role_from_usage/v1,0.62,false
S di Bartolomeo,823a57a9,male,Italy,7,,,,,bowler,,derived:role_from_usage/v1,0.62,false
Aliya Kamara,99033245,male,Sierra Leone,7,,,,,batting all-rounder,,derived:role_from_usage/v1,0.62,false
Zay Hua Tan,b0576916,female,Singapore,7,,,,,batter,,derived:role_from_usage/v1,0.62,false
N Chabula,c6fee9f1,female,Zambia,7,,,,,all-rounder,,derived:role_from_usage/v1,0.62,false
M Chabula,7952fe28,female,Zambia,7,,,,,all-rounder,,derived:role_from_usage/v1,0.62,false
L Wesley,320d39c0,female,Malawi,7,,,,,batting all-rounder,,derived:role_from_usage/v1,0.62,false
Harper Chalmers,26c257be,female,Canada,7,,,,,all-rounder,,derived:role_from_usage/v1,0.62,false
Shreya Voya,5c8f43ab,female,Canada,7,,,,,bowler,,derived:role_from_usage/v1,0.62,false
B Maphosa,20d948ae,male,Botswana,7,,,,,batting all-rounder,,derived:role_from_usage/v1,0.62,false
Akash Babu,fb59e5bc,male,Qatar,7,,,,,batter,,derived:role_from_usage/v1,0.62,false
W Smith,cc9989f9,male,Namibia,7,,,,,bowler,,derived:role_from_usage/v1,0.62,false
J Anderson,d5bbb6a2,male,Ireland,7,,,,,batting all-rounder,,derived:role_from_usage/v1,0.62,false
M Strano,f57d5dbb,female,Australia,7,,,,,bowler,,derived:role_from_usage/v1,0.62,false
E Waithaka,1e4c0204,female,Kenya,7,,,,,all-rounder,,derived:role_from_usage/v1,0.62,false
R Muriyalo,a2fc9177,female,Fiji,7,,,,,all-rounder,,derived:role_from_usage/v1,0.62,false
RSM Lili'i,ba3a1359,female,Samoa,7,,,,,all-rounder,,derived:role_from_usage/v1,0.62,false
Abdullahi Ismail,e20b9b34,male,Nigeria,7,,,,,bowler,,derived:role_from_usage/v1,0.62,false
D Ebersohn,6ca4e7bf,male,Mexico,7,,,,,batter,,derived:role_from_usage/v1,0.62,false
T Mpatane,e1846e12,male,Botswana,7,,,,,batting all-rounder,,derived:role_from_usage/v1,0.62,false
PUKK Arachchige,1ef6ed2b,male,Finland,7,,,,,batting all-rounder,,derived:role_from_usage/v1,0.62,false
Chamalka Fernando,cedf2c91,male,Romania;Singapore,7,,,,,batter,,derived:role_from_usage/v1,0.62,false
A Lazic,b9b65f93,male,Serbia,7,,,,,batter,,derived:role_from_usage/v1,0.62,false
Abdullah Khan Lodhi,6d8b7ac4,male,Turkey,7,,,,,batter,occasional,derived:role_from_usage/v1 | derived:keeper_inference_aggregate/v1,0.62 | 0.66,false
Suraiya Azmin,e6acd7aa,female,Bangladesh,7,,,,,bowler,,derived:role_from_usage/v1,0.62,false
RM van Oosterom,3ffeb064,female,Netherlands,7,,,,,batter,,derived:role_from_usage/v1,0.62,false
Sabir Ali,2a04400b,male,United Arab Emirates,7,,,,,bowler,,derived:role_from_usage/v1,0.62,false
C Wickramasinghe,a5c48ed1,male,Sri Lanka,7,,,,,bowler,,derived:role_from_usage/v1,0.62,false
WD Balaji Rao,8fd3b94d,male,Canada,7,,,,,bowler,,derived:role_from_usage/v1,0.62,false
LJ Woodcock,9ba59a3c,male,New Zealand,7,,,,,bowler,,derived:role_from_usage/v1,0.62,false
MA Carberry,8305580c,male,England,7,,,,,batter,,derived:role_from_usage/v1,0.62,false
S Nunna,24903af6,female,Bahrain,7,,,,,bowler,,derived:role_from_usage/v1,0.62,false
K Mataora,281cc1e8,female,Cook Islands,7,,,,,batter,occasional,derived:role_from_usage/v1 | derived:keeper_inference_aggregate/v1,0.62 | 0.66,false
Z Hoque,68f500c8,male,Thailand,7,,,,,all-rounder,,derived:role_from_usage/v1,0.62,false
M Faheem,7fc8bb18,male,Thailand,7,,,,,bowler,,derived:role_from_usage/v1,0.62,false
AM Oyede,21946d0d,male,Nigeria,7,,,,,batting all-rounder,,derived:role_from_usage/v1,0.62,false
J Perman,125bba96,male,Spain,7,,,,,bowler,,derived:role_from_usage/v1,0.62,false
Izatullah Dawlatzai,f96933f0,male,Germany,7,,,,,bowler,,derived:role_from_usage/v1,0.62,false
Sanjay Kumar Ahir,d11e0c76,male,Panama,7,,,,,batting all-rounder,,derived:role_from_usage/v1,0.62,false
K Hardat,f91f59f3,male,Suriname,7,,,,,batter,occasional,derived:role_from_usage/v1 | derived:keeper_inference_aggregate/v1,0.62 | 0.66,false
SM Harwood,63bff7f9,male,Australia;Rajasthan Royals,7,,,,,bowler,,derived:role_from_usage/v1,0.62,false
Nishita Akter Nishi,71a3b8a6,female,Bangladesh,7,,,,,bowler,,derived:role_from_usage/v1,0.62,false
C Overton,e9987a94,male,England,7,,,,,bowler,,derived:role_from_usage/v1,0.62,false
A Uwimbabazi,ef27e290,female,Rwanda,7,,,,,batter,,derived:role_from_usage/v1,0.62,false
JWN Moses,492c17f0,male,Botswana,7,,,,,batting all-rounder,,derived:role_from_usage/v1,0.62,false
HJW Gardiner,a1000a26,male,Scotland,7,,,,,batter,,derived:role_from_usage/v1,0.62,false
Ali Sheikh,fa4f5a0b,male,United States of America,7,,,,,all-rounder,,derived:role_from_usage/v1,0.62,false
V Pulibanti,ac02a458,male,Croatia,7,,,,,batter,,derived:role_from_usage/v1,0.62,false
DI Dusabemungu,90e03594,female,Rwanda,7,,,,,batter,,derived:role_from_usage/v1,0.62,false
Danish Jasnaik,d24ad3e5,male,Bahrain,7,,,,,batting all-rounder,,derived:role_from_usage/v1,0.62,false
S Nitschke,3032933c,female,Australia,7,,,,,all-rounder,,derived:role_from_usage/v1,0.62,false
R Baruah,41b63677,male,Estonia,7,,,,,batting all-rounder,,derived:role_from_usage/v1,0.62,false
Samader Shadab,4289ccc9,male,Greece,7,,,,,batting all-rounder,,derived:role_from_usage/v1,0.62,false
Abdul Shakoor,7b9b9aef,male,United Arab Emirates,7,,,,,batter,yes,derived:role_from_usage/v1 | derived:keeper_inference_aggregate/v1,0.62 | 0.71,false
S Gulecha,b70ec03e,male,Singapore,7,,,,,batting all-rounder,,derived:role_from_usage/v1,0.62,false
SG Whittingham,2d4465da,male,Scotland,7,,,,,bowler,,derived:role_from_usage/v1,0.62,false
PP Hinge,ece7b6b3,male,Sunrisers Hyderabad,7,,,,,bowler,,derived:role_from_usage/v1,0.62,false
Omid Shafi Rahman,edfe226f,male,United Arab Emirates,7,,,,,bowler,,derived:role_from_usage/v1,0.62,false
NR Welch,74c6c6e0,male,Zimbabwe,7,,,,,batter,,derived:role_from_usage/v1,0.62,false
R Athapaththu,3465e307,male,Romania,7,,,,,bowler,,derived:role_from_usage/v1,0.62,false
JH Stander,4373c57e,male,Scotland,7,,,,,all-rounder,,derived:role_from_usage/v1,0.62,false
L Moore,da50a075,female,Isle of Man,7,,,,,batter,occasional,derived:role_from_usage/v1 | derived:keeper_inference_aggregate/v1,0.62 | 0.66,false
Zeel Patel,c6635f86,female,Canada,7,,,,,batter,,derived:role_from_usage/v1,0.62,false
Baljit Singh,39f0b039,male,Italy,7,,,,,bowler,,derived:role_from_usage/v1,0.62,false
R Chanda,43fe74b1,female,Zambia,7,,,,,batting all-rounder,,derived:role_from_usage/v1,0.62,false
KL George,e69dbbef,female,England,7,,,,,bowler,,derived:role_from_usage/v1,0.62,false
OT Wallerson,2fdf42e9,female,United States of America,7,,,,,all-rounder,,derived:role_from_usage/v1,0.62,false
JC Tongue,1f1b4c89,male,England,7,,,,,bowler,,derived:role_from_usage/v1,0.62,false
Pech Pisa,c7eb3b9c,female,Cambodia,7,,,,,batter,,derived:role_from_usage/v1,0.62,false
IR Jaggi,dded65e7,male,Deccan Chargers;Kolkata Knight Riders,7,,,,,batter,,derived:role_from_usage/v1,0.62,false
Y van der Westhuizen,79e10d25,female,South Africa,7,,,,,batter,,derived:role_from_usage/v1,0.62,false
Salman Nazar,679af2e2,male,Canada,7,,,,,bowler,,derived:role_from_usage/v1,0.62,false
MC Juneja,605b7efa,male,Delhi Daredevils,7,,,,,batter,,derived:role_from_usage/v1,0.62,false
A Hewage,be53a6a2,female,Cyprus,7,,,,,batter,,derived:role_from_usage/v1,0.62,false
LM Gwebu,5cc27b7e,female,Eswatini,7,,,,,batter,,derived:role_from_usage/v1,0.62,false
KAB Hynam-Nyberg,692ed48b,male,Samoa,7,,,,,bowler,,derived:role_from_usage/v1,0.62,false
Naseem Khan,cfbd3998,male,Croatia,7,,,,,batting all-rounder,,derived:role_from_usage/v1,0.62,false
Memoona Riaz,3c5a7deb,female,Spain,7,,,,,batting all-rounder,,derived:role_from_usage/v1,0.62,false
GR Menes,50b2f0a8,female,Kuwait,7,,,,,batter,,derived:role_from_usage/v1,0.62,false
Abdullah Jasat,5a42db78,male,Panama,7,,,,,bowler,,derived:role_from_usage/v1,0.62,false
KA Hope,c59d8f8a,male,West Indies,7,,,,,batter,,derived:role_from_usage/v1,0.62,false
N Mapunda,a94c2947,male,Tanzania,7,,,,,wicketkeeper-batter,yes,derived:role_from_usage/v1 | derived:keeper_inference_aggregate/v1,0.62 | 0.97,false
K Burrows,f11f5a92,male,Bahamas,7,,,,,batter,,derived:role_from_usage/v1,0.62,false
N Thekiso,b835874f,female,Lesotho,7,,,,,batter,,derived:role_from_usage/v1,0.62,false
VN Veetil,3cf5a041,male,Qatar,7,,,,,all-rounder,,derived:role_from_usage/v1,0.62,false
DR Mousley,876dbe2d,male,England,7,,,,,batting all-rounder,,derived:role_from_usage/v1,0.62,false
SDJJ Dima,b8b95e44,male,Mozambique,7,,,,,all-rounder,,derived:role_from_usage/v1,0.62,false
Khalid Shah,9e432a38,male,United Arab Emirates,7,,,,,batter,,derived:role_from_usage/v1,0.62,false
Nazmus Sakib,53967e23,male,Malaysia,7,,,,,wicketkeeper-batter,yes,derived:role_from_usage/v1 | derived:keeper_inference_aggregate/v1,0.62 | 0.77,false
SDM Herath,a586804a,female,Cyprus,7,,,,,batter,,derived:role_from_usage/v1,0.62,false
Aanvi Kishore,b075b35d,female,Germany,7,,,,,batter,,derived:role_from_usage/v1,0.62,false
Muhammad Saleem,a025c156,male,Brazil,7,,,,,batter,,derived:role_from_usage/v1,0.62,false
T Abdulquadri,bc44071a,female,Nigeria,7,,,,,bowler,,derived:role_from_usage/v1,0.62,false
M Parinitha,28615668,female,Switzerland,7,,,,,bowler,,derived:role_from_usage/v1,0.62,false
JE Marks,f1aa94c3,male,Israel,7,,,,,batting all-rounder,,derived:role_from_usage/v1,0.62,false
J Chunquin,c37b1ed5,female,China,7,,,,,wicketkeeper-batter,yes,derived:role_from_usage/v1 | derived:keeper_inference_aggregate/v1,0.62 | 0.97,false
MJ Scotland,a1cc467d,male,Bermuda,7,,,,,batter,,derived:role_from_usage/v1,0.62,false
P Bhandari,ddd411e0,female,Finland,7,,,,,bowler,,derived:role_from_usage/v1,0.62,false
D Mukarurangwa,c52de9d9,female,Rwanda,7,,,,,batter,,derived:role_from_usage/v1,0.62,false
PW Gunaratne,27410b17,male,Sri Lanka,7,,,,,bowler,,derived:role_from_usage/v1,0.62,false
M Mokoatsela,fc32e121,female,Lesotho,7,,,,,batter,,derived:role_from_usage/v1,0.62,false
M Mosehle,8836fcac,male,South Africa,7,,,,,batter,yes,derived:role_from_usage/v1 | derived:keeper_inference_aggregate/v1,0.62 | 0.71,false
Likitha Yadav,1a9a6b15,female,Malta,7,,,,,all-rounder,,derived:role_from_usage/v1,0.62,false
Dok Da Nit,d6ca2714,female,Cambodia,7,,,,,batting all-rounder,,derived:role_from_usage/v1,0.62,false
K Modise,b7f70e36,male,Botswana,7,,,,,batting all-rounder,,derived:role_from_usage/v1,0.62,false
J Ghelzai,b38a7890,male,Austria,7,,,,,batter,,derived:role_from_usage/v1,0.62,false
SI Galagedara,05bb5fcf,female,Sri Lanka,7,,,,,batter,,derived:role_from_usage/v1,0.62,false
Khadeeja Fatima,8292d2e4,female,Canada,7,,,,,batter,occasional,derived:role_from_usage/v1 | derived:keeper_inference_aggregate/v1,0.62 | 0.66,false
SR Waters,86d38202,male,Kenya,7,,,,,batter,,derived:role_from_usage/v1,0.62,false
R Shukla,de4b0555,male,Delhi Daredevils;Mumbai Indians;Rajasthan Royals,7,,,,,bowler,,derived:role_from_usage/v1,0.62,false
Santiago Duggan,6876264c,male,Argentina,7,,,,,bowler,,derived:role_from_usage/v1,0.62,false
SP Gauchan,2d8aae2f,male,Nepal,7,,,,,bowler,,derived:role_from_usage/v1,0.62,false
Abdul Rahman,12f53be7,male,France;Singapore,7,,,,,batter,,derived:role_from_usage/v1,0.62,false
Phoup Srey Pheak,8c73dff5,female,Cambodia,7,,,,,bowler,,derived:role_from_usage/v1,0.62,false
NJ Amongin,98cdb42d,female,Uganda,7,,,,,bowler,,derived:role_from_usage/v1,0.62,false
GJ Batty,5ac8f17b,male,England,7,,,,,bowler,,derived:role_from_usage/v1,0.62,false
Ankit Soni,f18ba07f,male,Gujarat Lions,7,,,,,bowler,,derived:role_from_usage/v1,0.62,false
PE Kruger,39181592,male,South Africa,7,,,,,all-rounder,,derived:role_from_usage/v1,0.62,false
Pen Samon,caa4444c,female,Cambodia,7,,,,,batter,,derived:role_from_usage/v1,0.62,false
Mohammad Asaduzzaman,11406bad,male,Finland,7,,,,,bowler,,derived:role_from_usage/v1,0.62,false
Muhammad Kaleem,ff86a0e1,male,United Arab Emirates,7,,,,,batter,,derived:role_from_usage/v1,0.62,false
Sandeep Nair,6ceec40d,male,Bulgaria,7,,,,,batting all-rounder,,derived:role_from_usage/v1,0.62,false
TK Lal,98dae38e,male,Czech Republic,7,,,,,bowler,,derived:role_from_usage/v1,0.62,false
Neeraj Mishra,43e2e8c3,male,Czech Republic,7,,,,,bowler,,derived:role_from_usage/v1,0.62,false
ET Williams,90410756,female,Cook Islands,7,,,,,all-rounder,,derived:role_from_usage/v1,0.62,false
A Andriani,e697d88c,female,Indonesia,7,,,,,all-rounder,,derived:role_from_usage/v1,0.62,false
Itibarshah Deedar,711e73ac,male,Austria,7,,,,,bowler,,derived:role_from_usage/v1,0.62,false
HK Badani,5cb078d6,male,India,7,,,,,batting all-rounder,,derived:role_from_usage/v1,0.62,false
Salman Patel,4909a5f6,male,Zambia,7,,,,,batting all-rounder,,derived:role_from_usage/v1,0.62,false
HJC Mol,e33616eb,male,Netherlands,7,,,,,all-rounder,,derived:role_from_usage/v1,0.62,false
FE Carava,dc650363,male,Mozambique,7,,,,,batter,,derived:role_from_usage/v1,0.62,false
W Behr,9a8f01b7,male,Germany,7,,,,,all-rounder,,derived:role_from_usage/v1,0.62,false
Zaheer Ibrahim,d754fde8,male,Qatar,7,,,,,batter,,derived:role_from_usage/v1,0.62,false
D Wabwire,a628a5c8,male,Uganda,7,,,,,bowler,,derived:role_from_usage/v1,0.62,false
YI Kachhalia,61650adb,male,Panama,7,,,,,batter,,derived:role_from_usage/v1,0.62,false
Omar Hayat,d35a520a,male,Denmark,7,,,,,bowler,,derived:role_from_usage/v1,0.62,false
CJ Boyce,51a60c16,male,Australia,7,,,,,bowler,,derived:role_from_usage/v1,0.62,false
S Sharma,dae6fac5,female,India,7,,,,,bowler,,derived:role_from_usage/v1,0.62,false
Sohel Ebrahim Desai,3ec178e7,male,Panama,7,,,,,wicketkeeper-batter,yes,derived:role_from_usage/v1 | derived:keeper_inference_aggregate/v1,0.62 | 0.94,false
Ziaur Rehman,085c1a4c,male,Finland,7,,,,,batter,,derived:role_from_usage/v1,0.62,false
J Trembeath-Moro,788d661c,male,Spain,7,,,,,batter,,derived:role_from_usage/v1,0.62,false
SS Shukla,576d6fdf,male,Bahrain,7,,,,,bowler,,derived:role_from_usage/v1,0.62,false
J Andujar,4c257434,female,Argentina,7,,,,,batting all-rounder,,derived:role_from_usage/v1,0.62,false
Hazrat Bilal,bfaf461d,male,United Arab Emirates,7,,,,,bowler,,derived:role_from_usage/v1,0.62,false
Assad Borham,219a417a,male,Qatar,7,,,,,batter,,derived:role_from_usage/v1,0.62,false
C Greenshields,55f0e741,male,Portugal,7,,,,,batting all-rounder,,derived:role_from_usage/v1,0.62,false
Ansh Tandon,599ce28e,male,United Arab Emirates,7,,,,,batter,,derived:role_from_usage/v1,0.62,false
Olipa Gerald,ccd6b379,male,Uganda,7,,,,,batting all-rounder,,derived:role_from_usage/v1,0.62,false
AC Blizzard,1efb8a28,male,Mumbai Indians,7,,,,,batter,,derived:role_from_usage/v1,0.62,false
Preeti Bose,ca1a3105,female,India;Royal Challengers Bangalore,7,,,,,bowler,,derived:role_from_usage/v1,0.62,false
Amir Ali,3748955d,male,Oman,7,,,,,batting all-rounder,,derived:role_from_usage/v1,0.62,false
E Bosch,28d6c44d,male,South Africa,7,,,,,all-rounder,,derived:role_from_usage/v1,0.62,false
M Frey,4b5debcd,female,Estonia,7,,,,,batter,,derived:role_from_usage/v1,0.62,false
Arjun Tendulkar,44aac2f0,male,Lucknow Super Giants;Mumbai Indians,6,,,,,bowler,,derived:role_from_usage/v1,0.6,false
Sanvir Singh,b0f2baf4,male,Sunrisers Hyderabad,6,,,,,batter,,derived:role_from_usage/v1,0.6,false
TS Hasabnis,9728fe6c,female,India,6,,,,,batter,,derived:role_from_usage/v1,0.6,false
NK Crafton,6fa7dcd8,female,West Indies,6,,,,,batter,,derived:role_from_usage/v1,0.6,false
R Ugarkar,8a58f203,male,United States of America,6,,,,,bowler,,derived:role_from_usage/v1,0.6,false
GA Rogers,46050f42,male,Scotland,6,,,,,bowler,,derived:role_from_usage/v1,0.6,false
RR Emrit,e7de4f6b,male,West Indies,6,,,,,bowler,,derived:role_from_usage/v1,0.6,false
E Moiane,17f2fbf4,female,Mozambique,6,,,,,batting all-rounder,,derived:role_from_usage/v1,0.6,false
Nary Thapa,d24e69f5,female,Nepal,6,,,,,all-rounder,,derived:role_from_usage/v1,0.6,false
KML Nonu,50622bdd,female,Samoa,6,,,,,batter,,derived:role_from_usage/v1,0.6,false
Kiyo Fujikawa,bb0dfa8c,female,Japan,6,,,,,bowler,,derived:role_from_usage/v1,0.6,false
Sun Meng Yao,84a96566,female,China,6,,,,,batter,,derived:role_from_usage/v1,0.6,false
Hafsaa Abdhulla,7fa1e4a2,female,Maldives,6,,,,,batter,,derived:role_from_usage/v1,0.6,false
Latsha Haleemath,2d99b12e,female,Maldives,6,,,,,all-rounder,,derived:role_from_usage/v1,0.6,false
Tashiba Mirza,2020d4fd,female,Spain,6,,,,,batter,occasional,derived:role_from_usage/v1 | derived:keeper_inference_aggregate/v1,0.6 | 0.67,false
A Mossop,006b0d25,female,Jersey,6,,,,,batter,,derived:role_from_usage/v1,0.6,false
V Atanasova,b97e474c,female,Bulgaria,6,,,,,batting all-rounder,,derived:role_from_usage/v1,0.6,false
R Cunningham,6779e840,male,Gibraltar,6,,,,,batting all-rounder,,derived:role_from_usage/v1,0.6,false
J Grassi,913b4b9f,male,Italy,6,,,,,batter,,derived:role_from_usage/v1,0.6,false
A Manousis,b672e825,male,Greece,6,,,,,wicketkeeper-batter,yes,derived:role_from_usage/v1 | derived:keeper_inference_aggregate/v1,0.6 | 0.8,false
V Nagpaul,6d1db278,male,Singapore,6,,,,,bowler,,derived:role_from_usage/v1,0.6,false
R Galgalikar,3f951265,male,Mexico,6,,,,,batting all-rounder,,derived:role_from_usage/v1,0.6,false
Ian Roberts,9f236a73,male,Argentina,6,,,,,batter,,derived:role_from_usage/v1,0.6,false
PV Naringrekar,b0ff13d6,male,Costa Rica,6,,,,,batter,,derived:role_from_usage/v1,0.6,false
Sageer Ahmad,fb266d70,male,South Korea,6,,,,,all-rounder,,derived:role_from_usage/v1,0.6,false
CV Ranasinghe,b1a4226c,male,South Korea,6,,,,,bowler,,derived:role_from_usage/v1,0.6,false
Aue Oru,09ecc596,male,Papua New Guinea,6,,,,,bowler,,derived:role_from_usage/v1,0.6,false
Kaif Jamadar,0a95c25a,male,Finland,6,,,,,batter,,derived:role_from_usage/v1,0.6,false
Saif-Ul Islam,1f3d7990,male,Norway,6,,,,,batter,,derived:role_from_usage/v1,0.6,false
Faridullah Shams,b979b662,male,Austria,6,,,,,bowler,,derived:role_from_usage/v1,0.6,false
Vivek Dixit,d42de283,male,Luxembourg,6,,,,,all-rounder,,derived:role_from_usage/v1,0.6,false
Mertcan Donmez,fb5a5fe3,male,Turkey,6,,,,,batter,,derived:role_from_usage/v1,0.6,false
Salim Patel,6f13ff1c,male,Malawi;Panama,6,,,,,batter,,derived:role_from_usage/v1,0.6,false
MS Kashyap,9ab635dd,female,Gujarat Giants;India,6,,,,,bowler,,derived:role_from_usage/v1,0.6,false
MD du Preez,e5ad357a,male,Namibia,6,,,,,batter,,derived:role_from_usage/v1,0.6,false
Zulqarnain Haider,ee9bdbc8,male,Pakistan,6,,,,,wicketkeeper-batter,yes,derived:role_from_usage/v1 | derived:keeper_inference_aggregate/v1,0.6 | 0.93,false
D Keulder,34c823b0,male,Namibia,6,,,,,batter,,derived:role_from_usage/v1,0.6,false
NA de Groot,15d1b59e,male,Canada,6,,,,,all-rounder,,derived:role_from_usage/v1,0.6,false
Nur Aishah,f7301b56,female,Malaysia,6,,,,,batter,,derived:role_from_usage/v1,0.6,false
E Bourgaize,1308f9d8,female,Guernsey,6,,,,,batting all-rounder,,derived:role_from_usage/v1,0.6,false
Abraash Khan,684dc2da,male,Canada,6,,,,,batter,,derived:role_from_usage/v1,0.6,false
MD Garratt,aa4154ad,male,Gibraltar,6,,,,,batting all-rounder,,derived:role_from_usage/v1,0.6,false
Rahel Khan,c443b748,male,Sweden,6,,,,,batting all-rounder,,derived:role_from_usage/v1,0.6,false
R Theruvath,eb6d1f4d,male,Qatar,6,,,,,batter,,derived:role_from_usage/v1,0.6,false
Adnan Razzaq,91c0d39f,male,Belgium,6,,,,,bowler,,derived:role_from_usage/v1,0.6,false
KA Vimlesh,6d2081aa,male,Romania,6,,,,,batter,,derived:role_from_usage/v1,0.6,false
E Bhonkar,1dc3330f,male,Israel,6,,,,,batter,,derived:role_from_usage/v1,0.6,false
Zahid Zadran,a819f6c8,male,Germany,6,,,,,bowler,,derived:role_from_usage/v1,0.6,false
SE Findlay,6df8d190,male,West Indies,6,,,,,batter,,derived:role_from_usage/v1,0.6,false
CD Barnwell,0d51e658,male,West Indies,6,,,,,batting all-rounder,,derived:role_from_usage/v1,0.6,false
Elyza Wall,bbb5073b,female,Philippines,6,,,,,all-rounder,,derived:role_from_usage/v1,0.6,false
Sara,2c78e246,female,Saudi Arabia,6,,,,,batting all-rounder,,derived:role_from_usage/v1,0.6,false
S Kavindi,a76e68af,female,Sri Lanka,6,,,,,batter,,derived:role_from_usage/v1,0.6,false
Vani Dhanuka,98132a18,female,Switzerland,6,,,,,all-rounder,,derived:role_from_usage/v1,0.6,false
Samiha Konuganti,8e051da2,female,Switzerland,6,,,,,bowler,,derived:role_from_usage/v1,0.6,false
Omair Yousuf,f8e3c0f8,male,Pakistan,6,,,,,batter,,derived:role_from_usage/v1,0.6,false
Hassan Khan,8f0c3818,male,Germany,6,,,,,batter,,derived:role_from_usage/v1,0.6,false
Kabir Berlia,5e5a45bd,male,Singapore,6,,,,,bowler,,derived:role_from_usage/v1,0.6,false
Fahad Tariq,29f0e3c3,male,United Arab Emirates,6,,,,,batting all-rounder,,derived:role_from_usage/v1,0.6,false
Abid Ali,5d836a72,male,Pakistan,6,,,,,batter,,derived:role_from_usage/v1,0.6,false
C Hemraj,9d450c28,male,West Indies,6,,,,,batter,,derived:role_from_usage/v1,0.6,false
A Sokovagone,10e34eef,male,Fiji,6,,,,,batting all-rounder,,derived:role_from_usage/v1,0.6,false
Kawsar Khan,a14b3bc0,male,Brazil,6,,,,,all-rounder,,derived:role_from_usage/v1,0.6,false
Ronald Ebanks,e21ef7ec,male,Cayman Islands,6,,,,,bowler,,derived:role_from_usage/v1,0.6,false
M Nanayakkara,d661bc57,female,Sri Lanka,6,,,,,batting all-rounder,,derived:role_from_usage/v1,0.6,false
O Chare,d9fb6ede,female,Zimbabwe,6,,,,,bowler,,derived:role_from_usage/v1,0.6,false
Momina Riasat,27a9eb25,female,Pakistan,6,,,,,bowler,,derived:role_from_usage/v1,0.6,false
VR Vanitha,2d963999,female,India,6,,,,,batter,,derived:role_from_usage/v1,0.6,false
L McCarthy,8eb2e2e6,male,Ireland,6,,,,,bowler,,derived:role_from_usage/v1,0.6,false
R Telemachus,543b4a1f,male,South Africa,6,,,,,bowler,,derived:role_from_usage/v1,0.6,false
GR Codrington,e1e81c75,male,Canada,6,,,,,bowler,,derived:role_from_usage/v1,0.6,false
A Codrington,9cb022df,male,Canada,6,,,,,bowler,,derived:role_from_usage/v1,0.6,false
S Namusha,ba0e04b2,female,Namibia,6,,,,,bowler,,derived:role_from_usage/v1,0.6,false
F Bangur,1530ae9d,female,Sierra Leone,6,,,,,bowler,,derived:role_from_usage/v1,0.6,false
F Guirrugo,1745c7d4,female,Mozambique,6,,,,,all-rounder,,derived:role_from_usage/v1,0.6,false
M Yousaf,e2e5b178,female,Hong Kong,6,,,,,batting all-rounder,,derived:role_from_usage/v1,0.6,false
A Kitayama,34c205b1,female,Japan,6,,,,,batter,,derived:role_from_usage/v1,0.6,false
M Kanno,97fc39fd,female,Japan,6,,,,,all-rounder,,derived:role_from_usage/v1,0.6,false
EA Burns,2e0b6638,female,Australia;Royal Challengers Bangalore,6,,,,,batting all-rounder,,derived:role_from_usage/v1,0.6,false
EH Rendler,368d921c,female,United States of America,6,,,,,batter,,derived:role_from_usage/v1,0.6,false
M Zdravkova,d9645cab,female,Bulgaria,6,,,,,batting all-rounder,,derived:role_from_usage/v1,0.6,false
A Rautela,e113c6c7,female,Norway,6,,,,,batter,,derived:role_from_usage/v1,0.6,false
NL Mtomba,857b57ac,female,Zimbabwe,6,,,,,batter,,derived:role_from_usage/v1,0.6,false
CS Gamlath,9cdc553a,female,Cyprus,6,,,,,batter,,derived:role_from_usage/v1,0.6,false
S Iushchenko,ce192a4c,female,Malta,6,,,,,batter,,derived:role_from_usage/v1,0.6,false
Malyun Hassan,22cbe7fb,female,Finland,6,,,,,batting all-rounder,,derived:role_from_usage/v1,0.6,false
C Smith,c160db98,male,Isle of Man;Malaysia,6,,,,,all-rounder,,derived:role_from_usage/v1,0.6,false
MGSM Fernando,658c2e71,male,Italy,6,,,,,bowler,,derived:role_from_usage/v1,0.6,false
RJG Palmer,bc6f8328,male,Jersey,6,,,,,bowler,,derived:role_from_usage/v1,0.6,false
VL Mukesh,44744467,male,Seychelles,6,,,,,batting all-rounder,,derived:role_from_usage/v1,0.6,false
M Mwamadi,00029c30,male,Malawi,6,,,,,batting all-rounder,,derived:role_from_usage/v1,0.6,false
TAW Patterson,5abb0f07,male,Belize,6,,,,,batting all-rounder,,derived:role_from_usage/v1,0.6,false
V Jagannivasan,dfbea4b3,male,Czech Republic,6,,,,,batter,,derived:role_from_usage/v1,0.6,false
Ayyaz Qureshi,50dbc953,male,Slovenia,6,,,,,all-rounder,,derived:role_from_usage/v1,0.6,false
MR Kumar,c1c47acd,male,United Arab Emirates,6,,,,,batter,,derived:role_from_usage/v1,0.6,false
A Curavic,8b3cf264,male,Croatia,6,,,,,batter,,derived:role_from_usage/v1,0.6,false
Md Shuayeb,66000a39,male,Cambodia,6,,,,,batting all-rounder,,derived:role_from_usage/v1,0.6,false
Bhargav Narasimha,e60e8014,male,Mexico,6,,,,,bowler,,derived:role_from_usage/v1,0.6,false
AAH Bhikari,9dba7a41,male,Suriname,6,,,,,batting all-rounder,,derived:role_from_usage/v1,0.6,false
B Leo,740a5494,male,St Helena,6,,,,,bowler,,derived:role_from_usage/v1,0.6,false
M Mariyappan,69cbd850,male,Seychelles,6,,,,,batter,,derived:role_from_usage/v1,0.6,false
AJ Prajapati,3094606e,male,Mali,6,,,,,all-rounder,,derived:role_from_usage/v1,0.6,false
Deng Jinqi,871cf744,male,China,6,,,,,all-rounder,,derived:role_from_usage/v1,0.6,false
R Patten,4437df8c,male,Bahamas,6,,,,,batting all-rounder,,derived:role_from_usage/v1,0.6,false
M Akhigbe,32613355,male,Nigeria,6,,,,,batting all-rounder,,derived:role_from_usage/v1,0.6,false
Hayatullah Niazi,877ad201,male,Norway,6,,,,,all-rounder,,derived:role_from_usage/v1,0.6,false
GC Viljoen,a316d663,male,Kings XI Punjab,6,,,,,bowler,,derived:role_from_usage/v1,0.6,false
AC Dawson,62decd8e,male,South Africa,6,,,,,bowler,,derived:role_from_usage/v1,0.6,false
CD Cumming,463cd7cb,male,New Zealand,6,,,,,batter,,derived:role_from_usage/v1,0.6,false
G Kirsten,ad48eb56,male,South Africa,6,,,,,batter,,derived:role_from_usage/v1,0.6,false
GJ Whittall,6a52f5d3,male,Zimbabwe,6,,,,,all-rounder,,derived:role_from_usage/v1,0.6,false
GB Murgatroyd,18356eb3,male,Namibia,6,,,,,batter,,derived:role_from_usage/v1,0.6,false
LJ Burger,6f4d314b,male,Namibia,6,,,,,all-rounder,,derived:role_from_usage/v1,0.6,false
Wasim Akram,126e56a1,male,Pakistan,6,,,,,bowler,,derived:role_from_usage/v1,0.6,false
G Fernando,4e2def5c,female,Bahrain,6,,,,,batting all-rounder,,derived:role_from_usage/v1,0.6,false
M Ahono,8e0043dd,female,Kenya,6,,,,,batter,,derived:role_from_usage/v1,0.6,false
ST Eyyunni,3da7a16e,female,United States of America,6,,,,,bowler,,derived:role_from_usage/v1,0.6,false
L Dalbina,2b661b53,female,Estonia,6,,,,,all-rounder,,derived:role_from_usage/v1,0.6,false
Hilva Noor,8d747335,female,Indonesia,6,,,,,batting all-rounder,,derived:role_from_usage/v1,0.6,false
CN Messina,1afd0d5c,female,Cameroon,6,,,,,batter,,derived:role_from_usage/v1,0.6,false
Tamoor Sajjad,7bb926a7,male,Qatar,6,,,,,all-rounder,,derived:role_from_usage/v1,0.6,false
Kuldeep Lal,8a1d0222,male,Spain,6,,,,,batting all-rounder,,derived:role_from_usage/v1,0.6,false
AD Algar,020e49e9,male,Spain,6,,,,,batter,,derived:role_from_usage/v1,0.6,false
B Mahesh,90bd1f11,male,Cyprus,6,,,,,bowler,,derived:role_from_usage/v1,0.6,false
Choudry Share Ali,5c037734,male,Sweden,6,,,,,batter,,derived:role_from_usage/v1,0.6,false
C Musemez,7b2b4e29,male,Uganda,6,,,,,batter,,derived:role_from_usage/v1,0.6,false
GC Tonge,7d21eb9b,male,West Indies,6,,,,,bowler,,derived:role_from_usage/v1,0.6,false
G Ionita,c5c308b7,female,Romania,6,,,,,batter,,derived:role_from_usage/v1,0.6,false
M Modise,024e0635,female,Botswana,6,,,,,batter,,derived:role_from_usage/v1,0.6,false
B Mosoaboli,c92f74da,female,Lesotho,6,,,,,batting all-rounder,,derived:role_from_usage/v1,0.6,false
M Kachingo,287dab75,female,Zambia,6,,,,,all-rounder,,derived:role_from_usage/v1,0.6,false
E Malama,cd440d77,female,Zambia,6,,,,,batter,,derived:role_from_usage/v1,0.6,false
E Mmese,c05f9e9d,female,Botswana,6,,,,,batting all-rounder,,derived:role_from_usage/v1,0.6,false
JC Bieni,e8eab9f5,female,Nigeria,6,,,,,batter,,derived:role_from_usage/v1,0.6,false
H Santhoshkumar,a3586afb,female,Canada,6,,,,,batting all-rounder,,derived:role_from_usage/v1,0.6,false
A Conteh,97b9cb64,male,Gambia,6,,,,,all-rounder,,derived:role_from_usage/v1,0.6,false
K Zondo,4aad78d3,male,South Africa,6,,,,,batter,,derived:role_from_usage/v1,0.6,false
JA McCollum,c7105dab,male,Ireland,6,,,,,batter,,derived:role_from_usage/v1,0.6,false
TCB Fernando,717e803a,male,Sri Lanka,6,,,,,bowler,,derived:role_from_usage/v1,0.6,false
M van Jaarsveld,f407e354,male,South Africa,6,,,,,batting all-rounder,,derived:role_from_usage/v1,0.6,false
Ashmeet Bhullar,4be29b87,female,Portugal,6,,,,,batter,,derived:role_from_usage/v1,0.6,false
MALD Buccimazza,a44d44e2,female,Portugal,6,,,,,batter,,derived:role_from_usage/v1,0.6,false
AJA Samuels,9a28e6e1,male,Cook Islands,6,,,,,bowler,,derived:role_from_usage/v1,0.6,false
DR Tawake,8c11c10a,male,Fiji,6,,,,,batter,,derived:role_from_usage/v1,0.6,false
S Gantulga,8d995b86,male,Mongolia,6,,,,,batter,,derived:role_from_usage/v1,0.6,false
WA Simpson,6de0f650,male,Singapore,6,,,,,batter,,derived:role_from_usage/v1,0.6,false
G Caisley,0f06d3cd,male,Brazil,6,,,,,batter,,derived:role_from_usage/v1,0.6,false
FFJ Heo,c73c75f9,male,Indonesia,6,,,,,batter,,derived:role_from_usage/v1,0.6,false
M Badenhorst,8a22e5f0,male,Botswana,6,,,,,batting all-rounder,,derived:role_from_usage/v1,0.6,false
PR Veer,e148e6bd,male,Chennai Super Kings,6,,,,,batter,,derived:role_from_usage/v1,0.6,false
D Salunkhe,0264c10e,male,Rajasthan Royals,6,,,,,batting all-rounder,,derived:role_from_usage/v1,0.6,false
DJ Thornely,7d3937ed,male,Mumbai Indians,6,,,,,batting all-rounder,,derived:role_from_usage/v1,0.6,false
MA Abbas,c3576908,male,New Zealand,6,,,,,all-rounder,,derived:role_from_usage/v1,0.6,false
Mohammad Mohsin,79f8472d,male,United States of America,6,,,,,bowler,,derived:role_from_usage/v1,0.6,false
Zahid Shirzad,5696c45d,male,Canada,6,,,,,bowler,,derived:role_from_usage/v1,0.6,false
C de Lange,25733f03,male,Netherlands,6,,,,,batter,,derived:role_from_usage/v1,0.6,false
GM Ewing,36fc8d18,male,Zimbabwe,6,,,,,bowler,,derived:role_from_usage/v1,0.6,false
S Mukuddem,da045dea,male,Bermuda,6,,,,,all-rounder,,derived:role_from_usage/v1,0.6,false
S Lackay,d3a9aadd,female,South Africa,6,,,,,batting all-rounder,,derived:role_from_usage/v1,0.6,false
M Matine,021b4be9,female,Mozambique,6,,,,,batter,,derived:role_from_usage/v1,0.6,false
I Seneviratne,e2aeba08,female,United Arab Emirates,6,,,,,batter,,derived:role_from_usage/v1,0.6,false
Chen Yue,8b582549,female,China,6,,,,,batter,,derived:role_from_usage/v1,0.6,false
AL Mangue,7e8cd083,female,Mozambique,6,,,,,batting all-rounder,,derived:role_from_usage/v1,0.6,false
L Kooagile,88c742fb,female,Botswana,6,,,,,batter,,derived:role_from_usage/v1,0.6,false
A Vailoa,65684b2b,female,Cook Islands,6,,,,,bowler,,derived:role_from_usage/v1,0.6,false
I Kaur,58da4880,female,Portugal,6,,,,,batter,,derived:role_from_usage/v1,0.6,false
L Martin,1c19e5eb,female,Finland,6,,,,,all-rounder,,derived:role_from_usage/v1,0.6,false
T Zotos,4c4d245a,male,Greece,6,,,,,batting all-rounder,,derived:role_from_usage/v1,0.6,false
T Yotharat,1f74f675,male,Thailand,6,,,,,batting all-rounder,,derived:role_from_usage/v1,0.6,false
Asif Javed,6e397f37,male,Bahrain,6,,,,,all-rounder,,derived:role_from_usage/v1,0.6,false
K Suttisan,00757ae7,male,Thailand,6,,,,,batter,,derived:role_from_usage/v1,0.6,false
K Lake,20321b0c,male,Japan,6,,,,,batting all-rounder,,derived:role_from_usage/v1,0.6,false
V Dhaniram,10885753,male,Cayman Islands,6,,,,,all-rounder,,derived:role_from_usage/v1,0.6,false
J Yon,ecd41f8c,male,St Helena,6,,,,,bowler,,derived:role_from_usage/v1,0.6,false
S Vaz,ad67ab56,male,Portugal,6,,,,,bowler,,derived:role_from_usage/v1,0.6,false
AS Broomfield,4b8e8f64,male,South Korea,6,,,,,batter,,derived:role_from_usage/v1,0.6,false
Muhammad Nadeem,f681481e,male,South Korea,6,,,,,bowler,,derived:role_from_usage/v1,0.6,false
Rahim Khan,95dc5adc,male,Malaysia,6,,,,,bowler,,derived:role_from_usage/v1,0.6,false
Izhar Hussain,1bc71d98,male,Switzerland,6,,,,,batter,,derived:role_from_usage/v1,0.6,false
OJR Groves,0b07cb5e,male,Slovenia,6,,,,,batter,,derived:role_from_usage/v1,0.6,false
Vamshi Reddy,d6f139ee,male,Mali,6,,,,,batting all-rounder,,derived:role_from_usage/v1,0.6,false
S Shailesh,423d2b12,male,Mali,6,,,,,all-rounder,,derived:role_from_usage/v1,0.6,false
K Nagnama,6770bccd,male,Ivory Coast,6,,,,,batting all-rounder,,derived:role_from_usage/v1,0.6,false
Nouman Sarwar,6adabee6,male,Qatar,6,,,,,all-rounder,,derived:role_from_usage/v1,0.6,false
Wahidullah Usmani,6d27e42d,male,Belgium,6,,,,,batter,,derived:role_from_usage/v1,0.6,false
OJ Webster,a69e2964,male,Isle of Man,6,,,,,all-rounder,,derived:role_from_usage/v1,0.6,false
C Waiswa,18db3f22,male,Uganda,6,,,,,bowler,,derived:role_from_usage/v1,0.6,false
Mirza Ahmed,9a54c30a,male,Kuwait,6,,,,,bowler,,derived:role_from_usage/v1,0.6,false
Mohammed Faraazuddin,18ac3318,male,United Arab Emirates,6,,,,,bowler,,derived:role_from_usage/v1,0.6,false
Puneet Arora,c2f8f36e,male,Mexico,6,,,,,batter,,derived:role_from_usage/v1,0.6,false
Shahzaib,befef38f,male,Saudi Arabia,6,,,,,bowler,,derived:role_from_usage/v1,0.6,false
Toqeer Ahmad,d4f2a7b0,male,Denmark,6,,,,,bowler,,derived:role_from_usage/v1,0.6,false
TR Ambrose,a15aaa7f,male,England,6,,,,,batter,occasional,derived:role_from_usage/v1 | derived:keeper_inference_aggregate/v1,0.6 | 0.67,false
B Bhadriraju,8d5580a7,female,United States of America,6,,,,,bowler,,derived:role_from_usage/v1,0.6,false
S Kijiana,ed1f0ef2,female,Fiji,6,,,,,batting all-rounder,,derived:role_from_usage/v1,0.6,false
M Kearvell,d802854a,female,Romania,6,,,,,batting all-rounder,,derived:role_from_usage/v1,0.6,false
D Tanase,3e377209,female,Romania,6,,,,,bowler,,derived:role_from_usage/v1,0.6,false
Srishti Raha,b325acfa,female,Canada,6,,,,,batter,occasional,derived:role_from_usage/v1 | derived:keeper_inference_aggregate/v1,0.6 | 0.67,false
SD Ranawaka,4afe1806,female,Bahrain,6,,,,,bowler,,derived:role_from_usage/v1,0.6,false
Wa Thone Nadi,037734ad,female,Myanmar,6,,,,,bowler,,derived:role_from_usage/v1,0.6,false
A Djordjevic,86514032,female,Serbia,6,,,,,batter,,derived:role_from_usage/v1,0.6,false
K Ristic,f3d2b7ea,female,Serbia,6,,,,,batter,,derived:role_from_usage/v1,0.6,false
AN Hyobeom,8a00eec1,male,South Korea,6,,,,,batting all-rounder,,derived:role_from_usage/v1,0.6,false
DG Nalkande,cd8d2859,male,Gujarat Titans,6,,,,,bowler,,derived:role_from_usage/v1,0.6,false
Raghu Sharma,5b615e7c,male,Mumbai Indians,6,,,,,bowler,,derived:role_from_usage/v1,0.6,false
MM English,8629178f,male,Scotland,6,,,,,batter,,derived:role_from_usage/v1,0.6,false
Arafat Minhas,f2e8b37c,male,Pakistan,6,,,,,all-rounder,,derived:role_from_usage/v1,0.6,false
E Simeon,6d97d2e2,female,Namibia,6,,,,,batter,yes,derived:role_from_usage/v1 | derived:keeper_inference_aggregate/v1,0.6 | 0.73,false
R Endo,9235396c,female,Japan,6,,,,,batting all-rounder,,derived:role_from_usage/v1,0.6,false
N Tokizawa,0e818f80,female,Japan,6,,,,,all-rounder,,derived:role_from_usage/v1,0.6,false
Sumayya Abdul,a521ba3e,female,Maldives,6,,,,,batting all-rounder,,derived:role_from_usage/v1,0.6,false
B Maes Loch,d19bec3f,female,Germany,6,,,,,all-rounder,,derived:role_from_usage/v1,0.6,false
R Gnanaraj,6ab0658d,female,Singapore,6,,,,,batting all-rounder,,derived:role_from_usage/v1,0.6,false
AE Moe,aac82442,female,Myanmar,6,,,,,batter,,derived:role_from_usage/v1,0.6,false
S Bharratt,1335107b,male,Suriname,6,,,,,batter,,derived:role_from_usage/v1,0.6,false
J Perry,f5c73a14,male,Suriname,6,,,,,batter,yes,derived:role_from_usage/v1 | derived:keeper_inference_aggregate/v1,0.6 | 0.73,false
J Essex,84012d7f,male,St Helena,6,,,,,batting all-rounder,,derived:role_from_usage/v1,0.6,false
Q Stephens,9f0ab09b,male,Cook Islands,6,,,,,bowler,,derived:role_from_usage/v1,0.6,false
L Grace,de16fed9,male,Cook Islands,6,,,,,batter,,derived:role_from_usage/v1,0.6,false
MK Gnanasekaram,24b3651c,male,Switzerland,6,,,,,batter,,derived:role_from_usage/v1,0.6,false
Shenjian Zheng,a127e6f5,male,China,6,,,,,batter,,derived:role_from_usage/v1,0.6,false
VT Thiyanesh,e1d2c0bf,male,Singapore,6,,,,,batting all-rounder,,derived:role_from_usage/v1,0.6,false
M Janicijevic,0fce11e1,male,Serbia,6,,,,,bowler,,derived:role_from_usage/v1,0.6,false
Al Sahariar,fdd414ab,male,Bangladesh,6,,,,,batter,,derived:role_from_usage/v1,0.6,false
R Misra,430f7ef9,female,Canada,6,,,,,batting all-rounder,,derived:role_from_usage/v1,0.6,false
SI Bara,850e9e00,female,Indonesia,6,,,,,bowler,,derived:role_from_usage/v1,0.6,false
S Sebastian,f3fce917,female,Croatia,6,,,,,batter,,derived:role_from_usage/v1,0.6,false
E Millington,9877d487,female,Guernsey,6,,,,,all-rounder,,derived:role_from_usage/v1,0.6,false
R Bowley,a42406e2,female,Jersey,6,,,,,batter,,derived:role_from_usage/v1,0.6,false
Amir Mangal,a48c9735,male,Germany,6,,,,,batting all-rounder,,derived:role_from_usage/v1,0.6,false
Mamoon Latif,8d78d0d0,male,Belgium,6,,,,,batter,,derived:role_from_usage/v1,0.6,false
K Mendon,015dc0cd,male,Czech Republic,6,,,,,batting all-rounder,,derived:role_from_usage/v1,0.6,false
NT Raghunandan,245c13c2,female,Portugal,6,,,,,all-rounder,,derived:role_from_usage/v1,0.6,false
P Kotoisuva,b3e5205c,male,Fiji,6,,,,,batting all-rounder,,derived:role_from_usage/v1,0.6,false
JQK Moala,d77ddc9f,male,Fiji,6,,,,,bowler,,derived:role_from_usage/v1,0.6,false
GPK Wijesingha,91f4a6e5,male,Maldives,6,,,,,batter,,derived:role_from_usage/v1,0.6,false
P Amarnath,6ad3a659,male,Chennai Super Kings,6,,,,,bowler,,derived:role_from_usage/v1,0.6,false
C Prasad,4cc7cb1d,female,United States of America,6,,,,,bowler,,derived:role_from_usage/v1,0.6,false
NT Gruny,cdff374b,female,United States of America,6,,,,,batter,,derived:role_from_usage/v1,0.6,false
Sok Srey Maov,c5e3fe3c,female,Cambodia,6,,,,,bowler,,derived:role_from_usage/v1,0.6,false
GHS Garton,be869ccf,male,England;Royal Challengers Bangalore,6,,,,,bowler,,derived:role_from_usage/v1,0.6,false
S Samal,c7e3c349,male,Rwanda,6,,,,,batter,,derived:role_from_usage/v1,0.6,false
S Tarawally,809ab8d4,male,Sierra Leone,6,,,,,bowler,,derived:role_from_usage/v1,0.6,false
L Maphane,b3092fc4,male,Botswana,6,,,,,batter,,derived:role_from_usage/v1,0.6,false
D Mullen,61da7440,male,Guernsey,6,,,,,bowler,,derived:role_from_usage/v1,0.6,false
Saghir Khan,730d2283,male,United Arab Emirates,6,,,,,all-rounder,,derived:role_from_usage/v1,0.6,false
HJ Armitage,f05167d2,female,England,6,,,,,batter,,derived:role_from_usage/v1,0.6,false
Sai Hla Htwe,740d29d5,male,Myanmar,6,,,,,batting all-rounder,,derived:role_from_usage/v1,0.6,false
Matiullah Khan,083e01d9,male,United Arab Emirates,6,,,,,bowler,,derived:role_from_usage/v1,0.6,false
HK Kukreja,b67bfbf8,male,Singapore,6,,,,,batting all-rounder,,derived:role_from_usage/v1,0.6,false
JO Troughton,af2cc80a,male,England,6,,,,,batter,,derived:role_from_usage/v1,0.6,false
B Passoni,a3e8e678,male,Brazil,6,,,,,batter,,derived:role_from_usage/v1,0.6,false
AL Hodgkinson,f874c5a7,female,South Africa,6,,,,,batter,,derived:role_from_usage/v1,0.6,false
LK Bennett,ecbbebf1,female,Netherlands,6,,,,,all-rounder,,derived:role_from_usage/v1,0.6,false
DJ Muthuswami,2c76b512,male,Delhi Daredevils,6,,,,,bowler,,derived:role_from_usage/v1,0.6,false
Saad Nasim,3fbb43a9,male,Pakistan,6,,,,,batting all-rounder,,derived:role_from_usage/v1,0.6,false
R Avdylaj,422c0dde,female,Austria,6,,,,,batting all-rounder,,derived:role_from_usage/v1,0.6,false
L Jones,c7fcc20b,female,South Africa,6,,,,,all-rounder,,derived:role_from_usage/v1,0.6,false
PD Blignaut,20ab5aad,male,Namibia,6,,,,,bowler,,derived:role_from_usage/v1,0.6,false
S Yildirim,aae9b47b,female,Turkey,6,,,,,batting all-rounder,,derived:role_from_usage/v1,0.6,false
M Kojo,7a652afa,female,Finland,6,,,,,bowler,,derived:role_from_usage/v1,0.6,false
TG Gordon,9cbbe35b,male,Canada,6,,,,,batter,,derived:role_from_usage/v1,0.6,false
Snigdha Paul,efa8eae7,female,United States of America,6,,,,,all-rounder,,derived:role_from_usage/v1,0.6,false
A Lupascu,66f819df,female,Romania,6,,,,,bowler,,derived:role_from_usage/v1,0.6,false
Reema Naseer,6b999fbe,female,Bahrain,6,,,,,batter,,derived:role_from_usage/v1,0.6,false
M Ndipo,e6a893a1,female,Malawi,6,,,,,batter,,derived:role_from_usage/v1,0.6,false
E Mulenga,10ae734d,female,Zambia,6,,,,,batting all-rounder,,derived:role_from_usage/v1,0.6,false
P Munsanda,a648fdcd,female,Zambia,6,,,,,batter,,derived:role_from_usage/v1,0.6,false
Mohammad Salman,9eea360c,male,Pakistan,6,,,,,wicketkeeper-batter,yes,derived:role_from_usage/v1 | derived:keeper_inference_aggregate/v1,0.6 | 0.8,false
B Angeltti,3cdab0cc,male,Argentina,6,,,,,batter,,derived:role_from_usage/v1,0.6,false
Zhao Tianle,023c40b8,male,China,6,,,,,batting all-rounder,,derived:role_from_usage/v1,0.6,false
J Newland,d2089154,female,Sierra Leone,6,,,,,batter,,derived:role_from_usage/v1,0.6,false
P Heron,30b902a3,male,Cayman Islands,6,,,,,batter,,derived:role_from_usage/v1,0.6,false
C Kanta,96c936d7,female,Greece,6,,,,,batter,,derived:role_from_usage/v1,0.6,false
Rashid Hashmi,727b313a,male,Croatia,6,,,,,wicketkeeper-batter,yes,derived:role_from_usage/v1 | derived:keeper_inference_aggregate/v1,0.6 | 0.8,false
Sikder Billah,aa76333b,male,Bahrain,6,,,,,batting all-rounder,,derived:role_from_usage/v1,0.6,false
I Maraj,2d783277,male,Canada,6,,,,,batting all-rounder,,derived:role_from_usage/v1,0.6,false
SV Collyer,41f8d757,female,Portugal,6,,,,,batter,,derived:role_from_usage/v1,0.6,false
IGASF Pratiwi,720fbaad,female,Indonesia,6,,,,,batter,,derived:role_from_usage/v1,0.6,false
JS Iggo,6af31962,male,Singapore,6,,,,,batting all-rounder,,derived:role_from_usage/v1,0.6,false
C Sridev,5d17f075,male,Singapore,6,,,,,all-rounder,,derived:role_from_usage/v1,0.6,false
T Wuatai,307684f3,male,Cook Islands,6,,,,,batter,,derived:role_from_usage/v1,0.6,false
SA Nono,f6019e5d,female,Cameroon,6,,,,,batter,,derived:role_from_usage/v1,0.6,false
OJ Herrington,59fa2bbc,male,Belgium,6,,,,,batting all-rounder,,derived:role_from_usage/v1,0.6,false
S Vats,1afd4f89,male,Luxembourg,6,,,,,bowler,,derived:role_from_usage/v1,0.6,false
Isabel Walker,ea342fc1,female,Portugal,6,,,,,all-rounder,,derived:role_from_usage/v1,0.6,false
Furkan Tuskan,32009b6a,male,Turkey,6,,,,,all-rounder,,derived:role_from_usage/v1,0.6,false
K Klesse,9538c7be,male,Germany,6,,,,,batter,occasional,derived:role_from_usage/v1 | derived:keeper_inference_aggregate/v1,0.6 | 0.67,false
Fakhrul Mohon,33328ec7,male,Portugal,6,,,,,bowler,,derived:role_from_usage/v1,0.6,false
A Roy,d188300f,male,Netherlands,6,,,,,bowler,,derived:role_from_usage/v1,0.6,false
E Kuchey,5d6064b0,male,Finland,6,,,,,batting all-rounder,,derived:role_from_usage/v1,0.6,false
PN Mankad,663b5e34,male,Lucknow Super Giants;Punjab Kings,6,,,,,batter,,derived:role_from_usage/v1,0.6,false
P Roy,faaab47c,female,India,6,,,,,bowler,,derived:role_from_usage/v1,0.6,false
Rafiulah Alokozai,1f22730e,male,Belgium,6,,,,,bowler,,derived:role_from_usage/v1,0.6,false
GJ van Rensburg,602db3d9,male,Namibia,6,,,,,batting all-rounder,,derived:role_from_usage/v1,0.6,false
K Venkatraman,a6881817,male,Singapore,6,,,,,bowler,,derived:role_from_usage/v1,0.6,false
A Tripathi,07160156,male,Mexico,6,,,,,batter,,derived:role_from_usage/v1,0.6,false
MJ Massawe,f6b2e610,female,Tanzania,6,,,,,bowler,,derived:role_from_usage/v1,0.6,false
Qudratullah Mir Afzail,bd021695,male,Sweden,6,,,,,bowler,,derived:role_from_usage/v1,0.6,false
GJ Naik,52183095,female,Royal Challengers Bengaluru,6,,,,,batter,,derived:role_from_usage/v1,0.6,false
S Navaratne,29573e43,male,Japan,6,,,,,batter,,derived:role_from_usage/v1,0.6,false
Sivakumar,344292b2,male,Cambodia,6,,,,,batter,,derived:role_from_usage/v1,0.6,false
Sunny Singh,30e37810,male,Kings XI Punjab,6,,,,,batter,,derived:role_from_usage/v1,0.6,false
Zulqarnain Haider,2d46e8ed,male,Spain,6,,,,,bowler,,derived:role_from_usage/v1,0.6,false
SPS Shikongo,4043e3b0,male,Namibia,6,,,,,bowler,,derived:role_from_usage/v1,0.6,false
T Martic,1acf530e,female,Serbia,6,,,,,batter,,derived:role_from_usage/v1,0.6,false
M Ansari,681af475,male,Oman,6,,,,,bowler,,derived:role_from_usage/v1,0.6,false
SP Guzman,37a1766e,male,Panama,6,,,,,batter,,derived:role_from_usage/v1,0.6,false
AG Rao,0420f51f,female,United States of America,6,,,,,bowler,,derived:role_from_usage/v1,0.6,false
L Gharasim,18f4d808,male,Romania,6,,,,,batter,,derived:role_from_usage/v1,0.6,false
Lemar Momand,249fe400,male,Sweden,6,,,,,bowler,,derived:role_from_usage/v1,0.6,false
OE Newey,f4b6f6ac,male,Guernsey,6,,,,,batter,,derived:role_from_usage/v1,0.6,false
A Samildeen,bc19544d,female,Bahrain,6,,,,,batter,,derived:role_from_usage/v1,0.6,false
I Master,90ddee48,male,Botswana,6,,,,,batting all-rounder,,derived:role_from_usage/v1,0.6,false
D McGahey,b5ef8f19,female,Canada,6,,,,,batter,,derived:role_from_usage/v1,0.6,false
PJC Hoffmann,7157a72f,male,Scotland,6,,,,,bowler,,derived:role_from_usage/v1,0.6,false
Maaz Sadaqat,6d9560f3,male,Pakistan,6,,,,,batting all-rounder,,derived:role_from_usage/v1,0.6,false
Rejaul Karim,c767d8ed,male,Brazil,6,,,,,batter,,derived:role_from_usage/v1,0.6,false
A Le Ray,4c7d4170,female,Guernsey,6,,,,,all-rounder,,derived:role_from_usage/v1,0.6,false
Shamma Ali,012bd3f6,female,Maldives,6,,,,,bowler,,derived:role_from_usage/v1,0.6,false
LR Gaonkar,e51abd5e,male,Panama,6,,,,,batting all-rounder,occasional,derived:role_from_usage/v1 | derived:keeper_inference_aggregate/v1,0.6 | 0.67,false
Imran Khan,a0a32dd1,male,Portugal,6,,,,,batting all-rounder,,derived:role_from_usage/v1,0.6,false
M Gill,2eb25b39,male,Canada,6,,,,,batter,,derived:role_from_usage/v1,0.6,false
J Kgang,3cd5ae89,female,Botswana,6,,,,,batting all-rounder,,derived:role_from_usage/v1,0.6,false
AA Jimoh,b506636b,male,Nigeria,6,,,,,bowler,,derived:role_from_usage/v1,0.6,false
C Breteche,458a21f3,female,France,6,,,,,bowler,,derived:role_from_usage/v1,0.6,false
Jaison Jerome,e57d25fa,male,Malta,6,,,,,bowler,,derived:role_from_usage/v1,0.6,false
M Cargouet,990957cc,female,France,6,,,,,batter,,derived:role_from_usage/v1,0.6,false
B Vakatini,7ad1417c,male,Cook Islands,6,,,,,batter,,derived:role_from_usage/v1,0.6,false
PK Shoufeer,5c4ebae4,male,Cambodia,6,,,,,batter,,derived:role_from_usage/v1,0.6,false
Mukhtar Ahmed,456f6d99,male,Pakistan,6,,,,,batter,,derived:role_from_usage/v1,0.6,false
Waqar Younis,d8906a73,male,Pakistan,6,,,,,bowler,,derived:role_from_usage/v1,0.6,false
Asad Ali,f476d2a5,male,Pakistan,6,,,,,bowler,,derived:role_from_usage/v1,0.6,false
Aamer Yamin,907d6e58,male,Pakistan,6,,,,,bowler,,derived:role_from_usage/v1,0.6,false
AJ Burger,4347a4ae,male,Namibia,6,,,,,all-rounder,,derived:role_from_usage/v1,0.6,false
S Bandeva,c9b3394c,female,Malta,6,,,,,batter,,derived:role_from_usage/v1,0.6,false
R Smaran,c1e53c3f,male,Sunrisers Hyderabad,6,,,,,batter,,derived:role_from_usage/v1,0.6,false
M Kaswan,da76ae8f,female,Japan,6,,,,,bowler,,derived:role_from_usage/v1,0.6,false
MW Jones,487b8546,male,Scotland,6,,,,,bowler,,derived:role_from_usage/v1,0.6,false
DB Kotze,5ee47383,male,Namibia,6,,,,,all-rounder,,derived:role_from_usage/v1,0.6,false
Syed Rehmatullah,fcbdc2b0,male,Malaysia,6,,,,,batter,,derived:role_from_usage/v1,0.6,false
AA Jasani,1fb04d31,male,Tanzania,6,,,,,batter,,derived:role_from_usage/v1,0.6,false
Yash Singh,7adc2d68,male,Malta,6,,,,,bowler,,derived:role_from_usage/v1,0.6,false
LA Collado,177009a5,male,Gibraltar,6,,,,,batter,occasional,derived:role_from_usage/v1 | derived:keeper_inference_aggregate/v1,0.6 | 0.67,false
VS D'Souza,2808b2d9,female,Kuwait,6,,,,,batter,,derived:role_from_usage/v1,0.6,false
S Nair,863aa653,female,Oman,6,,,,,bowler,,derived:role_from_usage/v1,0.6,false
Fazil Rahman,d18b7f34,male,Malta,6,,,,,bowler,,derived:role_from_usage/v1,0.6,false
Anas Baig,c593fbb3,male,Uganda,6,,,,,batter,,derived:role_from_usage/v1,0.6,false
NL Smith,547408c8,male,Italy,6,,,,,batter,,derived:role_from_usage/v1,0.6,false
N Venables,6f852c49,male,Vanuatu,6,,,,,bowler,,derived:role_from_usage/v1,0.6,false
S Vasilakis,e18e9598,male,Greece,6,,,,,batting all-rounder,,derived:role_from_usage/v1,0.6,false
Imran Yousaf,5e67d4e0,male,Saudi Arabia,6,,,,,bowler,,derived:role_from_usage/v1,0.6,false
Eva Somsel Yangzom,12cff704,female,Bhutan,6,,,,,batter,,derived:role_from_usage/v1,0.6,false
N Gocheva,1be8f244,female,Bulgaria,6,,,,,batter,,derived:role_from_usage/v1,0.6,false
T Kahamker,125853c3,male,Israel,6,,,,,batting all-rounder,,derived:role_from_usage/v1,0.6,false
A Mehmood,7cefb2a2,male,Hong Kong,6,,,,,batting all-rounder,,derived:role_from_usage/v1,0.6,false
T Motlhabaphuti,1fb3e04f,female,Botswana,6,,,,,batting all-rounder,,derived:role_from_usage/v1,0.6,false
A Modi,4edfc785,male,Singapore,6,,,,,batter,,derived:role_from_usage/v1,0.6,false
JV Harris,d1ac815a,male,Canada,6,,,,,batter,,derived:role_from_usage/v1,0.6,false
E Ochieng,b64e3749,male,Kenya,6,,,,,all-rounder,,derived:role_from_usage/v1,0.6,false
MEC de Fouw,600c9d3f,female,Netherlands,6,,,,,bowler,,derived:role_from_usage/v1,0.6,false
Numan Ahmadzai,7da02d10,male,Switzerland,6,,,,,batter,,derived:role_from_usage/v1,0.6,false
MJ Suthar,025c4400,male,Gujarat Titans,5,,,,,batting all-rounder,,derived:role_from_usage/v1,0.58,false
KJ McCartney,771b44ed,female,Ireland,5,,,,,bowler,,derived:role_from_usage/v1,0.58,false
AL Watkins,d395e33c,female,New Zealand,5,,,,,all-rounder,,derived:role_from_usage/v1,0.58,false
SC Taylor,33b6b1b3,female,England,5,,,,,batter,,derived:role_from_usage/v1,0.58,false
IT Guha,f46500c3,female,England,5,,,,,bowler,,derived:role_from_usage/v1,0.58,false
CC Dalton,4412ede5,female,Ireland,5,,,,,batter,,derived:role_from_usage/v1,0.58,false
KDC Clarke,1e1a8922,male,New Zealand,5,,,,,bowler,,derived:role_from_usage/v1,0.58,false
D Mohammed,77079be1,male,West Indies,5,,,,,bowler,,derived:role_from_usage/v1,0.58,false
DR Brown,7c70083d,male,Scotland,5,,,,,all-rounder,,derived:role_from_usage/v1,0.58,false
JE Titmuss,4a6c0fbb,female,Hong Kong,5,,,,,all-rounder,,derived:role_from_usage/v1,0.58,false
A Kanada,ab50174b,female,Japan,5,,,,,batting all-rounder,,derived:role_from_usage/v1,0.58,false
E Chance,865ff0b2,female,France,5,,,,,batting all-rounder,,derived:role_from_usage/v1,0.58,false
AB Martinez,07c15419,female,Costa Rica,5,,,,,batting all-rounder,,derived:role_from_usage/v1,0.58,false
Amma Kashif,97b8dc3d,female,Qatar,5,,,,,batting all-rounder,,derived:role_from_usage/v1,0.58,false
S Praveen,c03a7d47,female,Nepal,5,,,,,batter,,derived:role_from_usage/v1,0.58,false
D Mehtani,c54cbd6b,female,Czech Republic,5,,,,,batter,,derived:role_from_usage/v1,0.58,false
J Edmiston,5af47874,female,Switzerland,5,,,,,batting all-rounder,,derived:role_from_usage/v1,0.58,false
S Jeelany,eed2d0be,female,Oman,5,,,,,batting all-rounder,,derived:role_from_usage/v1,0.58,false
Muskan Naseeb,517e1077,female,Spain,5,,,,,batter,,derived:role_from_usage/v1,0.58,false
H Sawaneh,09bea436,female,Sierra Leone,5,,,,,batting all-rounder,,derived:role_from_usage/v1,0.58,false
Zameer Khan,fb0d3749,male,Denmark,5,,,,,batter,occasional,derived:role_from_usage/v1 | derived:keeper_inference_aggregate/v1,0.58 | 0.68,false
T Rajiv,1ab8beda,male,Seychelles,5,,,,,batter,,derived:role_from_usage/v1,0.58,false
O Isesele,6034840a,male,Nigeria,5,,,,,bowler,,derived:role_from_usage/v1,0.58,false
AK Muslar,93f72fdc,male,Belize,5,,,,,wicketkeeper-batter,yes,derived:role_from_usage/v1 | derived:keeper_inference_aggregate/v1,0.58 | 0.97,false
Abdullah Sheikh,336a85f6,male,Norway,5,,,,,bowler,,derived:role_from_usage/v1,0.58,false
Muhammad Shoaib Ahmed,2a13e6b1,male,Cyprus,5,,,,,all-rounder,,derived:role_from_usage/v1,0.58,false
SD Valjalo,62d3f506,male,Croatia,5,,,,,all-rounder,,derived:role_from_usage/v1,0.58,false
P Pustoslemsek,de6ad58b,male,Slovenia,5,,,,,all-rounder,,derived:role_from_usage/v1,0.58,false
Sathya Narayanan,8ae49076,male,Switzerland,5,,,,,batter,,derived:role_from_usage/v1,0.58,false
J Pakhiaokajee,44d623c9,male,Thailand,5,,,,,batter,,derived:role_from_usage/v1,0.58,false
A Awasthi,93544e69,male,Croatia,5,,,,,batting all-rounder,,derived:role_from_usage/v1,0.58,false
KB Tember,8a027c6a,male,Indonesia,5,,,,,batter,,derived:role_from_usage/v1,0.58,false
Abdullah Mohd Yousaf,4cc968c5,male,Bahrain,5,,,,,all-rounder,,derived:role_from_usage/v1,0.58,false
Adil Khan,b4706200,male,Germany,5,,,,,bowler,,derived:role_from_usage/v1,0.58,false
CM Carroll,1439e6b5,male,Croatia,5,,,,,all-rounder,,derived:role_from_usage/v1,0.58,false
DJ Hall,a7a7a2d5,male,Croatia,5,,,,,all-rounder,,derived:role_from_usage/v1,0.58,false
Shuaib Al Balushi,87968c84,male,Oman,5,,,,,all-rounder,,derived:role_from_usage/v1,0.58,false
Yousif Wali,ed27d267,male,Bahrain,5,,,,,all-rounder,,derived:role_from_usage/v1,0.58,false
JR Cope,d22960d9,male,Czech Republic,5,,,,,bowler,,derived:role_from_usage/v1,0.58,false
JP Netto,0f3e4716,male,Portugal,5,,,,,batter,,derived:role_from_usage/v1,0.58,false
H Aggarwal,021ac4dd,male,Estonia,5,,,,,all-rounder,,derived:role_from_usage/v1,0.58,false
A Choudhary,18e6906e,male,Royal Challengers Bangalore,5,,,,,bowler,,derived:role_from_usage/v1,0.58,false
K Schultz,6900060d,female,West Indies,5,,,,,bowler,,derived:role_from_usage/v1,0.58,false
RM Jariwala,20f3a03d,male,United States of America,5,,,,,batter,,derived:role_from_usage/v1,0.58,false
BL Kotze,540ffb25,male,Namibia,5,,,,,bowler,,derived:role_from_usage/v1,0.58,false
J George,9044ee8e,female,Cook Islands,5,,,,,all-rounder,,derived:role_from_usage/v1,0.58,false
NKD Murtiari,a38669ba,female,Indonesia,5,,,,,all-rounder,,derived:role_from_usage/v1,0.58,false
T Moitoi,c916fe60,female,Botswana,5,,,,,batter,,derived:role_from_usage/v1,0.58,false
F Bulpitt,4f1f5bdd,female,Guernsey,5,,,,,batting all-rounder,,derived:role_from_usage/v1,0.58,false
M Robinson,262b1d7d,female,Guernsey,5,,,,,all-rounder,,derived:role_from_usage/v1,0.58,false
A Littlejohns,3498a188,female,Isle of Man,5,,,,,batter,,derived:role_from_usage/v1,0.58,false
J Reb,880eca04,male,Serbia,5,,,,,batter,,derived:role_from_usage/v1,0.58,false
S Thakur,a073f2ff,male,Romania,5,,,,,all-rounder,,derived:role_from_usage/v1,0.58,false
S Banamali,4d9dfc7f,male,Singapore,5,,,,,bowler,,derived:role_from_usage/v1,0.58,false
WT Mubayiwa,2343b4bf,male,Zimbabwe,5,,,,,bowler,,derived:role_from_usage/v1,0.58,false
H McAleer,8b39d02a,male,Isle of Man,5,,,,,batter,occasional,derived:role_from_usage/v1 | derived:keeper_inference_aggregate/v1,0.58 | 0.68,false
G Tuskan,0b22ec0f,male,Turkey,5,,,,,all-rounder,,derived:role_from_usage/v1,0.58,false
Vasmiakram Chand,7a7bc7a4,male,Zambia,5,,,,,batter,,derived:role_from_usage/v1,0.58,false
Zakir Husain Patel,c9a38569,male,Zambia,5,,,,,bowler,,derived:role_from_usage/v1,0.58,false
Matthew Mount,245ca608,male,Malawi,5,,,,,batter,,derived:role_from_usage/v1,0.58,false
J Edness,74487d79,male,Bermuda,5,,,,,batter,occasional,derived:role_from_usage/v1 | derived:keeper_inference_aggregate/v1,0.58 | 0.68,false
JS Foster,e68dd455,male,England,5,,,,,wicketkeeper-batter,yes,derived:role_from_usage/v1 | derived:keeper_inference_aggregate/v1,0.58 | 0.97,false
Awais Zia,5c88fab9,male,Pakistan,5,,,,,batter,,derived:role_from_usage/v1,0.58,false
Kamran Shazad,75186c24,male,United Arab Emirates,5,,,,,bowler,,derived:role_from_usage/v1,0.58,false
Ruba Rashid,221ba3f5,female,Saudi Arabia,5,,,,,batter,,derived:role_from_usage/v1,0.58,false
Rida Syeda,f802485d,female,Saudi Arabia,5,,,,,batting all-rounder,,derived:role_from_usage/v1,0.58,false
S Mannan,41b8a051,female,Germany,5,,,,,batter,,derived:role_from_usage/v1,0.58,false
L Visser,1f982cd2,female,Namibia,5,,,,,bowler,,derived:role_from_usage/v1,0.58,false
TS Shwe,9e9d50b9,female,Myanmar,5,,,,,batter,,derived:role_from_usage/v1,0.58,false
H Mbam,e4f68364,female,Nigeria,5,,,,,bowler,,derived:role_from_usage/v1,0.58,false
V Mwansa,b0032f26,female,Zambia,5,,,,,batter,,derived:role_from_usage/v1,0.58,false
Deya Stefanova,9328878b,female,Bulgaria,5,,,,,bowler,,derived:role_from_usage/v1,0.58,false
DS Maraiwai,a6755401,male,Fiji,5,,,,,batter,,derived:role_from_usage/v1,0.58,false
P Cabebula,7eb7b47b,male,Fiji,5,,,,,bowler,,derived:role_from_usage/v1,0.58,false
Obed Yosef,a843d7a8,male,Vanuatu,5,,,,,bowler,,derived:role_from_usage/v1,0.58,false
MT Diaby,5d00cd6f,male,Mali,5,,,,,batting all-rounder,,derived:role_from_usage/v1,0.58,false
Mohsin Zaki,09c766ec,male,Bahrain,5,,,,,bowler,,derived:role_from_usage/v1,0.58,false
TV Valivarthi,56153e74,male,Hungary,5,,,,,batter,,derived:role_from_usage/v1,0.58,false
Ashish Gupta,552518ea,male,Indonesia,5,,,,,batter,,derived:role_from_usage/v1,0.58,false
Basharat Hussain,dcdc9b49,male,South Korea,5,,,,,bowler,,derived:role_from_usage/v1,0.58,false
PS Sisodia,261931e1,female,Mumbai Indians,5,,,,,batting all-rounder,,derived:role_from_usage/v1,0.58,false
B Sumanth,f4f0fafd,male,Deccan Chargers,5,,,,,batter,,derived:role_from_usage/v1,0.58,false
AG Paunikar,3a02626a,male,Rajasthan Royals,5,,,,,batter,,derived:role_from_usage/v1,0.58,false
GS Sandhu,1558d83b,male,Australia;Delhi Daredevils,5,,,,,bowler,,derived:role_from_usage/v1,0.58,false
R Murray,f4d6a5b0,male,Zimbabwe,5,,,,,batter,,derived:role_from_usage/v1,0.58,false
Rithika Rajesh,15596e16,female,Belgium,5,,,,,bowler,,derived:role_from_usage/v1,0.58,false
ASCLD Faria,5da2b8f1,female,Portugal,5,,,,,batting all-rounder,,derived:role_from_usage/v1,0.58,false
Fazil Muhammad,4551ed03,male,South Korea,5,,,,,bowler,,derived:role_from_usage/v1,0.58,false
PK Dimitri,7e665859,male,Ivory Coast,5,,,,,batting all-rounder,,derived:role_from_usage/v1,0.58,false
D Young,5d9d83e6,male,St Helena,5,,,,,batter,,derived:role_from_usage/v1,0.58,false
T Ramautar,730025e8,male,Suriname,5,,,,,batter,,derived:role_from_usage/v1,0.58,false
B Lewis,f68bac56,male,Belize,5,,,,,bowler,,derived:role_from_usage/v1,0.58,false
Kumar Kushagra,57ca01b3,male,Delhi Capitals;Gujarat Titans,5,,,,,batter,,derived:role_from_usage/v1,0.58,false
LA Carseldine,d872f52a,male,Rajasthan Royals,5,,,,,batter,,derived:role_from_usage/v1,0.58,false
Anirudh Singh,7bb62642,male,Deccan Chargers,5,,,,,batter,,derived:role_from_usage/v1,0.58,false
M De Ridder,5bb7ec70,female,South Africa,5,,,,,batter,,derived:role_from_usage/v1,0.58,false
MR Corteen-Coleman,9049ab63,female,England,5,,,,,bowler,,derived:role_from_usage/v1,0.58,false
APC Kilowan,78fc85c0,female,South Africa,5,,,,,bowler,,derived:role_from_usage/v1,0.58,false
RH Candy,93a583c3,female,New Zealand,5,,,,,bowler,,derived:role_from_usage/v1,0.58,false
Qaiser Ali,6d8356ee,male,Canada,5,,,,,all-rounder,,derived:role_from_usage/v1,0.58,false
N D'souza,af104d94,female,United Arab Emirates,5,,,,,batting all-rounder,,derived:role_from_usage/v1,0.58,false
S Smith,0fca9dee,female,South Africa,5,,,,,batting all-rounder,,derived:role_from_usage/v1,0.58,false
M King,00015688,female,Sierra Leone,5,,,,,batter,,derived:role_from_usage/v1,0.58,false
Zhang Xiangxue,13fdbc7e,female,China,5,,,,,batting all-rounder,,derived:role_from_usage/v1,0.58,false
V Iriho,2853eafb,female,Rwanda,5,,,,,all-rounder,,derived:role_from_usage/v1,0.58,false
M Shiraishi,79b4af2d,female,Japan,5,,,,,batter,,derived:role_from_usage/v1,0.58,false
B Freeman,a47538d3,female,Botswana,5,,,,,batter,,derived:role_from_usage/v1,0.58,false
ZM Hamisi,8f0fd229,female,Kenya,5,,,,,batter,,derived:role_from_usage/v1,0.58,false
EFB Estrada,4b490566,female,Costa Rica,5,,,,,all-rounder,,derived:role_from_usage/v1,0.58,false
S Yordanova,7a9de52f,female,Bulgaria,5,,,,,batter,,derived:role_from_usage/v1,0.58,false
T Elikana,2bea8bda,female,Cook Islands,5,,,,,batting all-rounder,,derived:role_from_usage/v1,0.58,false
S Kucuksucu,fea44a7f,female,Croatia,5,,,,,all-rounder,,derived:role_from_usage/v1,0.58,false
Rabia Mushtaq,a11dbbdb,female,Spain,5,,,,,bowler,,derived:role_from_usage/v1,0.58,false
E Bogdanova,c7859708,female,Sweden,5,,,,,batter,,derived:role_from_usage/v1,0.58,false
Haroon Mughal,8ac3d7ee,male,Malta,5,,,,,batter,,derived:role_from_usage/v1,0.58,false
SE Aquilina,019e740a,male,Malta,5,,,,,batter,,derived:role_from_usage/v1,0.58,false
M Kyriacou,9818cc88,male,Cyprus,5,,,,,batting all-rounder,,derived:role_from_usage/v1,0.58,false
R Brar,45d0af7e,male,Cyprus,5,,,,,batting all-rounder,,derived:role_from_usage/v1,0.58,false
A Kansonkho,5f77f4ec,male,Malawi,5,,,,,batter,,derived:role_from_usage/v1,0.58,false
L Nakomo,1abfa11e,male,Malawi,5,,,,,batter,,derived:role_from_usage/v1,0.58,false
Ammad Uddin,3a6c6e3a,male,Bahrain,5,,,,,batter,,derived:role_from_usage/v1,0.58,false
Shoaib Khan,03ecfde2,male,Germany,5,,,,,batter,,derived:role_from_usage/v1,0.58,false
Sapan Mehta,ca673cff,male,Finland,5,,,,,batter,,derived:role_from_usage/v1,0.58,false
Awais Ikram,91e035c6,male,Slovenia,5,,,,,bowler,,derived:role_from_usage/v1,0.58,false
Dilum Fernando,f6ba97c6,male;female,Bahrain;Romania,5,,,,,bowler,,derived:role_from_usage/v1,0.58,false
B Botcha,041db176,male,Mali,5,,,,,batter,,derived:role_from_usage/v1,0.58,false
Mohammed Al Balushi,967ee086,male,Oman,5,,,,,batter,,derived:role_from_usage/v1,0.58,false
Muzaffar Shiralkar,d9d08ea3,male,Oman,5,,,,,batter,,derived:role_from_usage/v1,0.58,false
Zubair Al Balushi,9d5440c0,male,Oman,5,,,,,all-rounder,,derived:role_from_usage/v1,0.58,false
Nawed Al Balushi,1b6aafc8,male,Oman,5,,,,,all-rounder,,derived:role_from_usage/v1,0.58,false
A Gupta,59e1abef,male,Norway,5,,,,,bowler,,derived:role_from_usage/v1,0.58,false
Abdul Makda,7864bd38,male,Panama,5,,,,,batting all-rounder,,derived:role_from_usage/v1,0.58,false
G Snyman,5af592d2,male,Namibia,5,,,,,bowler,,derived:role_from_usage/v1,0.58,false
Manjural Islam,2cfa6534,male,Bangladesh,5,,,,,bowler,,derived:role_from_usage/v1,0.58,false
Saeed Anwar,0aa14354,male,Pakistan,5,,,,,batting all-rounder,,derived:role_from_usage/v1,0.58,false
M van Schoor,74bd2653,male,Namibia,5,,,,,batter,,derived:role_from_usage/v1,0.58,false
RJ van Vuuren,0882b3f1,male,Namibia,5,,,,,bowler,,derived:role_from_usage/v1,0.58,false
N Robertson-Jack,a8c78834,female,Scotland,5,,,,,bowler,,derived:role_from_usage/v1,0.58,false
B Narangerel,07f0cb7a,female,Mongolia,5,,,,,batter,,derived:role_from_usage/v1,0.58,false
Mohammed Awais,34b8b1b5,male,Qatar,5,,,,,bowler,,derived:role_from_usage/v1,0.58,false
C Hauptfleisch,c8a18d94,male,Cayman Islands,5,,,,,batter,occasional,derived:role_from_usage/v1 | derived:keeper_inference_aggregate/v1,0.58 | 0.68,false
P Kerai,ab343e93,male,Kenya,5,,,,,batting all-rounder,,derived:role_from_usage/v1,0.58,false
CD Shekleton,efdee934,male,Portugal,5,,,,,batter,,derived:role_from_usage/v1,0.58,false
SF Mangoda,caf0dbef,male,Israel,5,,,,,all-rounder,,derived:role_from_usage/v1,0.58,false
Zakria Atiq Butt,61b69c02,male,France,5,,,,,batter,,derived:role_from_usage/v1,0.58,false
AA Wagh,f2756a51,male,Austria,5,,,,,bowler,,derived:role_from_usage/v1,0.58,false
G Sanjeewa,71d0fad3,male,Romania,5,,,,,all-rounder,,derived:role_from_usage/v1,0.58,false
R Lungu,67d0ca6d,male,Zambia,5,,,,,all-rounder,,derived:role_from_usage/v1,0.58,false
AF Buurman,03d3dd8e,male,Netherlands,5,,,,,batter,,derived:role_from_usage/v1,0.58,false
Faizan Asif,8b89eb80,male,United Arab Emirates,5,,,,,batter,,derived:role_from_usage/v1,0.58,false
PA Browne,7a98bc7a,male,West Indies,5,,,,,batter,,derived:role_from_usage/v1,0.58,false
N Khumalo,12ee9897,female,Eswatini,5,,,,,bowler,,derived:role_from_usage/v1,0.58,false
SJ Bruce,aeccf5cc,female,Barbados;West Indies,5,,,,,bowler,,derived:role_from_usage/v1,0.58,false
Emaan Ejaz,81d5afce,female,Saudi Arabia,5,,,,,batting all-rounder,,derived:role_from_usage/v1,0.58,false
M Kandanala,8bdf7777,female,United States of America,5,,,,,batter,,derived:role_from_usage/v1,0.58,false
T Saville,2ef9bdcb,female,Fiji,5,,,,,batter,,derived:role_from_usage/v1,0.58,false
Rithika Sriram,d409b68f,female,Zambia,5,,,,,all-rounder,,derived:role_from_usage/v1,0.58,false
M Nguni,b40bbd02,female,Zambia,5,,,,,all-rounder,,derived:role_from_usage/v1,0.58,false
Hong Yali,a375ac64,female,China,5,,,,,batter,,derived:role_from_usage/v1,0.58,false
H Atkinson,e4415fe7,female,Guernsey,5,,,,,batter,,derived:role_from_usage/v1,0.58,false
DP Michael,9815de17,male,Samoa,5,,,,,batting all-rounder,,derived:role_from_usage/v1,0.58,false
JD Baker,10f7b52b,male,Samoa,5,,,,,batting all-rounder,,derived:role_from_usage/v1,0.58,false
MS Diawara,8c95e2dd,male,Mali,5,,,,,batting all-rounder,,derived:role_from_usage/v1,0.58,false
Irshad Mubbashar,58edb974,male,Saudi Arabia,5,,,,,batter,,derived:role_from_usage/v1,0.58,false
V Hampihallikar,241a104c,male,Singapore,5,,,,,batting all-rounder,,derived:role_from_usage/v1,0.58,false
Bikram Sob,97463e7d,male,Nepal,5,,,,,bowler,,derived:role_from_usage/v1,0.58,false
Mohamed Shiyam,946d4d9a,male,Maldives,5,,,,,batting all-rounder,,derived:role_from_usage/v1,0.58,false
J Suleman,cacd240a,male,Eswatini,5,,,,,batter,,derived:role_from_usage/v1,0.58,false
SK Rasheed,cbf58a86,male,Chennai Super Kings,5,,,,,batter,,derived:role_from_usage/v1,0.58,false
M Tiwari,fb5f69e4,male,Delhi Capitals,5,,,,,bowler,,derived:role_from_usage/v1,0.58,false
R MacDonald-Gay,459a7b0a,female,England,5,,,,,bowler,,derived:role_from_usage/v1,0.58,false
Ajay Kumar,c80b4969,male,United Arab Emirates,5,,,,,bowler,,derived:role_from_usage/v1,0.58,false
Ibrar Ahmad,aa47439d,male,United Arab Emirates,5,,,,,bowler,,derived:role_from_usage/v1,0.58,false
Bazid Khan,a58af75f,male,Pakistan,5,,,,,batter,,derived:role_from_usage/v1,0.58,false
SP Jones,207c4398,male,England,5,,,,,bowler,,derived:role_from_usage/v1,0.58,false
CC van Slobbe,4eebb3e5,female,Netherlands,5,,,,,all-rounder,,derived:role_from_usage/v1,0.58,false
D Pavelic,61579e9f,female,Croatia,5,,,,,all-rounder,,derived:role_from_usage/v1,0.58,false
B Unenchtseceg,93b40209,female,Mongolia,5,,,,,batting all-rounder,,derived:role_from_usage/v1,0.58,false
Amelia Jones,61546a94,female,Spain,5,,,,,batter,,derived:role_from_usage/v1,0.58,false
S Divya,09d1cf95,female,Switzerland,5,,,,,batter,,derived:role_from_usage/v1,0.58,false
Anser Mehmood,e871b2f0,male,Switzerland,5,,,,,batter,,derived:role_from_usage/v1,0.58,false
Syed Naqvi,c520c3b9,male,Italy,5,,,,,batter,,derived:role_from_usage/v1,0.58,false
Dane Leo,391d8a48,male,St Helena,5,,,,,batter,,derived:role_from_usage/v1,0.58,false
Mohammed Jamadar,09f0aba1,male,Lesotho,5,,,,,all-rounder,,derived:role_from_usage/v1,0.58,false
YJC Altamirano,35f622e6,male,Costa Rica,5,,,,,batter,,derived:role_from_usage/v1,0.58,false
VM Waqavakatoga,b2e79789,male,Fiji,5,,,,,batting all-rounder,,derived:role_from_usage/v1,0.58,false
JJ Chicuele,97b5f23d,male,Mozambique,5,,,,,batter,,derived:role_from_usage/v1,0.58,false
Sameer Othman,874c2cb3,male,Oman,5,,,,,bowler,,derived:role_from_usage/v1,0.58,false
OR Willis,819574ef,male,Cayman Islands,5,,,,,batter,occasional,derived:role_from_usage/v1 | derived:keeper_inference_aggregate/v1,0.58 | 0.68,false
Ahsan Abbasi,4f21dc48,male,Hong Kong,5,,,,,batter,,derived:role_from_usage/v1,0.58,false
Hamed Khan,0e4843d2,male,Hong Kong,5,,,,,batter,,derived:role_from_usage/v1,0.58,false
Mohammad Amin,01b45044,male,Kuwait,5,,,,,batter,,derived:role_from_usage/v1,0.58,false
Zahid Mahmood,ba158afd,male,Pakistan,5,,,,,bowler,,derived:role_from_usage/v1,0.58,false
Ali Waqar,89e17934,male,Czech Republic,5,,,,,bowler,,derived:role_from_usage/v1,0.58,false
R Gowthaman,bfd93f9b,male,Sweden,5,,,,,batter,,derived:role_from_usage/v1,0.58,false
P Chin,21267b60,male,Cayman Islands,5,,,,,batter,,derived:role_from_usage/v1,0.58,false
H Upadhyay,267cafb0,male,Mongolia,5,,,,,batter,,derived:role_from_usage/v1,0.58,false
Muhammed Turkmen,8e7e982c,male,Turkey,5,,,,,bowler,,derived:role_from_usage/v1,0.58,false
JS Henriksen,2c6052a6,male,Denmark,5,,,,,batting all-rounder,,derived:role_from_usage/v1,0.58,false
PD Dabholkar,270587b3,male,Germany,5,,,,,bowler,,derived:role_from_usage/v1,0.58,false
Mustafa Atmaca,76f168de,male,Turkey,5,,,,,bowler,,derived:role_from_usage/v1,0.58,false
VB van Jaarsveld,890b877d,male,South Africa,5,,,,,batter,,derived:role_from_usage/v1,0.58,false
CU Jayasinghe,575ab3ce,male,Sri Lanka,5,,,,,batter,,derived:role_from_usage/v1,0.58,false
JM Muirhead,52f08be8,male,Australia,5,,,,,bowler,,derived:role_from_usage/v1,0.58,false
TC Bastiampillai,1f6cbaff,male,Canada,5,,,,,batter,,derived:role_from_usage/v1,0.58,false
Amna Khan,604b19e3,female,Saudi Arabia,5,,,,,all-rounder,,derived:role_from_usage/v1,0.58,false
P Neighbour,f30b0e54,female,Luxembourg,5,,,,,all-rounder,,derived:role_from_usage/v1,0.58,false
Nur Alya Batrisyia,945a19ee,female,Malaysia,5,,,,,batting all-rounder,,derived:role_from_usage/v1,0.58,false
Fatima Mukadam,5839f265,female,Qatar,5,,,,,batter,,derived:role_from_usage/v1,0.58,false
Sonal Sengar,b03c90e5,female,Luxembourg,5,,,,,batter,,derived:role_from_usage/v1,0.58,false
K Robert,1ad21202,female,Guernsey,5,,,,,all-rounder,,derived:role_from_usage/v1,0.58,false
M Watson,00712197,female,Guernsey,5,,,,,bowler,,derived:role_from_usage/v1,0.58,false
I Radevic,307c64e0,female,Serbia,5,,,,,batter,,derived:role_from_usage/v1,0.58,false
C Valencia,2edff783,female,Argentina,5,,,,,bowler,,derived:role_from_usage/v1,0.58,false
AJ Michael,d68f4aa1,male,Samoa,5,,,,,batting all-rounder,,derived:role_from_usage/v1,0.58,false
ML Bojang,c2409632,male,Gambia,5,,,,,all-rounder,,derived:role_from_usage/v1,0.58,false
TE Kane,af28816c,male,Ireland,5,,,,,batting all-rounder,,derived:role_from_usage/v1,0.58,false
Dharmang Patel,643f2e6a,male,Qatar,5,,,,,batter,,derived:role_from_usage/v1,0.58,false
E Walker,b312a9c1,male,Isle of Man,5,,,,,batting all-rounder,,derived:role_from_usage/v1,0.58,false
F Clarke,0c95e20e,male,Isle of Man,5,,,,,bowler,,derived:role_from_usage/v1,0.58,false
OJ Peake,9c8448ba,male,Australia,5,,,,,batter,,derived:role_from_usage/v1,0.58,false
S Malla,1daa8927,male,Nepal,5,,,,,bowler,,derived:role_from_usage/v1,0.58,false
DK Butler,671398e3,male,West Indies,5,,,,,bowler,,derived:role_from_usage/v1,0.58,false
PA Jaques,03252e44,male,Australia,5,,,,,batter,,derived:role_from_usage/v1,0.58,false
S Thuraisingam,28ed9134,male,Canada,5,,,,,bowler,,derived:role_from_usage/v1,0.58,false
L Grant,49923603,female,Scotland,5,,,,,batter,,derived:role_from_usage/v1,0.58,false
Mariska Kornet,06deb88a,female,Netherlands,5,,,,,bowler,,derived:role_from_usage/v1,0.58,false
M Moalosi,34628c4a,female,Lesotho,5,,,,,batter,,derived:role_from_usage/v1,0.58,false
JM Davies,18016785,female,Hong Kong,5,,,,,batter,yes,derived:role_from_usage/v1 | derived:keeper_inference_aggregate/v1,0.58 | 0.76,false
H Nou,ca90651a,female,Papua New Guinea,5,,,,,batter,,derived:role_from_usage/v1,0.58,false
M Zwilling,560ef10a,female,Netherlands,5,,,,,batting all-rounder,,derived:role_from_usage/v1,0.58,false
Sajaa Fathimath,e793a951,female,Maldives,5,,,,,batter,,derived:role_from_usage/v1,0.58,false
J Otieno,f48f03c6,female,Kenya,5,,,,,batter,,derived:role_from_usage/v1,0.58,false
S Basharat,1356b739,female,Spain,5,,,,,batting all-rounder,,derived:role_from_usage/v1,0.58,false
Fatima Amir,ba05b211,female,Hong Kong,5,,,,,batting all-rounder,,derived:role_from_usage/v1,0.58,false
A Tomar,2af2427a,female,Singapore,5,,,,,batter,,derived:role_from_usage/v1,0.58,false
D Svilicic,fa83d1b6,male,Croatia,5,,,,,bowler,,derived:role_from_usage/v1,0.58,false
KN Singh,74bff7ca,male,Suriname,5,,,,,bowler,,derived:role_from_usage/v1,0.58,false
Sedik Sahak,2fca1733,male,Sweden,5,,,,,bowler,,derived:role_from_usage/v1,0.58,false
Salman Sharjeel,f9d6cfc6,male,Malta,5,,,,,bowler,,derived:role_from_usage/v1,0.58,false
J Shields,aa6c2fbf,male,Cook Islands,5,,,,,batter,,derived:role_from_usage/v1,0.58,false
ASH Parsons,ee572df8,male,South Korea,5,,,,,batter,,derived:role_from_usage/v1,0.58,false
JR Newton,21fcad4e,male,Croatia,5,,,,,all-rounder,,derived:role_from_usage/v1,0.58,false
GBK Roland,7f2f7ad9,male,Ivory Coast,5,,,,,batting all-rounder,,derived:role_from_usage/v1,0.58,false
Sufyan Naseeb,505c2a60,male,Eswatini,5,,,,,batter,,derived:role_from_usage/v1,0.58,false
P Sahu,9a0146b3,male,Kings XI Punjab,5,,,,,bowler,,derived:role_from_usage/v1,0.58,false
ARI Umeed,7a32c1c1,male,Scotland,5,,,,,batter,,derived:role_from_usage/v1,0.58,false
BP Loots,dd55b0b0,male,Netherlands,5,,,,,bowler,,derived:role_from_usage/v1,0.58,false
PA Desai,fccf5309,male,Canada,5,,,,,bowler,,derived:role_from_usage/v1,0.58,false
RD McCann,92c43fac,male,Ireland,5,,,,,batter,occasional,derived:role_from_usage/v1 | derived:keeper_inference_aggregate/v1,0.58 | 0.68,false
CL Hooper,61dab16a,male,West Indies,5,,,,,all-rounder,,derived:role_from_usage/v1,0.58,false
BA Murphy,31ce61ab,male,Zimbabwe,5,,,,,bowler,,derived:role_from_usage/v1,0.58,false
SJ Swanepoel,31e31116,male,Namibia,5,,,,,batter,,derived:role_from_usage/v1,0.58,false
C White,f44af07f,male,England,5,,,,,bowler,,derived:role_from_usage/v1,0.58,false
M Kaukura,11d83c44,female,Cook Islands,5,,,,,all-rounder,,derived:role_from_usage/v1,0.58,false
VM Andrew,ca9a7e09,female,Samoa,5,,,,,batter,,derived:role_from_usage/v1,0.58,false
R Hubbard,a1d4bc51,female,Guernsey,5,,,,,batting all-rounder,,derived:role_from_usage/v1,0.58,false
Zishan Shah,432bf4f5,male,Denmark,5,,,,,batter,,derived:role_from_usage/v1,0.58,false
TS Braat,95d3c4a6,male,Netherlands,5,,,,,bowler,,derived:role_from_usage/v1,0.58,false
TP Allen,30baaf1f,male,United States of America,5,,,,,batting all-rounder,,derived:role_from_usage/v1,0.58,false
W Viraliliu,a89730a9,male,Vanuatu,5,,,,,bowler,,derived:role_from_usage/v1,0.58,false
S Chophel,45f4af74,male,Bhutan,5,,,,,batter,occasional,derived:role_from_usage/v1 | derived:keeper_inference_aggregate/v1,0.58 | 0.68,false
Rohan Bhavesh Patel,7f46e127,male,Bulgaria,5,,,,,bowler,,derived:role_from_usage/v1,0.58,false
GJ Thompson,91f0792f,male,Ireland,5,,,,,batter,,derived:role_from_usage/v1,0.58,false
AK Kitchen,63a1874a,male,New Zealand,5,,,,,batting all-rounder,,derived:role_from_usage/v1,0.58,false
M Worndl,e8d1c172,male,Czech Republic,5,,,,,batter,,derived:role_from_usage/v1,0.58,false
J Danikula,98e4af63,male,Croatia,5,,,,,all-rounder,,derived:role_from_usage/v1,0.58,false
J Cama,6a868271,male,Fiji,5,,,,,batter,,derived:role_from_usage/v1,0.58,false
D Dawa,676aeb1b,male,Bhutan,5,,,,,bowler,,derived:role_from_usage/v1,0.58,false
GI Gokoel,72caebdc,male,Suriname,5,,,,,batting all-rounder,,derived:role_from_usage/v1,0.58,false
U Kaul,622cc511,male,Kings XI Punjab,5,,,,,batter,,derived:role_from_usage/v1,0.58,false
B Geeves,50758325,male,Australia;Delhi Daredevils,5,,,,,bowler,,derived:role_from_usage/v1,0.58,false
Mahbubul Alam,5284c884,male,Bangladesh,5,,,,,bowler,,derived:role_from_usage/v1,0.58,false
S Rossi,56544f81,male,Argentina,5,,,,,bowler,,derived:role_from_usage/v1,0.58,false
Saqlain Mukhtar,906bc22b,male,Czech Republic,5,,,,,bowler,,derived:role_from_usage/v1,0.58,false
SK Chandhrasekar,05b2f5ff,female,United States of America,5,,,,,batter,,derived:role_from_usage/v1,0.58,false
S Selvaraj,f70f8dbb,male,Tanzania,5,,,,,bowler,,derived:role_from_usage/v1,0.58,false
MBS Jonkman,74ef405a,male,Netherlands,5,,,,,bowler,,derived:role_from_usage/v1,0.58,false
Inshaf Farook,17a4ff00,male,Lesotho,5,,,,,bowler,,derived:role_from_usage/v1,0.58,false
Rahat Ali,3cc13c68,male,Czech Republic,5,,,,,bowler,,derived:role_from_usage/v1,0.58,false
M Abdulla,792805ee,male,Malawi,5,,,,,all-rounder,,derived:role_from_usage/v1,0.58,false
SSD Arachchige,c05f9d20,male,Sri Lanka,5,,,,,batting all-rounder,,derived:role_from_usage/v1,0.58,false
E de Souza,7c68aac4,female,Brazil,5,,,,,batter,occasional,derived:role_from_usage/v1 | derived:keeper_inference_aggregate/v1,0.58 | 0.68,false
Zakir Hasan,e3e09091,male,Bangladesh,5,,,,,batter,,derived:role_from_usage/v1,0.58,false
Aakash Chand,279c51f0,male,Nepal,5,,,,,bowler,,derived:role_from_usage/v1,0.58,false
Auqib Nabi,7c3c0337,male,Delhi Capitals,5,,,,,bowler,,derived:role_from_usage/v1,0.58,false
D Forrester,23393635,male,South Africa,5,,,,,batter,,derived:role_from_usage/v1,0.58,false
NB Diom,f7b100e8,female,Cameroon,5,,,,,batter,,derived:role_from_usage/v1,0.58,false
Shehzad Patel,101373a3,male,Swaziland,5,,,,,batter,,derived:role_from_usage/v1,0.58,false
N Sonne-Rudd,6b7a90f5,male,Denmark,5,,,,,bowler,,derived:role_from_usage/v1,0.58,false
Omer Kutuk,c9a05046,male,Turkey,5,,,,,batter,,derived:role_from_usage/v1,0.58,false
Shivam Sharma,6f49cc6e,male,Kings XI Punjab,5,,,,,bowler,,derived:role_from_usage/v1,0.58,false
SL Verma,26b6a4e9,male,Uganda,5,,,,,batter,,derived:role_from_usage/v1,0.58,false
RP Magar,95bcba19,male,Nepal,5,,,,,batter,,derived:role_from_usage/v1,0.58,false
Busra Uca,e486ecc0,female,Austria,5,,,,,batter,,derived:role_from_usage/v1,0.58,false
H Dhaliwal,5be6b836,female,Austria,5,,,,,batter,,derived:role_from_usage/v1,0.58,false
Dipanjan Dey,fa180043,male,Sweden,5,,,,,batter,,derived:role_from_usage/v1,0.58,false
Ma Luz Barcelona,b36c42ac,female,Philippines,5,,,,,batter,,derived:role_from_usage/v1,0.58,false
I Majdancic,6b8fbcef,female,Croatia,5,,,,,batter,,derived:role_from_usage/v1,0.58,false
Abhilasha Singh,89b748cf,female,Sweden,5,,,,,batter,,derived:role_from_usage/v1,0.58,false
JWW Gardner,6e61adb8,male,Papua New Guinea,5,,,,,bowler,,derived:role_from_usage/v1,0.58,false
R Mupfudza,f4417987,male,Zimbabwe,5,,,,,batter,occasional,derived:role_from_usage/v1 | derived:keeper_inference_aggregate/v1,0.58 | 0.68,false
Zaid Soulat,14cbe9b7,male,Bulgaria,5,,,,,batter,,derived:role_from_usage/v1,0.58,false
L Ward,98f33eed,male,Isle of Man,5,,,,,batter,,derived:role_from_usage/v1,0.58,false
RWT Key,bcb01d8c,male,England,5,,,,,batter,,derived:role_from_usage/v1,0.58,false
C Sewsunker,f82a0b02,female,Saudi Arabia,5,,,,,all-rounder,,derived:role_from_usage/v1,0.58,false
Maira Khan,32832dc8,female,Saudi Arabia,5,,,,,all-rounder,,derived:role_from_usage/v1,0.58,false
KJ Patel,d6b4e3e2,male,Seychelles,5,,,,,bowler,,derived:role_from_usage/v1,0.58,false
Nisha Ali,9d0332ee,female,United Arab Emirates,5,,,,,all-rounder,,derived:role_from_usage/v1,0.58,false
A Shukla,c594137f,male,Croatia,5,,,,,batting all-rounder,,derived:role_from_usage/v1,0.58,false
Mohammed Sameer,e6409ae1,male,Bahrain,5,,,,,batter,,derived:role_from_usage/v1,0.58,false
K John,cf43a895,female,Papua New Guinea,5,,,,,batter,,derived:role_from_usage/v1,0.58,false
R Mondol,492ff0c2,male,Bangladesh,5,,,,,bowler,,derived:role_from_usage/v1,0.58,false
Adnan Akmal,05da443b,male,Pakistan,5,,,,,batter,,derived:role_from_usage/v1,0.58,false
Zou Kui,d5ca4759,male,China,5,,,,,batter,,derived:role_from_usage/v1,0.58,false
O Muzondo,ffc308ee,male,Zimbabwe,5,,,,,bowler,,derived:role_from_usage/v1,0.58,false
Hilal Ahmad,f78aa227,male,Czech Republic,5,,,,,batter,,derived:role_from_usage/v1,0.58,false
W McClintock,b16ddb79,male,Ireland,5,,,,,batter,,derived:role_from_usage/v1,0.58,false
Ahmad Raza,6bfa638b,male,Saudi Arabia,5,,,,,bowler,,derived:role_from_usage/v1,0.58,false
AL Khunti,c0ee8488,male,Israel,5,,,,,bowler,,derived:role_from_usage/v1,0.58,false
Kapil Kumar,d4e70d7c,male,Philippines,5,,,,,batter,,derived:role_from_usage/v1,0.58,false
T Sumiya,ae19375d,male,Mongolia,5,,,,,batter,,derived:role_from_usage/v1,0.58,false
IW Budiarta,27320242,male,Indonesia,5,,,,,batting all-rounder,,derived:role_from_usage/v1,0.58,false
P Kaveao,f536e967,female,Cook Islands,5,,,,,all-rounder,,derived:role_from_usage/v1,0.58,false
RP Johnston,c110235a,female,Samoa,5,,,,,batter,,derived:role_from_usage/v1,0.58,false
V Puthur,1e030637,male,Mumbai Indians,5,,,,,bowler,,derived:role_from_usage/v1,0.58,false
Ying King To,1f44bd34,female,Gibraltar,5,,,,,batter,,derived:role_from_usage/v1,0.58,false
DG Perez,4aff35ac,female,Costa Rica,5,,,,,batter,,derived:role_from_usage/v1,0.58,false
Abraar Khan,0e1baf3d,male,Lesotho,5,,,,,batter,,derived:role_from_usage/v1,0.58,false
MHS James,7e7f38ef,female,Portugal,5,,,,,all-rounder,,derived:role_from_usage/v1,0.58,false
D Busingye,51862ee2,female,Uganda,5,,,,,batting all-rounder,,derived:role_from_usage/v1,0.58,false
JJ Wright,c5981c9c,male,Eswatini;Swaziland,5,,,,,batting all-rounder,,derived:role_from_usage/v1,0.58,false
J Gallimore,5bebe726,male,Bahamas,5,,,,,batter,,derived:role_from_usage/v1,0.58,false
A Andrews,1d45c01a,male,Switzerland,5,,,,,all-rounder,,derived:role_from_usage/v1,0.58,false
MG Neser,0164b064,male,Australia;Kings XI Punjab,5,,,,,bowler,,derived:role_from_usage/v1,0.58,false
Kashif Khan,c6e87b1c,male,Singapore,5,,,,,bowler,,derived:role_from_usage/v1,0.58,false
S Ramautar,dcc7a7a9,female,United States of America,5,,,,,bowler,,derived:role_from_usage/v1,0.58,false
EE Corder,1806d310,female,Netherlands,5,,,,,batting all-rounder,,derived:role_from_usage/v1,0.58,false
CJ Smith,3a9adcce,male,Bermuda,5,,,,,batter,,derived:role_from_usage/v1,0.58,false
Meghana Lakayil,05e417e7,female,Germany,5,,,,,bowler,,derived:role_from_usage/v1,0.58,false
Muhammed Basil,457e6a8e,male,Bahrain,5,,,,,batter,,derived:role_from_usage/v1,0.58,false
SB Martinez,a972ca63,female,Costa Rica,5,,,,,all-rounder,,derived:role_from_usage/v1,0.58,false
VO Lawes,a557333b,male,West Indies,5,,,,,bowler,,derived:role_from_usage/v1,0.58,false
Mohamed Khan,13501ff4,male,Sierra Leone,5,,,,,batting all-rounder,,derived:role_from_usage/v1,0.58,false
Sukhkaran Sahi,1e43a8c8,male,Romania,5,,,,,batting all-rounder,,derived:role_from_usage/v1,0.58,false
AC Dei Castelli,d2db7b61,female,Argentina,5,,,,,bowler,,derived:role_from_usage/v1,0.58,false
YP Molina,dca2e79a,female,Costa Rica,5,,,,,bowler,,derived:role_from_usage/v1,0.58,false
A Phillip,f2665768,male,West Indies,5,,,,,bowler,,derived:role_from_usage/v1,0.58,false
Haseebullah Khan,5691931a,male,Pakistan,5,,,,,batter,,derived:role_from_usage/v1,0.58,false
S Ravoka,ce7936a5,male,Fiji,5,,,,,bowler,,derived:role_from_usage/v1,0.58,false
Huang Junjie,7a25958c,male,China,5,,,,,batter,,derived:role_from_usage/v1,0.58,false
B Likavu,3aad4933,male,Kenya,5,,,,,batter,,derived:role_from_usage/v1,0.58,false
RA Lewis,be85b12d,female,Ireland,5,,,,,bowler,,derived:role_from_usage/v1,0.58,false
Muhammad Usman,82a7dfdd,male,Estonia,5,,,,,all-rounder,,derived:role_from_usage/v1,0.58,false
V Veiqravi,38085d31,male,Fiji,5,,,,,batter,,derived:role_from_usage/v1,0.58,false
TS Nethula,e82dc4c5,male,New Zealand,5,,,,,bowler,,derived:role_from_usage/v1,0.58,false
Mustapha Yusuf,f3e240a6,male,Nigeria,5,,,,,bowler,,derived:role_from_usage/v1,0.58,false
M Holmes,ba69926f,female,Switzerland,5,,,,,batting all-rounder,,derived:role_from_usage/v1,0.58,false
O Kirsten,0725d3d2,female,South Africa,5,,,,,bowler,,derived:role_from_usage/v1,0.58,false
Anasim Khan,e7353cbb,male,Bahrain,5,,,,,all-rounder,,derived:role_from_usage/v1,0.58,false
M Yoshioka,3a93120a,female,Japan,5,,,,,batter,,derived:role_from_usage/v1,0.58,false
J Kemp,0ab42b8d,male,Jersey,5,,,,,wicketkeeper-batter,yes,derived:role_from_usage/v1 | derived:keeper_inference_aggregate/v1,0.58 | 0.84,false
K Samten,1f795a79,female,Bhutan,5,,,,,bowler,,derived:role_from_usage/v1,0.58,false
Shagharai Sefat,5e0bb751,male,Belgium,5,,,,,bowler,,derived:role_from_usage/v1,0.58,false
Zikria Islam,a6de4c41,male,Oman,5,,,,,batting all-rounder,,derived:role_from_usage/v1,0.58,false
Nazmus Sakib,d3347684,male,Romania,5,,,,,bowler,,derived:role_from_usage/v1,0.58,false
Ly Saomakara,a9668b5f,female,Cambodia,5,,,,,batting all-rounder,,derived:role_from_usage/v1,0.58,false
Farmanullah Ghari,2f7244b5,male,Norway,5,,,,,bowler,,derived:role_from_usage/v1,0.58,false
Wasim Al Balushi,385bb7ff,male,Oman,5,,,,,batting all-rounder,,derived:role_from_usage/v1,0.58,false
Naveed Shahid,9e51462f,male,Finland,5,,,,,bowler,,derived:role_from_usage/v1,0.58,false
BL Morgan,648bc30f,female,England,5,,,,,batting all-rounder,,derived:role_from_usage/v1,0.58,false
Lee Kangmin,cd752e8a,male,South Korea,5,,,,,batting all-rounder,,derived:role_from_usage/v1,0.58,false
J Ghadiyali,53419aff,male,Swaziland,5,,,,,batting all-rounder,,derived:role_from_usage/v1,0.58,false
Mandeep Singh,dc39e9ab,male,Norway,5,,,,,batter,,derived:role_from_usage/v1,0.58,false
Sarfraz Butt,b73625cb,male,Saudi Arabia,5,,,,,wicketkeeper-batter,yes,derived:role_from_usage/v1 | derived:keeper_inference_aggregate/v1,0.58 | 0.97,false
Omar Hussain,2002c586,male,Lesotho,5,,,,,batter,,derived:role_from_usage/v1,0.58,false
A Chaudhary,465fd722,male,Singapore,5,,,,,all-rounder,,derived:role_from_usage/v1,0.58,false
M Durdevac,7fa094cb,female,Croatia,5,,,,,all-rounder,,derived:role_from_usage/v1,0.58,false
P Maruariki,dee2431f,female,Cook Islands,5,,,,,batter,,derived:role_from_usage/v1,0.58,false
Ahmad Ullah,8a06bb55,male,Germany,5,,,,,bowler,,derived:role_from_usage/v1,0.58,false
A Ahmadhel,55a5cffb,male,Bulgaria,5,,,,,batter,,derived:role_from_usage/v1,0.58,false
J Grewcock,92b94582,female,England,5,,,,,batting all-rounder,,derived:role_from_usage/v1,0.58,false
Francesca Galan,ccd38b40,female,Argentina,5,,,,,batting all-rounder,,derived:role_from_usage/v1,0.58,false
Maiwand Momand,801a92ee,male,Austria,5,,,,,bowler,,derived:role_from_usage/v1,0.58,false
MD Bates,1b3acd33,male,New Zealand,5,,,,,bowler,,derived:role_from_usage/v1,0.58,false
CM Scott,e0da9b14,female,Scotland,5,,,,,batter,,derived:role_from_usage/v1,0.58,false
P Dubey,ed5a5510,male,Delhi Capitals;Punjab Kings,5,,,,,bowler,,derived:role_from_usage/v1,0.58,false
Ismail Kara,0a92f0e2,male,Zambia,5,,,,,all-rounder,,derived:role_from_usage/v1,0.58,false
NCK Liyanage,d1b5efdf,male,Malaysia,5,,,,,bowler,,derived:role_from_usage/v1,0.58,false
M Jenkinson,68f7caf9,male,Finland,5,,,,,batting all-rounder,,derived:role_from_usage/v1,0.58,false
KJ Young,8bba9ec2,male,Belize,5,,,,,all-rounder,,derived:role_from_usage/v1,0.58,false
Benjamin Embleton,f2d5966a,male,Luxembourg,5,,,,,batter,,derived:role_from_usage/v1,0.58,false
S Zafar,60622213,female,Canada,5,,,,,wicketkeeper-batter,yes,derived:role_from_usage/v1 | derived:keeper_inference_aggregate/v1,0.58 | 0.97,false
T Vanuarua,1f8b4fec,male,Cook Islands,5,,,,,bowler,,derived:role_from_usage/v1,0.58,false
P Suyal,cedc1d9a,male,Mumbai Indians,5,,,,,bowler,,derived:role_from_usage/v1,0.58,false
S Santhirakumaran,67721a32,male,France,5,,,,,batter,,derived:role_from_usage/v1,0.58,false
DM Braat,1b61a9fa,female,Netherlands,5,,,,,bowler,,derived:role_from_usage/v1,0.58,false
D Polpitiya,b7062209,male,Eswatini,5,,,,,bowler,,derived:role_from_usage/v1,0.58,false
M Leporoporo,e7a0cb9a,male,Lesotho,5,,,,,bowler,,derived:role_from_usage/v1,0.58,false
S Kakai,dc4535fe,female,Uganda,5,,,,,batting all-rounder,,derived:role_from_usage/v1,0.58,false
VM Mutungwindu,0e130fcb,female,Zimbabwe,5,,,,,wicketkeeper-batter,yes,derived:role_from_usage/v1 | derived:keeper_inference_aggregate/v1,0.58 | 0.97,false
Muhammad Saqib,9d6644a0,male,Saudi Arabia,5,,,,,bowler,,derived:role_from_usage/v1,0.58,false
Rahman Ademi,a9fd6ca3,male,Serbia,5,,,,,bowler,,derived:role_from_usage/v1,0.58,false
AM Bacher,47c5aae7,male,South Africa,5,,,,,all-rounder,,derived:role_from_usage/v1,0.58,false
V Avdylaj,cfd2b36f,female,Austria,5,,,,,bowler,,derived:role_from_usage/v1,0.58,false
TW Samuels,df3438ae,male,Belize,5,,,,,batting all-rounder,,derived:role_from_usage/v1,0.58,false
V Viyaskanth,03a83c50,male,Sri Lanka;Sunrisers Hyderabad,4,,,,,bowler,,derived:role_from_usage/v1,0.57,false
KA Knight,4291f081,female,New Zealand,4,,,,,bowler,,derived:role_from_usage/v1,0.57,false
PD Macchi,8ec9db50,male,Oman,4,,,,,batter,,derived:role_from_usage/v1,0.57,false
LR Naylor,1236044e,male,Scotland,4,,,,,batter,,derived:role_from_usage/v1,0.57,false
Muhammad Mohsin,b885a355,male,United Arab Emirates,4,,,,,bowler,,derived:role_from_usage/v1,0.57,false
JJC Lawson,1417ba2f,male,West Indies,4,,,,,bowler,,derived:role_from_usage/v1,0.57,false
LHD Dilhara,30b60511,male,Sri Lanka,4,,,,,bowler,,derived:role_from_usage/v1,0.57,false
DJ Cullen,51de2a80,male,Australia,4,,,,,bowler,,derived:role_from_usage/v1,0.57,false
L Sreekumar,ddb41291,male,United Arab Emirates,4,,,,,batter,,derived:role_from_usage/v1,0.57,false
C Namugenyi,2085c2f4,female,Uganda,4,,,,,bowler,,derived:role_from_usage/v1,0.57,false
L Klokgieters,53c738ac,female,Netherlands,4,,,,,bowler,,derived:role_from_usage/v1,0.57,false
M Tsarsi,0f42a805,female,Lesotho,4,,,,,batter,,derived:role_from_usage/v1,0.57,false
T Koloi,97b1bd58,female,Lesotho,4,,,,,bowler,,derived:role_from_usage/v1,0.57,false
B Lekau,2fdcecae,female,Lesotho,4,,,,,all-rounder,,derived:role_from_usage/v1,0.57,false
Hala Azmat,56f77a56,female,Canada,4,,,,,bowler,,derived:role_from_usage/v1,0.57,false
Hiba Shamshad,5e71e5cc,female,Canada,4,,,,,bowler,,derived:role_from_usage/v1,0.57,false
Sinae Kim,60c76b34,female,South Korea,4,,,,,batter,yes,derived:role_from_usage/v1 | derived:keeper_inference_aggregate/v1,0.57 | 0.7,false
Javed Hira,3e035a63,female,Oman,4,,,,,batter,,derived:role_from_usage/v1,0.57,false
M Marchello,362e44f9,female,France,4,,,,,batter,,derived:role_from_usage/v1,0.57,false
Nayab Alizai,7861375e,female,Norway,4,,,,,batter,,derived:role_from_usage/v1,0.57,false
AW Wambua,968878a7,female,Kenya,4,,,,,batting all-rounder,,derived:role_from_usage/v1,0.57,false
A Gisdaki,f8fc699a,female,Greece,4,,,,,batter,,derived:role_from_usage/v1,0.57,false
Sonam Palden,ce7ab5f8,female,Bhutan,4,,,,,batter,,derived:role_from_usage/v1,0.57,false
G Ribeiro,556e2874,female,Brazil,4,,,,,batting all-rounder,,derived:role_from_usage/v1,0.57,false
Noorainah,26166475,female,Indonesia,4,,,,,batter,,derived:role_from_usage/v1,0.57,false
V Volfova,e06506f1,female,Czech Republic,4,,,,,batter,,derived:role_from_usage/v1,0.57,false
V Redkar,6c4ed095,female,Belgium,4,,,,,batter,,derived:role_from_usage/v1,0.57,false
L Hamilton,4fbe9e03,female,Netherlands,4,,,,,bowler,,derived:role_from_usage/v1,0.57,false
EL Kirkman,ecc585f0,female,Austria,4,,,,,batter,,derived:role_from_usage/v1,0.57,false
AAM Eliane,ecc4562b,female,Cameroon,4,,,,,bowler,,derived:role_from_usage/v1,0.57,false
CV Harrison,b0b80a99,male,Gibraltar,4,,,,,bowler,,derived:role_from_usage/v1,0.57,false
M Fru,0bab1be2,male,Cameroon,4,,,,,bowler,,derived:role_from_usage/v1,0.57,false
Sajid Cheema,b05cfcec,male,Saudi Arabia,4,,,,,batter,,derived:role_from_usage/v1,0.57,false
MS Graham,7f2cb055,male,Bahamas,4,,,,,all-rounder,,derived:role_from_usage/v1,0.57,false
RM Siri,f1737607,male,Argentina,4,,,,,batter,,derived:role_from_usage/v1,0.57,false
Mazhar Khan,7b10c047,male,Slovenia,4,,,,,batter,,derived:role_from_usage/v1,0.57,false
Thilina Silva,f0ad7a75,male,Seychelles,4,,,,,bowler,,derived:role_from_usage/v1,0.57,false
J Guatam,5992c2ba,male,Ghana,4,,,,,batter,,derived:role_from_usage/v1,0.57,false
Nitesh Hooda,d424d06a,male,Ghana,4,,,,,bowler,,derived:role_from_usage/v1,0.57,false
J Cutinho,c329d304,male,Costa Rica,4,,,,,all-rounder,,derived:role_from_usage/v1,0.57,false
S Waqabaca,d2d881de,male,Fiji,4,,,,,batting all-rounder,,derived:role_from_usage/v1,0.57,false
MJ Tugaga,526a1047,male,Samoa,4,,,,,bowler,,derived:role_from_usage/v1,0.57,false
M Separovic,361388d6,male,Croatia,4,,,,,bowler,,derived:role_from_usage/v1,0.57,false
Sahil Tarakhil,8a3dd116,male,Switzerland,4,,,,,batter,,derived:role_from_usage/v1,0.57,false
Raihan Stanikzai,4ee38eae,male,Switzerland,4,,,,,all-rounder,,derived:role_from_usage/v1,0.57,false
Said Hakim,4cc59a40,male,Belgium,4,,,,,batting all-rounder,,derived:role_from_usage/v1,0.57,false
Nikhil,f4e3d407,male,Uzbekistan,4,,,,,batting all-rounder,,derived:role_from_usage/v1,0.57,false
A Musaev,19a51d59,male,Uzbekistan,4,,,,,batting all-rounder,,derived:role_from_usage/v1,0.57,false
H Pattenden,f31740ce,male,Estonia,4,,,,,bowler,,derived:role_from_usage/v1,0.57,false
Sufiyan Tarajia,32737738,male,Panama,4,,,,,all-rounder,,derived:role_from_usage/v1,0.57,false
MC Patel,d1f0f514,female,Gujarat Giants;India,4,,,,,bowler,,derived:role_from_usage/v1,0.57,false
JT McFadyen,7072542f,female,New Zealand,4,,,,,batter,yes,derived:role_from_usage/v1 | derived:keeper_inference_aggregate/v1,0.57 | 0.7,false
KAR Hodge,49dc9cb4,male,West Indies,4,,,,,all-rounder,,derived:role_from_usage/v1,0.57,false
SL Stewart,0a951319,male,New Zealand,4,,,,,batter,,derived:role_from_usage/v1,0.57,false
Robiul Islam,d876610c,male,Bangladesh,4,,,,,bowler,,derived:role_from_usage/v1,0.57,false
AY Karim,74d92a39,male,Kenya,4,,,,,bowler,,derived:role_from_usage/v1,0.57,false
RP Lefebvre,12b59324,male,Netherlands,4,,,,,bowler,,derived:role_from_usage/v1,0.57,false
Xiuli Jin,f1d76e6f,female,China,4,,,,,all-rounder,,derived:role_from_usage/v1,0.57,false
Yuanyuan Cai,39b12998,female,China,4,,,,,batting all-rounder,,derived:role_from_usage/v1,0.57,false
M Ratuki,ad78df1c,female,Fiji,4,,,,,batter,,derived:role_from_usage/v1,0.57,false
T Touna,a7a337b9,female,Cook Islands,4,,,,,batter,,derived:role_from_usage/v1,0.57,false
I Quee,6bcefc6e,female,Sierra Leone,4,,,,,batting all-rounder,,derived:role_from_usage/v1,0.57,false
Maria Salazar,0e4abf0c,female,Chile,4,,,,,batter,,derived:role_from_usage/v1,0.57,false
Sofia Mardones,f4e6469b,female,Chile,4,,,,,all-rounder,,derived:role_from_usage/v1,0.57,false
J Winster,ecb8ba2c,female,South Africa,4,,,,,bowler,,derived:role_from_usage/v1,0.57,false
K Marasini,ac5003f9,female,Nepal,4,,,,,batting all-rounder,,derived:role_from_usage/v1,0.57,false
T Marumani,67a9fe72,female,Zimbabwe,4,,,,,batter,,derived:role_from_usage/v1,0.57,false
L Pemhiwa,02e712ce,female,Zimbabwe,4,,,,,batter,,derived:role_from_usage/v1,0.57,false
Md Shafiqul Haque,27128c74,male,Thailand,4,,,,,wicketkeeper-batter,yes,derived:role_from_usage/v1 | derived:keeper_inference_aggregate/v1,0.57 | 0.97,false
MNR Cooray,a9ddd37d,male,Maldives,4,,,,,all-rounder,,derived:role_from_usage/v1,0.57,false
LHB Harrington-Myers,91136091,male,Cayman Islands,4,,,,,batting all-rounder,,derived:role_from_usage/v1,0.57,false
AS Abioye,51e0e79f,male,Nigeria,4,,,,,bowler,,derived:role_from_usage/v1,0.57,false
Mian Mehmood,4a4991c1,male,Portugal,4,,,,,batter,,derived:role_from_usage/v1,0.57,false
A Orfila,7c6293d1,male,Gibraltar,4,,,,,bowler,,derived:role_from_usage/v1,0.57,false
Hassan Mehmood,0331c99a,male,Sweden,4,,,,,bowler,,derived:role_from_usage/v1,0.57,false
RV Viraj,a744d530,male,Cambodia,4,,,,,batting all-rounder,,derived:role_from_usage/v1,0.57,false
Kashif Abbas,63578359,male,Saudi Arabia,4,,,,,batter,,derived:role_from_usage/v1,0.57,false
W Perchard,511871c6,male,Jersey,4,,,,,batting all-rounder,,derived:role_from_usage/v1,0.57,false
G Singhdeo,4ae44aec,male,Costa Rica,4,,,,,batter,,derived:role_from_usage/v1,0.57,false
Parveen Kumar,babc65d3,male,Finland,4,,,,,bowler,,derived:role_from_usage/v1,0.57,false
PS Roberts,fd43bb69,male,Croatia,4,,,,,bowler,,derived:role_from_usage/v1,0.57,false
Abdur Rahman Sudais,edaae5f4,male,Sweden,4,,,,,batter,,derived:role_from_usage/v1,0.57,false
Faisal Safi,5eba6319,male,France,4,,,,,batter,,derived:role_from_usage/v1,0.57,false
Ryan Adams,c07f6bda,male,Botswana,4,,,,,batting all-rounder,,derived:role_from_usage/v1,0.57,false
RL Bhudia,47d00fb5,male,Kenya,4,,,,,bowler,,derived:role_from_usage/v1,0.57,false
Abdur Rauf,43b375d4,male,Pakistan,4,,,,,bowler,,derived:role_from_usage/v1,0.57,false
G Onions,c1f6c27e,male,England,4,,,,,bowler,,derived:role_from_usage/v1,0.57,false
Rida Zainab,4dc4530c,female,Kuwait,4,,,,,batter,,derived:role_from_usage/v1,0.57,false
TOW Chu,49693035,female,Hong Kong,4,,,,,batting all-rounder,,derived:role_from_usage/v1,0.57,false
Sanchin Singh,dccae421,female,United Arab Emirates,4,,,,,batter,yes,derived:role_from_usage/v1 | derived:keeper_inference_aggregate/v1,0.57 | 0.7,false
Ouen Sophy,4477b556,female,Cambodia,4,,,,,batter,,derived:role_from_usage/v1,0.57,false
Rabia Sahan,d37581d9,female,Turkey,4,,,,,batting all-rounder,,derived:role_from_usage/v1,0.57,false
H Okcu,7ddce42e,female,Turkey,4,,,,,batter,,derived:role_from_usage/v1,0.57,false
KG Anderson,ae79a86f,female,New Zealand,4,,,,,batter,,derived:role_from_usage/v1,0.57,false
J Chirila,a801ca06,female,Romania,4,,,,,all-rounder,,derived:role_from_usage/v1,0.57,false
I Palliya,a5824c28,female,Romania,4,,,,,batter,,derived:role_from_usage/v1,0.57,false
SM Ariyasinghage,64ddc3e7,female,Austria,4,,,,,batter,,derived:role_from_usage/v1,0.57,false
J Thirukkumaran,eb2da352,female,United Arab Emirates,4,,,,,batting all-rounder,,derived:role_from_usage/v1,0.57,false
Silda Joy,dec85af5,female,Malta,4,,,,,all-rounder,,derived:role_from_usage/v1,0.57,false
SM Don,eb96bc06,female,Malta,4,,,,,batting all-rounder,,derived:role_from_usage/v1,0.57,false
Shonaya Mehta,d2b71bf6,female,Belgium,4,,,,,batting all-rounder,,derived:role_from_usage/v1,0.57,false
P Sadev,7c4e8e13,male,Italy,4,,,,,batter,,derived:role_from_usage/v1,0.57,false
A Langham,fe0b3bdf,male,St Helena,4,,,,,batter,,derived:role_from_usage/v1,0.57,false
NH Ekanayake,00c98c78,male,Bahamas,4,,,,,all-rounder,,derived:role_from_usage/v1,0.57,false
JE Scott,732c9016,male,Bahamas,4,,,,,bowler,,derived:role_from_usage/v1,0.57,false
Abdul Bashir,b6af1647,male,Germany,4,,,,,bowler,,derived:role_from_usage/v1,0.57,false
M Prasanna,1b8c2b54,male,Romania,4,,,,,bowler,,derived:role_from_usage/v1,0.57,false
D Jamyansuren,6ad7d184,male,Mongolia,4,,,,,batting all-rounder,,derived:role_from_usage/v1,0.57,false
RA Tappin,7ce244fd,male,Bahamas,4,,,,,batting all-rounder,,derived:role_from_usage/v1,0.57,false
Imtiaz Khan,1500d104,male,Saudi Arabia,4,,,,,bowler,,derived:role_from_usage/v1,0.57,false
G Cupido,adbba8db,male,Switzerland,4,,,,,batter,,derived:role_from_usage/v1,0.57,false
Samarth Shetty,324e5c36,male,Sweden,4,,,,,batting all-rounder,,derived:role_from_usage/v1,0.57,false
Shafiullah Zakhel,ec59f49f,male,Belgium,4,,,,,bowler,,derived:role_from_usage/v1,0.57,false
C Shivakumar,a02a0e07,male,Singapore,4,,,,,batting all-rounder,,derived:role_from_usage/v1,0.57,false
FC Muniz,c9c2a7e8,male,Brazil,4,,,,,bowler,,derived:role_from_usage/v1,0.57,false
VJ Joshitha,f086c757,female,Royal Challengers Bengaluru,4,,,,,bowler,,derived:role_from_usage/v1,0.57,false
ND Doshi,6ec424a9,male,Rajasthan Royals;Royal Challengers Bangalore,4,,,,,bowler,,derived:role_from_usage/v1,0.57,false
JH Kiani,7370ca3d,male,Philippines,4,,,,,batting all-rounder,,derived:role_from_usage/v1,0.57,false
Karweng NG,6af3f1e6,male,Philippines,4,,,,,all-rounder,,derived:role_from_usage/v1,0.57,false
R Pillai,7a7c7e57,male,Germany,4,,,,,batter,,derived:role_from_usage/v1,0.57,false
PK Ananya,bc69a6d3,male,Ghana,4,,,,,batter,,derived:role_from_usage/v1,0.57,false
TW Dlamini,a1cdd009,male,Eswatini,4,,,,,batting all-rounder,,derived:role_from_usage/v1,0.57,false
C Stephenson,c2123fd0,male,Belize,4,,,,,batter,,derived:role_from_usage/v1,0.57,false
JN du Plooy,945f5357,male,Hungary,4,,,,,batting all-rounder,,derived:role_from_usage/v1,0.57,false
Mohammad Abrar,5923eebb,male,Qatar,4,,,,,batter,,derived:role_from_usage/v1,0.57,false
JR Lucky,4a3cbbf2,male,Costa Rica,4,,,,,batter,,derived:role_from_usage/v1,0.57,false
D St Ange,ede30898,male,Turks and Caicos Island,4,,,,,all-rounder,,derived:role_from_usage/v1,0.57,false
Sumit Kumar,8998a68f,male,Delhi Capitals,4,,,,,batting all-rounder,,derived:role_from_usage/v1,0.57,false
AA Kulkarni,2d140b79,male,Lucknow Super Giants,4,,,,,batter,,derived:role_from_usage/v1,0.57,false
SR Dubey,11061889,male,Kolkata Knight Riders,4,,,,,bowler,,derived:role_from_usage/v1,0.57,false
T Kohli,40caa465,male,Kings XI Punjab;Rajasthan Royals,4,,,,,batter,,derived:role_from_usage/v1,0.57,false
MA Khote,0d232ffd,male,Mumbai Indians,4,,,,,batting all-rounder,,derived:role_from_usage/v1,0.57,false
PWDM Badalge,0be8d603,female,Sri Lanka,4,,,,,batting all-rounder,,derived:role_from_usage/v1,0.57,false
Sumaiya Akter,469eb822,female,Bangladesh,4,,,,,batter,,derived:role_from_usage/v1,0.57,false
S Kalyan,e6ce0f4a,male,United Arab Emirates,4,,,,,batter,,derived:role_from_usage/v1,0.57,false
A Ashok,321be7e3,male,New Zealand,4,,,,,bowler,,derived:role_from_usage/v1,0.57,false
GJP Kruger,2957a836,male,South Africa,4,,,,,bowler,,derived:role_from_usage/v1,0.57,false
OL Pitcher,f71de062,male,Bermuda,4,,,,,batter,,derived:role_from_usage/v1,0.57,false
DCC Borden,359e430a,male,Bermuda,4,,,,,all-rounder,,derived:role_from_usage/v1,0.57,false
TV Mufambisi,11196470,male,Zimbabwe,4,,,,,batter,,derived:role_from_usage/v1,0.57,false
SKW Kelly,f0e58a83,male,Bermuda,4,,,,,bowler,,derived:role_from_usage/v1,0.57,false
R Khasana,5a6b2c1d,female,Lesotho,4,,,,,batting all-rounder,,derived:role_from_usage/v1,0.57,false
H Buruka,b1af4423,female,Papua New Guinea,4,,,,,batter,,derived:role_from_usage/v1,0.57,false
BD Pare,7b702d77,female,Indonesia,4,,,,,batter,,derived:role_from_usage/v1,0.57,false
HJ Darlington,50b558d2,female,Australia,4,,,,,bowler,,derived:role_from_usage/v1,0.57,false
M Imimole,15d6ef32,female,Nigeria,4,,,,,bowler,,derived:role_from_usage/v1,0.57,false
Smriti Anand,6a532414,female,Singapore,4,,,,,batting all-rounder,,derived:role_from_usage/v1,0.57,false
S Ranade,01404b98,female,Japan,4,,,,,bowler,,derived:role_from_usage/v1,0.57,false
WM Delgado,236e88ea,female,Costa Rica,4,,,,,all-rounder,,derived:role_from_usage/v1,0.57,false
OS Dlamini,51b9505a,female,Eswatini,4,,,,,batting all-rounder,,derived:role_from_usage/v1,0.57,false
S Kaneria,295e3c13,female,Belgium,4,,,,,all-rounder,,derived:role_from_usage/v1,0.57,false
Aashita Gupta,5792f4e0,female,Belgium,4,,,,,batter,,derived:role_from_usage/v1,0.57,false
GMK Jayaweera,9d456118,female,Sweden,4,,,,,batting all-rounder,,derived:role_from_usage/v1,0.57,false
H Shreya,0e8f734c,female,Sweden,4,,,,,bowler,,derived:role_from_usage/v1,0.57,false
T Filer,52dfe157,male,Estonia,4,,,,,batting all-rounder,,derived:role_from_usage/v1,0.57,false
Iftekar Jaman,0a5718ef,male,Cyprus,4,,,,,batter,,derived:role_from_usage/v1,0.57,false
C Brown,d504bc4c,male,Belize,4,,,,,batter,,derived:role_from_usage/v1,0.57,false
KK Tillett,55fedd51,male,Belize,4,,,,,batting all-rounder,,derived:role_from_usage/v1,0.57,false
Vimal Kumar,b6a85ead,male,Philippines,4,,,,,batting all-rounder,,derived:role_from_usage/v1,0.57,false
DE Martel,526fe472,male,Guernsey,4,,,,,bowler,,derived:role_from_usage/v1,0.57,false
MH Oman,6005fe89,male,Slovenia,4,,,,,batter,,derived:role_from_usage/v1,0.57,false
C Rathanak,91633ba5,male,Cambodia,4,,,,,batter,,derived:role_from_usage/v1,0.57,false
BK Majji,d864f752,male,Ghana,4,,,,,batting all-rounder,,derived:role_from_usage/v1,0.57,false
Jai Tiwari,036e7ed1,male,Switzerland,4,,,,,batter,,derived:role_from_usage/v1,0.57,false
KK Hermann,ba3533fe,male,Ivory Coast,4,,,,,batter,,derived:role_from_usage/v1,0.57,false
L Horan,16d43e12,male,Bermuda,4,,,,,all-rounder,,derived:role_from_usage/v1,0.57,false
Isaiah O'Brien,967801f4,male,Bermuda,4,,,,,batter,,derived:role_from_usage/v1,0.57,false
Abdulla Bhoola,6ef9a32f,male,Panama,4,,,,,batter,,derived:role_from_usage/v1,0.57,false
Raheel Thakkar,4844672e,male,Singapore,4,,,,,batter,yes,derived:role_from_usage/v1 | derived:keeper_inference_aggregate/v1,0.57 | 0.7,false
Luqman Hussan,d33fce1b,male,Uzbekistan,4,,,,,all-rounder,,derived:role_from_usage/v1,0.57,false
Saif Ullah,44756879,male,Uzbekistan,4,,,,,batter,,derived:role_from_usage/v1,0.57,false
Lalu Bhai Ahir,dcd05452,male,Panama,4,,,,,all-rounder,,derived:role_from_usage/v1,0.57,false
NS Naik,aedc3b7c,male,Kings XI Punjab;Kolkata Knight Riders,4,,,,,batter,,derived:role_from_usage/v1,0.57,false
RJ Kirtley,22860288,male,England,4,,,,,bowler,,derived:role_from_usage/v1,0.57,false
V Vithanage,5eaff430,female,Canada,4,,,,,all-rounder,,derived:role_from_usage/v1,0.57,false
Camila Valdes,dfe8ddeb,female,Chile,4,,,,,all-rounder,,derived:role_from_usage/v1,0.57,false
Sofia Araya,e4d4c4e0,female,Chile,4,,,,,batter,,derived:role_from_usage/v1,0.57,false
C Wyngaard,86ae7e09,female,South Africa,4,,,,,bowler,,derived:role_from_usage/v1,0.57,false
A Letuba,6c712276,female,Botswana,4,,,,,batter,,derived:role_from_usage/v1,0.57,false
A Kshirsagar,80b34521,female,Czech Republic,4,,,,,all-rounder,,derived:role_from_usage/v1,0.57,false
E Vukusic,7a64c6eb,female,Croatia,4,,,,,all-rounder,,derived:role_from_usage/v1,0.57,false
S Hanson,711c82b5,female,Jersey,4,,,,,bowler,,derived:role_from_usage/v1,0.57,false
R Merrien,3861da30,female,Guernsey,4,,,,,batter,,derived:role_from_usage/v1,0.57,false
S Cholasseri,66e189ac,female,Malta,4,,,,,all-rounder,,derived:role_from_usage/v1,0.57,false
CM Madsen,f70b575c,female,Denmark,4,,,,,bowler,,derived:role_from_usage/v1,0.57,false
Rakibul Hasan,b75b7b09,male,Italy,4,,,,,bowler,,derived:role_from_usage/v1,0.57,false
CJ Gannon,519c30cb,male,United States of America,4,,,,,bowler,,derived:role_from_usage/v1,0.57,false
D Kegasitswe,3676b91f,male,Botswana,4,,,,,bowler,,derived:role_from_usage/v1,0.57,false
Ainool Haqqiem,349cf113,male,Malaysia,4,,,,,batter,yes,derived:role_from_usage/v1 | derived:keeper_inference_aggregate/v1,0.57 | 0.7,false
BJ Konstas,68877963,male,Greece,4,,,,,batting all-rounder,,derived:role_from_usage/v1,0.57,false
Ajhar Alam,b18d78f6,male,Czech Republic,4,,,,,bowler,,derived:role_from_usage/v1,0.57,false
Idan Varsulkar,65026426,male,Israel,4,,,,,batter,,derived:role_from_usage/v1,0.57,false
IY Levy,63b156c1,male,Israel,4,,,,,bowler,,derived:role_from_usage/v1,0.57,false
JJ Celestine,6ae9c751,male,Bermuda,4,,,,,batter,,derived:role_from_usage/v1,0.57,false
M Pushpakumara,af2a0740,male,Sri Lanka,4,,,,,all-rounder,,derived:role_from_usage/v1,0.57,false
MS Tshabalala,e9c14262,male,South Africa,4,,,,,bowler,,derived:role_from_usage/v1,0.57,false
B Murtagh,7bd61c82,female,Isle of Man,4,,,,,bowler,,derived:role_from_usage/v1,0.57,false
N Kuruppu,bacbc4ee,female,Romania,4,,,,,batter,,derived:role_from_usage/v1,0.57,false
Laiba,963b1a9d,female,Saudi Arabia,4,,,,,batting all-rounder,,derived:role_from_usage/v1,0.57,false
N De Bromhead,a8ac7250,female,Malta,4,,,,,all-rounder,,derived:role_from_usage/v1,0.57,false
Susan George,55f13cf4,female,Malta,4,,,,,batting all-rounder,,derived:role_from_usage/v1,0.57,false
RT Raghavan,4622d730,female,Malta,4,,,,,batter,,derived:role_from_usage/v1,0.57,false
D Teinaki,a2c03e90,male,Cook Islands,4,,,,,batter,,derived:role_from_usage/v1,0.57,false
T Kaisala,80ba2fe8,male,Samoa,4,,,,,batter,yes,derived:role_from_usage/v1 | derived:keeper_inference_aggregate/v1,0.57 | 0.7,false
W Kokaua,82a33cac,male,Cook Islands,4,,,,,bowler,,derived:role_from_usage/v1,0.57,false
Anik Ahmed,ccda520f,male,Italy,4,,,,,all-rounder,,derived:role_from_usage/v1,0.57,false
P Dhiman,16c50be4,male,Spain,4,,,,,batter,,derived:role_from_usage/v1,0.57,false
T Shanmugam,60fc2c8c,male,Seychelles,4,,,,,batting all-rounder,,derived:role_from_usage/v1,0.57,false
GJ Rennie,b863eae9,male,Zimbabwe,4,,,,,all-rounder,,derived:role_from_usage/v1,0.57,false
Sami Aslam,96a2336e,male,Pakistan,4,,,,,batter,,derived:role_from_usage/v1,0.57,false
V Khanduri,f0f2b9c5,male,Cyprus,4,,,,,bowler,,derived:role_from_usage/v1,0.57,false
N Katechis,495ded1c,male,Greece,4,,,,,batter,,derived:role_from_usage/v1,0.57,false
A Chaubey,c577d7d4,male,Croatia,4,,,,,bowler,,derived:role_from_usage/v1,0.57,false
S Natsagdorj,b3f47a20,male,Mongolia,4,,,,,batter,,derived:role_from_usage/v1,0.57,false
E Batkhuyag,1c366af1,male,Mongolia,4,,,,,batting all-rounder,,derived:role_from_usage/v1,0.57,false
RK Singh,6e974d8f,male,Mexico,4,,,,,batter,,derived:role_from_usage/v1,0.57,false
Kristan Tillett,4e31ea36,male,Belize,4,,,,,batter,,derived:role_from_usage/v1,0.57,false
S Hunter,aac584a8,male,Turks and Caicos Island,4,,,,,batting all-rounder,,derived:role_from_usage/v1,0.57,false
SB Joshi,670709ec,male,Royal Challengers Bangalore,4,,,,,bowler,,derived:role_from_usage/v1,0.57,false
S Qeshile,94268960,male,South Africa,4,,,,,batter,,derived:role_from_usage/v1,0.57,false
MJ Fisher,7068c81e,male,New Zealand,4,,,,,bowler,,derived:role_from_usage/v1,0.57,false
BR Dorey,8d6a0fbc,male,Australia,4,,,,,bowler,,derived:role_from_usage/v1,0.57,false
KT Sandher,41c8bae3,male,Canada,4,,,,,bowler,,derived:role_from_usage/v1,0.57,false
MGMCP Gunawardene,b37b035c,female,Sri Lanka,4,,,,,all-rounder,,derived:role_from_usage/v1,0.57,false
J Rokoro,80b1465d,female,Fiji,4,,,,,batting all-rounder,,derived:role_from_usage/v1,0.57,false
Lily Lamb,69fc75bb,female,Cook Islands,4,,,,,batting all-rounder,,derived:role_from_usage/v1,0.57,false
Nilusha Waruwangodage,aa655cd5,female,Cyprus,4,,,,,batting all-rounder,,derived:role_from_usage/v1,0.57,false
SZ Peles,724c7830,female,Croatia,4,,,,,batter,,derived:role_from_usage/v1,0.57,false
A Pavlickova,59de426b,female,Czech Republic,4,,,,,batter,,derived:role_from_usage/v1,0.57,false
L Bigula,9b2e971a,female,Malawi,4,,,,,batting all-rounder,,derived:role_from_usage/v1,0.57,false
Yasir Mehmood,af8d9fd9,male,Cyprus,4,,,,,bowler,,derived:role_from_usage/v1,0.57,false
Ali Raza,db51b9a0,male,Estonia,4,,,,,batter,,derived:role_from_usage/v1,0.57,false
ADL Stokoe,bf09f51d,male,Isle of Man,4,,,,,bowler,,derived:role_from_usage/v1,0.57,false
NL Ujawe,7c7c4988,male,Slovenia,4,,,,,bowler,,derived:role_from_usage/v1,0.57,false
Azeem Nazir,9f3f532a,male,Switzerland,4,,,,,batter,,derived:role_from_usage/v1,0.57,false
Komang Putra,083ffc5d,male,Indonesia,4,,,,,batting all-rounder,,derived:role_from_usage/v1,0.57,false
K Dorji,f9b9883f,male,Bhutan,4,,,,,bowler,,derived:role_from_usage/v1,0.57,false
Mohammad Waheed,e345bcdc,male,Hong Kong,4,,,,,bowler,,derived:role_from_usage/v1,0.57,false
Franz Bur,61763f48,male,Argentina,4,,,,,batting all-rounder,,derived:role_from_usage/v1,0.57,false
M Khauta,1e843603,male,Lesotho,4,,,,,bowler,,derived:role_from_usage/v1,0.57,false
TV Badri Narayanan,fb68e13e,male,Costa Rica,4,,,,,batter,,derived:role_from_usage/v1,0.57,false
S Wankhade,27ca21c1,male,Costa Rica,4,,,,,batting all-rounder,,derived:role_from_usage/v1,0.57,false
S Barnett,e09a869b,male,Isle of Man,4,,,,,batter,,derived:role_from_usage/v1,0.57,false
JL Kovacic,d821ea56,male,Slovenia,4,,,,,all-rounder,,derived:role_from_usage/v1,0.57,false
JD Alembe,518cfb98,male,Cameroon,4,,,,,batter,,derived:role_from_usage/v1,0.57,false
Abdul Jalil,92aaa31d,male,Oman,4,,,,,batter,,derived:role_from_usage/v1,0.57,false
GRD Munasinghe,eff8b730,male,Italy,4,,,,,bowler,,derived:role_from_usage/v1,0.57,false
H Pragji,e28327c6,male,Botswana,4,,,,,batter,,derived:role_from_usage/v1,0.57,false
Farzan Afzal,6ebf4d4e,male,Spain,4,,,,,all-rounder,,derived:role_from_usage/v1,0.57,false
Tauqeer Hussain,84d0b84c,male,Spain,4,,,,,bowler,,derived:role_from_usage/v1,0.57,false
W Uisuk,f20e7aac,male,Thailand,4,,,,,batting all-rounder,,derived:role_from_usage/v1,0.57,false
B Ivanov,7d4f6e1f,male,Bulgaria,4,,,,,batter,,derived:role_from_usage/v1,0.57,false
Danish Aziz,a4799701,male,Pakistan,4,,,,,all-rounder,,derived:role_from_usage/v1,0.57,false
U Shahid,2a853aa5,male,France,4,,,,,all-rounder,,derived:role_from_usage/v1,0.57,false
Ahmed Baladraf,8bbb89ab,male,Saudi Arabia,4,,,,,bowler,,derived:role_from_usage/v1,0.57,false
GY Prastama,d9cdf81e,male,Indonesia,4,,,,,batter,,derived:role_from_usage/v1,0.57,false
LSP Siriwardene,f2637e05,male,Israel,4,,,,,wicketkeeper-batter,yes,derived:role_from_usage/v1 | derived:keeper_inference_aggregate/v1,0.57 | 0.97,false
A Govorko,a6e4e6f9,male,Croatia,4,,,,,batter,,derived:role_from_usage/v1,0.57,false
Prashant Shukla,0a15f357,male,Sweden,4,,,,,bowler,,derived:role_from_usage/v1,0.57,false
BADL Faunce,00df8c9b,male,Greece,4,,,,,batting all-rounder,,derived:role_from_usage/v1,0.57,false
JS Bangera,6a6037c8,male,Israel,4,,,,,batter,,derived:role_from_usage/v1,0.57,false
GJ Hilkowitz,45d794b0,male,Israel,4,,,,,all-rounder,,derived:role_from_usage/v1,0.57,false
CP Schofield,4751827a,male,England,4,,,,,bowler,,derived:role_from_usage/v1,0.57,false
MJ Fourie,7a4819e1,male,Ireland,4,,,,,all-rounder,,derived:role_from_usage/v1,0.57,false
D Staddon,4a28527d,female,Brazil,4,,,,,batting all-rounder,,derived:role_from_usage/v1,0.57,false
O Essiz,80d9e011,female,Turkey,4,,,,,batter,,derived:role_from_usage/v1,0.57,false
Pavithra Selvam,aba43b0a,female,Qatar,4,,,,,batter,,derived:role_from_usage/v1,0.57,false
P Chabuta,85f0529e,female,Zambia,4,,,,,bowler,,derived:role_from_usage/v1,0.57,false
M Trajkovic,75ae53e0,female,Serbia,4,,,,,all-rounder,,derived:role_from_usage/v1,0.57,false
Maria Serfioti,3a502b94,female,Luxembourg,4,,,,,batter,,derived:role_from_usage/v1,0.57,false
Anmoldeep Singh,5db10a22,male,Italy,4,,,,,batting all-rounder,,derived:role_from_usage/v1,0.57,false
D Traore,273be75a,male,Mali,4,,,,,batter,,derived:role_from_usage/v1,0.57,false
Irfan Sarfraz,ef5d54c6,male,Saudi Arabia,4,,,,,batting all-rounder,,derived:role_from_usage/v1,0.57,false
Gurnoor Brar,99258814,male,India;Punjab Kings,4,,,,,bowler,,derived:role_from_usage/v1,0.57,false
R Minz,bafd0398,male,Mumbai Indians,4,,,,,batter,,derived:role_from_usage/v1,0.57,false
AA Noffke,b69e69ed,male,Australia;Royal Challengers Bangalore,4,,,,,bowler,,derived:role_from_usage/v1,0.57,false
Faisal Akram,14661bf3,male,Pakistan,4,,,,,bowler,,derived:role_from_usage/v1,0.57,false
Ghazi Ghori,28b61a48,male,Pakistan,4,,,,,batter,yes,derived:role_from_usage/v1 | derived:keeper_inference_aggregate/v1,0.57 | 0.7,false
Arjun Kumal,2f7a41f8,male,Nepal,4,,,,,batter,,derived:role_from_usage/v1,0.57,false
H Dhami,bb20441f,male,Nepal,4,,,,,bowler,,derived:role_from_usage/v1,0.57,false
WF Stelling,0c637131,male,Netherlands,4,,,,,bowler,,derived:role_from_usage/v1,0.57,false
AC Cummins,ad75edc3,male,Canada,4,,,,,bowler,,derived:role_from_usage/v1,0.57,false
Mohammad Kashif,4d05a82e,male,Netherlands,4,,,,,bowler,,derived:role_from_usage/v1,0.57,false
M Mohasane,210aa845,female,Lesotho,4,,,,,batter,,derived:role_from_usage/v1,0.57,false
M Bosman,7612d2cc,female,Namibia,4,,,,,batter,,derived:role_from_usage/v1,0.57,false
N Mutasa,b5341b28,female,Zimbabwe,4,,,,,all-rounder,,derived:role_from_usage/v1,0.57,false
S Meyenborg,6a1f6e13,female,Germany,4,,,,,batting all-rounder,,derived:role_from_usage/v1,0.57,false
Seri Chang,1f87b800,female,South Korea,4,,,,,all-rounder,,derived:role_from_usage/v1,0.57,false
Seungmin Song,38476559,female,South Korea,4,,,,,all-rounder,,derived:role_from_usage/v1,0.57,false
Haliam Kwon,87923c78,female,South Korea,4,,,,,batting all-rounder,,derived:role_from_usage/v1,0.57,false
Hamza Niyaz,6795e49f,female,Maldives,4,,,,,batter,,derived:role_from_usage/v1,0.57,false
Y Verma,0894ec27,female,Oman,4,,,,,all-rounder,,derived:role_from_usage/v1,0.57,false
S Kailath,080bbb6e,female,Austria,4,,,,,all-rounder,,derived:role_from_usage/v1,0.57,false
Mounica Chowdary,b2118a44,female,Luxembourg,4,,,,,batting all-rounder,,derived:role_from_usage/v1,0.57,false
S Arachchige,e6681f88,female,Cyprus,4,,,,,batter,,derived:role_from_usage/v1,0.57,false
K Poon,f25c0231,female,Hong Kong,4,,,,,batter,,derived:role_from_usage/v1,0.57,false
Shahzeb Afridi,53494306,male,Qatar,4,,,,,batter,,derived:role_from_usage/v1,0.57,false
S Kochar,da2eeb97,male,Mexico,4,,,,,batter,,derived:role_from_usage/v1,0.57,false
M Noble,d8141f01,male,Mexico,4,,,,,all-rounder,,derived:role_from_usage/v1,0.57,false
H Pile,2f3b270e,male,Gibraltar,4,,,,,batter,,derived:role_from_usage/v1,0.57,false
Micheal Das,b556eff5,male,Malta,4,,,,,batter,,derived:role_from_usage/v1,0.57,false
G Richardson,5ca0e315,male,Jersey,4,,,,,bowler,,derived:role_from_usage/v1,0.57,false
Muhammad Farooq,81416a78,male,Eswatini,4,,,,,all-rounder,,derived:role_from_usage/v1,0.57,false
Shakeel Zeb,4709e746,male,Denmark,4,,,,,bowler,,derived:role_from_usage/v1,0.57,false
Nathan Ingleston,d84a1af0,male,Panama,4,,,,,batting all-rounder,,derived:role_from_usage/v1,0.57,false
Naim Stanikzai,e8e701f4,male,Switzerland,4,,,,,batter,,derived:role_from_usage/v1,0.57,false
A Kessar,6da5685e,male,Singapore,4,,,,,bowler,,derived:role_from_usage/v1,0.57,false
Syed Ahzamul Haq,7c05b23d,male,Uzbekistan,4,,,,,batting all-rounder,,derived:role_from_usage/v1,0.57,false
Tharika Sewwandi,d826bfec,female,Sri Lanka,4,,,,,bowler,,derived:role_from_usage/v1,0.57,false
G Bloemen,7a0428ae,female,Netherlands,4,,,,,bowler,,derived:role_from_usage/v1,0.57,false
A Valthapa,ba7b21fd,male,United Arab Emirates,4,,,,,batter,yes,derived:role_from_usage/v1 | derived:keeper_inference_aggregate/v1,0.57 | 0.7,false
KY Ottley,50a92895,male,West Indies,4,,,,,batter,,derived:role_from_usage/v1,0.57,false
G Goudie,59f509ed,male,Scotland,4,,,,,all-rounder,,derived:role_from_usage/v1,0.57,false
RO Hurley,304c9c2e,male,West Indies,4,,,,,bowler,,derived:role_from_usage/v1,0.57,false
D Joseph,b7b66a96,male,Canada,4,,,,,bowler,,derived:role_from_usage/v1,0.57,false
AISD Kainoco,f3614f32,female,Fiji,4,,,,,batting all-rounder,,derived:role_from_usage/v1,0.57,false
TM Faimalo,e8cea6cf,female,Samoa,4,,,,,batting all-rounder,,derived:role_from_usage/v1,0.57,false
Franchesca Moya,dd30467d,female,Chile,4,,,,,batter,,derived:role_from_usage/v1,0.57,false
K Mohanoe,bf1f5ab0,female,Lesotho,4,,,,,batter,,derived:role_from_usage/v1,0.57,false
F Copley,637680bc,female,Jersey,4,,,,,bowler,,derived:role_from_usage/v1,0.57,false
S Khatri,e93f9604,female,Malta,4,,,,,batting all-rounder,,derived:role_from_usage/v1,0.57,false
Bibina Baby,9edc0abb,female,Malta,4,,,,,batting all-rounder,,derived:role_from_usage/v1,0.57,false
MJ Ross,d1c7dd6d,male,Italy,4,,,,,all-rounder,,derived:role_from_usage/v1,0.57,false
P Buccimazza,ddc7e056,male,Portugal,4,,,,,bowler,,derived:role_from_usage/v1,0.57,false
EB Knowles,e141fddd,male,Czech Republic,4,,,,,batter,,derived:role_from_usage/v1,0.57,false
Muhammad Musa,9b8a3c39,male,Pakistan,4,,,,,bowler,,derived:role_from_usage/v1,0.57,false
A Johnmary,e64c35df,male,France,4,,,,,batter,,derived:role_from_usage/v1,0.57,false
BB Seebaran,fc54ef7a,male,Canada,4,,,,,bowler,,derived:role_from_usage/v1,0.57,false
Isabella Clarke,bfb66913,female,Isle of Man,4,,,,,bowler,,derived:role_from_usage/v1,0.57,false
Junaid Sheikh,c01852c6,male,Norway,4,,,,,bowler,,derived:role_from_usage/v1,0.57,false
Ali Muaaz,52062ed6,male,Greece,4,,,,,batter,,derived:role_from_usage/v1,0.57,false
E Frimpong,3c13fc3b,male,Ghana,4,,,,,bowler,,derived:role_from_usage/v1,0.57,false
Hein Zin Aung,3543e384,male,Myanmar,4,,,,,batter,,derived:role_from_usage/v1,0.57,false
LKW Ezechiel,f80bd415,male,Ivory Coast,4,,,,,bowler,,derived:role_from_usage/v1,0.57,false
J Pakeman,0cea2730,male,Belize,4,,,,,batter,,derived:role_from_usage/v1,0.57,false
Choudhry Md Imran,d92d4f5e,male,Saudi Arabia,4,,,,,batter,,derived:role_from_usage/v1,0.57,false
ARH Patel,c5147782,male,Costa Rica,4,,,,,batter,,derived:role_from_usage/v1,0.57,false
M Smith,3296507e,male,Turks and Caicos Island,4,,,,,batting all-rounder,,derived:role_from_usage/v1,0.57,false
J Daley,7b6623bc,male,Turks and Caicos Island,4,,,,,batting all-rounder,,derived:role_from_usage/v1,0.57,false
SU Parakh,926c7443,male,Delhi Capitals,4,,,,,batter,,derived:role_from_usage/v1,0.57,false
Gagandeep Singh,890de8cb,male,Kings XI Punjab,4,,,,,bowler,,derived:role_from_usage/v1,0.57,false
D Nath,d019608b,male,Nepal,4,,,,,batter,yes,derived:role_from_usage/v1 | derived:keeper_inference_aggregate/v1,0.57 | 0.7,false
NA Maiolo,362fde0f,male,Italy,4,,,,,all-rounder,,derived:role_from_usage/v1,0.57,false
ER Dwivedi,b274dbbd,male,Gujarat Lions,4,,,,,batter,,derived:role_from_usage/v1,0.57,false
K Ghalley,55d07946,male,Bhutan,4,,,,,batter,,derived:role_from_usage/v1,0.57,false
Mustakim Aslam,966b2677,male,Denmark,4,,,,,bowler,,derived:role_from_usage/v1,0.57,false
Faisal Javed,b0ef0346,male,Qatar,4,,,,,batter,,derived:role_from_usage/v1,0.57,false
Kelly Ndiraya,bb14ada4,female,Zimbabwe,4,,,,,batter,,derived:role_from_usage/v1,0.57,false
Wang Liuyang,f3c217a9,male,China,4,,,,,batter,yes,derived:role_from_usage/v1 | derived:keeper_inference_aggregate/v1,0.57 | 0.7,false
KD Clarke,7a12be0a,male,New Zealand,4,,,,,batter,,derived:role_from_usage/v1,0.57,false
R Ramadhasyena,e1779851,male,Indonesia,4,,,,,batter,,derived:role_from_usage/v1,0.57,false
S Baker,78c12883,male,England,4,,,,,bowler,,derived:role_from_usage/v1,0.57,false
H Little,ad75e88d,female,Ireland,4,,,,,batting all-rounder,,derived:role_from_usage/v1,0.57,false
J Figy John,9f038761,male,United Arab Emirates,4,,,,,batter,,derived:role_from_usage/v1,0.57,false
Xie Wenyan,85356529,female,China,4,,,,,batting all-rounder,,derived:role_from_usage/v1,0.57,false
Jiyeon Park,664ad13f,female,South Korea,4,,,,,all-rounder,,derived:role_from_usage/v1,0.57,false
Hyejin Park,c3e3d7e7,female,South Korea,4,,,,,batting all-rounder,,derived:role_from_usage/v1,0.57,false
E Hasahya,d3fcb126,male,Uganda,4,,,,,batter,,derived:role_from_usage/v1,0.57,false
Jiyeon Park (2),e26f2fe5,female,South Korea,4,,,,,batter,,derived:role_from_usage/v1,0.57,false
Lee Hyosin,c6c117f3,male,South Korea,4,,,,,batter,,derived:role_from_usage/v1,0.57,false
Utkarsh Srivastava,61928851,male,United States of America,4,,,,,batting all-rounder,,derived:role_from_usage/v1,0.57,false
AAA Patel,fd3c5c00,male,Lesotho,4,,,,,batter,,derived:role_from_usage/v1,0.57,false
Amelia Griffiths,02c4fa15,female,Isle of Man,4,,,,,bowler,,derived:role_from_usage/v1,0.57,false
Ihsanullah Wafa,75a58f94,male,Sweden,4,,,,,batting all-rounder,,derived:role_from_usage/v1,0.57,false
S Shermatov,a6941f24,male,Uzbekistan,4,,,,,batter,,derived:role_from_usage/v1,0.57,false
K Thomson,53e325ed,female,South Africa,4,,,,,batting all-rounder,,derived:role_from_usage/v1,0.57,false
Payal Kothar,368c7e10,female,Belgium,4,,,,,all-rounder,,derived:role_from_usage/v1,0.57,false
Kalpesh Ahir,a74a9dac,male,Panama,4,,,,,batter,,derived:role_from_usage/v1,0.57,false
Grace Cottier,1ae34c14,female,Isle of Man,4,,,,,batting all-rounder,,derived:role_from_usage/v1,0.57,false
Jana Majski,ef1b7e1e,female,Serbia,4,,,,,bowler,,derived:role_from_usage/v1,0.57,false
SRMJJ Arachchilage,c9473a95,male,Cyprus,4,,,,,batting all-rounder,,derived:role_from_usage/v1,0.57,false
T Martin,32e97806,male,Luxembourg,4,,,,,batting all-rounder,,derived:role_from_usage/v1,0.57,false
A Gorawara,c6b11959,male,Hong Kong,4,,,,,batter,,derived:role_from_usage/v1,0.57,false
Kuldeep Singh,8c483884,male,Philippines,4,,,,,batter,,derived:role_from_usage/v1,0.57,false
J Dunn,136848e6,male,Vanuatu,4,,,,,batter,,derived:role_from_usage/v1,0.57,false
VRB Arachchige,70e1b3a8,male,Malta,4,,,,,bowler,,derived:role_from_usage/v1,0.57,false
V Rathinasamy,305c9b8a,male,Croatia,4,,,,,batting all-rounder,,derived:role_from_usage/v1,0.57,false
JA Turner,cdd875d9,male,England,4,,,,,bowler,,derived:role_from_usage/v1,0.57,false
R Bowers-Fleming,0eb829be,female,Cook Islands,4,,,,,batter,,derived:role_from_usage/v1,0.57,false
Zoha Irfan,7d70dc87,female,Saudi Arabia,4,,,,,batter,,derived:role_from_usage/v1,0.57,false
V Barboza,8e574c74,female,Bahrain,4,,,,,bowler,,derived:role_from_usage/v1,0.57,false
T Shabani,2c83f1f7,female,Tanzania,4,,,,,bowler,,derived:role_from_usage/v1,0.57,false
Nipuni Nadeera,9e193ebd,female,Bahrain,4,,,,,batter,,derived:role_from_usage/v1,0.57,false
Rumaisa Jawad Nasir,38f2525c,female,Saudi Arabia,4,,,,,batting all-rounder,,derived:role_from_usage/v1,0.57,false
Usrah Umar Farooq,0d0b8575,female,Saudi Arabia,4,,,,,batter,,derived:role_from_usage/v1,0.57,false
T Banda,cd3a34f9,female,Zambia,4,,,,,batter,,derived:role_from_usage/v1,0.57,false
M Terblanche,5ce56983,female,South Africa,4,,,,,batting all-rounder,,derived:role_from_usage/v1,0.57,false
N Erdenebat,9e1e821f,female,Mongolia,4,,,,,batter,,derived:role_from_usage/v1,0.57,false
KL Rolton,9306c803,female,Australia,4,,,,,batter,,derived:role_from_usage/v1,0.57,false
Virendra Kumar,20988564,male,Israel,4,,,,,bowler,,derived:role_from_usage/v1,0.57,false
PG Chopra,0dc28b3f,female,UP Warriorz,4,,,,,bowler,,derived:role_from_usage/v1,0.57,false
SM Shakil,2803bd53,female,Gujarat Giants,4,,,,,bowler,,derived:role_from_usage/v1,0.57,false
R Parkin,f2c0c73d,male,Estonia,4,,,,,bowler,,derived:role_from_usage/v1,0.57,false
Kamal Raja,8f2c2c58,female,Singapore,4,,,,,batter,,derived:role_from_usage/v1,0.57,false
IU Jayamannage,308d6f62,female,Italy,4,,,,,batter,yes,derived:role_from_usage/v1 | derived:keeper_inference_aggregate/v1,0.57 | 0.7,false
ST Varzakakou,9f17e86d,female,Greece,4,,,,,batter,,derived:role_from_usage/v1,0.57,false
Hardeep Singh,d617f2bf,male,Cyprus,4,,,,,bowler,,derived:role_from_usage/v1,0.57,false
Saqlain Mushtaq,047c67ba,male,Pakistan,4,,,,,bowler,,derived:role_from_usage/v1,0.57,false
S Phakathi,fd432213,female,Eswatini,4,,,,,batter,,derived:role_from_usage/v1,0.57,false
S Elayaperumal,5c86b6ac,male,Mexico,4,,,,,batter,,derived:role_from_usage/v1,0.57,false
Fawad Ahmed,22ae3041,male,Australia,4,,,,,bowler,,derived:role_from_usage/v1,0.57,false
T Skordili,60d0efc4,female,Greece,4,,,,,batting all-rounder,,derived:role_from_usage/v1,0.57,false
YV Dhull,dd7e9b3b,male,Delhi Capitals,4,,,,,batter,,derived:role_from_usage/v1,0.57,false
A Iopu,e77d4107,female,Samoa,4,,,,,batting all-rounder,,derived:role_from_usage/v1,0.57,false
Yang Shen,eae39ba0,female,China,4,,,,,bowler,,derived:role_from_usage/v1,0.57,false
Florencia Martinez,0626d312,female,Chile,4,,,,,batting all-rounder,,derived:role_from_usage/v1,0.57,false
Akbar Khan,6113433c,male,Hong Kong,4,,,,,batter,,derived:role_from_usage/v1,0.57,false
B Akhilesh Reddy,2df72aae,male,United States of America,4,,,,,bowler,,derived:role_from_usage/v1,0.57,false
NKDP Putri,01ac7f7c,female,Indonesia,4,,,,,all-rounder,,derived:role_from_usage/v1,0.57,false
Fayaz Mohammad,67fedcb4,male,Bulgaria,4,,,,,batter,,derived:role_from_usage/v1,0.57,false
Mosharraf Hossain,8eb611d0,male,Bangladesh,4,,,,,bowler,,derived:role_from_usage/v1,0.57,false
Abdul Stanikzai,5f91b34e,male,Germany,4,,,,,batter,,derived:role_from_usage/v1,0.57,false
Shahab Alam,1b09fbcf,male,Romania,4,,,,,batter,,derived:role_from_usage/v1,0.57,false
Rupesh Singh,30b93df1,male,Nepal,4,,,,,all-rounder,,derived:role_from_usage/v1,0.57,false
M Khokhar,d29d644e,female,Canada,4,,,,,batter,,derived:role_from_usage/v1,0.57,false
Muhammad Zafar Khan,6d5e66b1,male,Tanzania,4,,,,,batter,,derived:role_from_usage/v1,0.57,false
A Kanogullari,a6f365e7,male,Turkey,4,,,,,batter,,derived:role_from_usage/v1,0.57,false
NM Carter,7805af0f,male,Scotland,4,,,,,all-rounder,,derived:role_from_usage/v1,0.57,false
O Gholami,c0fca5eb,male,Sweden,4,,,,,bowler,,derived:role_from_usage/v1,0.57,false
V Tafea,611298bd,female,Samoa,4,,,,,batting all-rounder,,derived:role_from_usage/v1,0.57,false
MI Shakim,5ffee881,female,Tanzania,4,,,,,all-rounder,,derived:role_from_usage/v1,0.57,false
RK Bhui,b63e358a,male,Delhi Capitals;Sunrisers Hyderabad,4,,,,,batter,,derived:role_from_usage/v1,0.57,false
Hasan Yanar,c8c4709d,male,Turkey,4,,,,,batter,,derived:role_from_usage/v1,0.57,false
K Raphapha,b4c2e8ff,female,Botswana,4,,,,,batter,,derived:role_from_usage/v1,0.57,false
CAJ Meschede,eddf25bd,male,Germany,4,,,,,all-rounder,,derived:role_from_usage/v1,0.57,false
SF Nhavotso,8b6aebf7,male,Mozambique,4,,,,,batting all-rounder,,derived:role_from_usage/v1,0.57,false
Ilyas Cetin,8357fc3e,male,Turkey,4,,,,,batting all-rounder,,derived:role_from_usage/v1,0.57,false
PR Brown,1efd12d1,male,England,4,,,,,bowler,,derived:role_from_usage/v1,0.57,false
Shakerullah Safi,05cf8905,male,Denmark,4,,,,,batting all-rounder,,derived:role_from_usage/v1,0.57,false
Khawaja Nafay,3cf54e77,male,Pakistan,4,,,,,batter,yes,derived:role_from_usage/v1 | derived:keeper_inference_aggregate/v1,0.57 | 0.7,false
P Madhukar,591cf573,male,Malaysia,4,,,,,bowler,,derived:role_from_usage/v1,0.57,false
Issa Al Balushi,91cdf3ae,male,Oman,4,,,,,batter,,derived:role_from_usage/v1,0.57,false
T Vasistha,ad78dab0,female,Mumbai Indians,4,,,,,batting all-rounder,,derived:role_from_usage/v1,0.57,false
I Mustafoev,eb45b187,male,Uzbekistan,4,,,,,all-rounder,,derived:role_from_usage/v1,0.57,false
G Murali,76177951,male,Costa Rica,4,,,,,batter,,derived:role_from_usage/v1,0.57,false
JPR Scantlebury-Searles,99ed60f8,male,Kolkata Knight Riders,4,,,,,batting all-rounder,,derived:role_from_usage/v1,0.57,false
S Kimura,dbfbaba1,male,Japan,4,,,,,batter,,derived:role_from_usage/v1,0.57,false
Shadreck Malama,a20e61b2,male,Zambia,4,,,,,batter,yes,derived:role_from_usage/v1 | derived:keeper_inference_aggregate/v1,0.57 | 0.7,false
CP Tremain,96824e68,male,Australia,4,,,,,bowler,,derived:role_from_usage/v1,0.57,false
Matthew Walker,3e331df6,male,Gibraltar,4,,,,,bowler,,derived:role_from_usage/v1,0.57,false
Soniya Dabir,5f93cb2d,female,India,4,,,,,all-rounder,,derived:role_from_usage/v1,0.57,false
CKB Kulasekara,5c5a8c1f,male,Sri Lanka,4,,,,,bowler,,derived:role_from_usage/v1,0.57,false
LK Ebsary,884375bf,female,Australia,4,,,,,batter,,derived:role_from_usage/v1,0.57,false
MF Kendal,b36b66c3,female,Ireland,4,,,,,batting all-rounder,,derived:role_from_usage/v1,0.57,false
N Magagula,3a54c25b,male;female,Eswatini;Swaziland,4,,,,,batting all-rounder,,derived:role_from_usage/v1,0.57,false
T Rodriguez,185e37e0,female,France,4,,,,,batter,,derived:role_from_usage/v1,0.57,false
J Mulder,6b64e7a3,male,Ireland,4,,,,,bowler,,derived:role_from_usage/v1,0.57,false
CA Greloni,f758a37b,female,Argentina,4,,,,,batter,,derived:role_from_usage/v1,0.57,false
DR Bangi,61bad8c9,female,Indonesia,4,,,,,bowler,,derived:role_from_usage/v1,0.57,false
Zahid Hussain,1e5708ac,male,Canada,4,,,,,bowler,,derived:role_from_usage/v1,0.57,false
B Taylan,416863d4,female,Turkey,4,,,,,all-rounder,,derived:role_from_usage/v1,0.57,false
V Aritharan,ea86bc29,male,Germany,4,,,,,batter,,derived:role_from_usage/v1,0.57,false
JD Newton,ec201565,male,Croatia,4,,,,,all-rounder,,derived:role_from_usage/v1,0.57,false
E Miller,6e6c769e,female,Isle of Man,4,,,,,batter,,derived:role_from_usage/v1,0.57,false
Meet Ahir,642d2883,male,Panama,4,,,,,batter,,derived:role_from_usage/v1,0.57,false
AP Majumdar,f4cb4f53,male,Pune Warriors,4,,,,,batter,,derived:role_from_usage/v1,0.57,false
DJ Harris,39f82db3,male,Deccan Chargers,4,,,,,batting all-rounder,,derived:role_from_usage/v1,0.57,false
DL Maddy,e770b214,male,England,4,,,,,batting all-rounder,,derived:role_from_usage/v1,0.57,false
Nasir Aziz,e70a0811,male,United Arab Emirates,4,,,,,bowler,,derived:role_from_usage/v1,0.57,false
D Mauro,5f0f398d,male,Argentina,4,,,,,batter,,derived:role_from_usage/v1,0.57,false
Hashir Dafedar,87a122f5,male,Oman,4,,,,,batter,,derived:role_from_usage/v1,0.57,false
P Taylor,d3016d75,male,Czech Republic,4,,,,,all-rounder,,derived:role_from_usage/v1,0.57,false
Mohammad Ali,a86a37ab,male,Pakistan,4,,,,,bowler,,derived:role_from_usage/v1,0.57,false
Ramanjot Singh,a40710b9,male,Slovenia,4,,,,,batting all-rounder,,derived:role_from_usage/v1,0.57,false
Anthony Hillman,98062446,male,Gibraltar,4,,,,,batter,,derived:role_from_usage/v1,0.57,false
J Jagroo,a0a27cd4,male,Bahamas,4,,,,,all-rounder,,derived:role_from_usage/v1,0.57,false
SC Meaker,eb9cb105,male,England,4,,,,,bowler,,derived:role_from_usage/v1,0.57,false
Nurilyaa Natasya,5014c9d9,female,Malaysia,4,,,,,batter,,derived:role_from_usage/v1,0.57,false
Saurabh Kumar,afb1e61d,male,South Korea,4,,,,,batting all-rounder,,derived:role_from_usage/v1,0.57,false
Sajid Patel,f8279d15,male,Lesotho,4,,,,,batter,,derived:role_from_usage/v1,0.57,false
T Kazanci,03da3399,female,Austria,4,,,,,batting all-rounder,,derived:role_from_usage/v1,0.57,false
A Desai,9c1b1f4b,male,United States of America,4,,,,,bowler,,derived:role_from_usage/v1,0.57,false
RP Mitchell,fc30a5b7,male,Bahamas,4,,,,,bowler,,derived:role_from_usage/v1,0.57,false
T Koula,d2475923,female,Greece,4,,,,,batter,,derived:role_from_usage/v1,0.57,false
C Beckford,2cb0acf4,female,United States of America,4,,,,,bowler,,derived:role_from_usage/v1,0.57,false
H Bosnic,22a508d9,female,Croatia,4,,,,,batter,,derived:role_from_usage/v1,0.57,false
G Irvin,17530fd9,male,Bahamas,4,,,,,bowler,,derived:role_from_usage/v1,0.57,false
PL Bruno,4ed0bf6a,male,Argentina,4,,,,,batter,,derived:role_from_usage/v1,0.57,false
AS Wright,e801ac71,male,Guernsey,4,,,,,batter,,derived:role_from_usage/v1,0.57,false
R Dhiman,0d4d3cb1,male,Bulgaria,4,,,,,bowler,,derived:role_from_usage/v1,0.57,false
J Hurley,a1aeb715,male,Argentina,4,,,,,bowler,,derived:role_from_usage/v1,0.57,false
H Simpson-Parker,59b0a7ad,female,Austria,4,,,,,batter,,derived:role_from_usage/v1,0.57,false
Bashar Khan,308ca4bd,male,Italy,4,,,,,bowler,,derived:role_from_usage/v1,0.57,false
HB Kayondo,d26858c0,male,Uganda,4,,,,,batter,,derived:role_from_usage/v1,0.57,false
Emanuel,510d525c,male,Greece,4,,,,,bowler,,derived:role_from_usage/v1,0.57,false
C Outerbridge,ff722bc8,male,Bermuda,4,,,,,bowler,,derived:role_from_usage/v1,0.57,false
B Radevic,819d26f0,female,Serbia,4,,,,,batter,,derived:role_from_usage/v1,0.57,false
Zahoor Ahmad,e0c9637f,male,Saudi Arabia,4,,,,,all-rounder,,derived:role_from_usage/v1,0.57,false
Aminullah Tanha,4fde9ae6,male,Norway,4,,,,,batter,,derived:role_from_usage/v1,0.57,false
A Khasanov,c266599c,male,Uzbekistan,4,,,,,bowler,,derived:role_from_usage/v1,0.57,false
J Kunnanchirakkal,0e4de7de,male,Malta,4,,,,,batter,,derived:role_from_usage/v1,0.57,false
SK Naidu,08320616,female,India,4,,,,,all-rounder,,derived:role_from_usage/v1,0.57,false
Farhat Afroz,f65e75df,female,Denmark,4,,,,,batter,,derived:role_from_usage/v1,0.57,false
J West,1d1c6410,male,Gibraltar,4,,,,,batter,,derived:role_from_usage/v1,0.57,false
Wang Qi,12c9c558,male,China,4,,,,,all-rounder,,derived:role_from_usage/v1,0.57,false
Zoe Isabela Wong,e0460748,female,Philippines,4,,,,,batter,yes,derived:role_from_usage/v1 | derived:keeper_inference_aggregate/v1,0.57 | 0.7,false
R Sheshadri,d4aa2ddb,male,Singapore,4,,,,,batting all-rounder,,derived:role_from_usage/v1,0.57,false
Xie Kunkun,1ebfbbe4,male,China,4,,,,,batter,,derived:role_from_usage/v1,0.57,false
SB Keerthana,4a3cdeec,female,Mumbai Indians,4,,,,,batting all-rounder,,derived:role_from_usage/v1,0.57,false
P Campbell,3caaf69e,male,Gambia,4,,,,,batter,,derived:role_from_usage/v1,0.57,false
T Horpinitch,90c734f8,male,Seychelles,4,,,,,batter,,derived:role_from_usage/v1,0.57,false
OC Moiane,b74a1124,female,Mozambique,4,,,,,batter,,derived:role_from_usage/v1,0.57,false
AS Warnakulasuriya,05f1cff9,female,Italy,4,,,,,batter,,derived:role_from_usage/v1,0.57,false
Z Abbasi,5d9ebb3c,male,Botswana,4,,,,,batting all-rounder,,derived:role_from_usage/v1,0.57,false
E Yaver,14e58d17,male,Turkey,4,,,,,batter,,derived:role_from_usage/v1,0.57,false
Irfan Saleh,61741fea,male,Zambia,4,,,,,batter,,derived:role_from_usage/v1,0.57,false
KN Mirchandani,ce057756,female,Canada,4,,,,,all-rounder,,derived:role_from_usage/v1,0.57,false
M Trejbalova,e0ab0072,female,Czech Republic,4,,,,,batter,,derived:role_from_usage/v1,0.57,false
TA Khetsi,6ea85c26,male,Lesotho,4,,,,,batting all-rounder,,derived:role_from_usage/v1,0.57,false
S Elmsjoo,ce5030d8,female,Sweden,4,,,,,bowler,,derived:role_from_usage/v1,0.57,false
JDP Albertze,80782209,male,Bermuda,4,,,,,batter,,derived:role_from_usage/v1,0.57,false
AE Smith,8caf9750,female,South Africa,4,,,,,all-rounder,,derived:role_from_usage/v1,0.57,false
Anowarul Islam,39431db7,male,Thailand,4,,,,,batting all-rounder,,derived:role_from_usage/v1,0.57,false
Zaheer Maqsood,52e8dd6b,male,United Arab Emirates,4,,,,,bowler,,derived:role_from_usage/v1,0.57,false
J Batinibulu,1eb2b096,male,Fiji,4,,,,,bowler,,derived:role_from_usage/v1,0.57,false
FDM Devonshire,c8b0b64c,female,New Zealand,4,,,,,batting all-rounder,,derived:role_from_usage/v1,0.57,false
I Mansaray,ea45f98b,male,Sierra Leone,4,,,,,batter,,derived:role_from_usage/v1,0.57,false
GA Manou,f58839ad,male,Australia,4,,,,,batter,,derived:role_from_usage/v1,0.57,false
G Johnson,ceec82cd,male,St Helena,4,,,,,bowler,,derived:role_from_usage/v1,0.57,false
Jubair Hossain,902d916b,male,Bangladesh,4,,,,,bowler,,derived:role_from_usage/v1,0.57,false
JF Kloppenburg,51080a1f,male,Netherlands,4,,,,,all-rounder,,derived:role_from_usage/v1,0.57,false
JC Martin,63f3e7f2,male,Guernsey,4,,,,,batter,yes,derived:role_from_usage/v1 | derived:keeper_inference_aggregate/v1,0.57 | 0.8,false
C Jonker,a81d6706,male,South Africa,4,,,,,batter,,derived:role_from_usage/v1,0.57,false
SK Lahiri,84df22bd,male,Mexico,4,,,,,bowler,,derived:role_from_usage/v1,0.57,false
Sunjidmaa Phillips,d5b6cb2e,female,Mongolia,4,,,,,batting all-rounder,,derived:role_from_usage/v1,0.57,false
NJ Shaw,7e9ff716,female,England,4,,,,,bowler,,derived:role_from_usage/v1,0.57,false
Faisal Hossain,89ffd337,male,Bangladesh,4,,,,,all-rounder,,derived:role_from_usage/v1,0.57,false
TJE Chiracheque,078c4e60,female,Mozambique,4,,,,,batter,,derived:role_from_usage/v1,0.57,false
K Yadav,030f3089,male,Rajasthan Royals,3,,,,,bowler,,derived:role_from_usage/v1,0.55,false
Vivrant Sharma,1b7b0fa7,male,Sunrisers Hyderabad,3,,,,,batting all-rounder,,derived:role_from_usage/v1,0.55,false
T Kohler-Cadmore,f836b33d,male,Rajasthan Royals,3,,,,,batter,,derived:role_from_usage/v1,0.55,false
IR James,57bdbc16,female,New Zealand,3,,,,,batter,,derived:role_from_usage/v1,0.55,false
M Patwardhan,2e2233df,female,United States of America,3,,,,,batter,yes,derived:role_from_usage/v1 | derived:keeper_inference_aggregate/v1,0.55 | 0.73,false
CS Terblanche,fc2c5891,female,South Africa,3,,,,,all-rounder,,derived:role_from_usage/v1,0.55,false
RS Higgins,c3224376,male,Zimbabwe,3,,,,,bowler,,derived:role_from_usage/v1,0.55,false
Fayyaz Ahmed,5a6bb1c7,male,United Arab Emirates,3,,,,,bowler,,derived:role_from_usage/v1,0.55,false
S Dzimau,4fc3eddf,female,Malawi,3,,,,,batter,,derived:role_from_usage/v1,0.55,false
JC Sokomanu,9e8d2c91,female,Vanuatu,3,,,,,batter,,derived:role_from_usage/v1,0.55,false
P Haryanti,af0aac77,female,Indonesia,3,,,,,batter,,derived:role_from_usage/v1,0.55,false
M Tilau,745815a1,female,Fiji,3,,,,,bowler,,derived:role_from_usage/v1,0.55,false
Shafia Hassan,fb81a798,female,Singapore,3,,,,,bowler,,derived:role_from_usage/v1,0.55,false
Zoona Mariyam,f19bcd5b,female,Maldives,3,,,,,batter,,derived:role_from_usage/v1,0.55,false
Navneet Bamrah,edcd403f,female,Luxembourg,3,,,,,batter,,derived:role_from_usage/v1,0.55,false
N Jovicevic,b7a608b0,female,Serbia,3,,,,,batter,yes,derived:role_from_usage/v1 | derived:keeper_inference_aggregate/v1,0.55 | 0.73,false
R Morita,d745c1db,female,Japan,3,,,,,batter,,derived:role_from_usage/v1,0.55,false
I Stoilva,1a5070f6,female,Bulgaria,3,,,,,batter,,derived:role_from_usage/v1,0.55,false
Bhavani Yekkeli,6391058a,female,Kuwait,3,,,,,batter,yes,derived:role_from_usage/v1 | derived:keeper_inference_aggregate/v1,0.55 | 0.73,false
AS Alvarez,4a0f4389,female,Costa Rica,3,,,,,batter,,derived:role_from_usage/v1,0.55,false
G Morales,f1879052,female,Mexico,3,,,,,all-rounder,,derived:role_from_usage/v1,0.55,false
MZR Mohedano,4110ee78,female,Mexico,3,,,,,batter,,derived:role_from_usage/v1,0.55,false
A Konhu,c7071bf6,female,France,3,,,,,all-rounder,,derived:role_from_usage/v1,0.55,false
K Moingoto,4325e7ae,female,France,3,,,,,all-rounder,,derived:role_from_usage/v1,0.55,false
G Jaine,be7a4419,female,France,3,,,,,wicketkeeper-batter,yes,derived:role_from_usage/v1 | derived:keeper_inference_aggregate/v1,0.55 | 0.97,false
M Dipogiso,4d4105dc,female,Botswana,3,,,,,batter,,derived:role_from_usage/v1,0.55,false
A Katoa,34e7e35c,female,Cook Islands,3,,,,,batter,,derived:role_from_usage/v1,0.55,false
Moshiur Rahman,f059910f,male,Estonia,3,,,,,batter,,derived:role_from_usage/v1,0.55,false
Zeeshan Sarwar,ac2f2410,male,Cyprus,3,,,,,batter,,derived:role_from_usage/v1,0.55,false
Bilal Aftab,9f4aeb13,male,Denmark,3,,,,,batting all-rounder,,derived:role_from_usage/v1,0.55,false
J Hansrod,a8473c4a,male,Swaziland,3,,,,,batter,,derived:role_from_usage/v1,0.55,false
O Stewart,e8637dc9,male,Bahamas,3,,,,,batter,,derived:role_from_usage/v1,0.55,false
Bhumeshswar Jagroo,6a986c7c,male,Bahamas,3,,,,,batting all-rounder,,derived:role_from_usage/v1,0.55,false
M Simmons,b561eea1,male,Bermuda,3,,,,,batter,,derived:role_from_usage/v1,0.55,false
VM Vaghela,b6e29ef5,male,United States of America,3,,,,,all-rounder,,derived:role_from_usage/v1,0.55,false
Muhammad Safdar,f208fe04,male,Bahrain,3,,,,,batter,yes,derived:role_from_usage/v1 | derived:keeper_inference_aggregate/v1,0.55 | 0.73,false
H Isorena,243a2cf1,male,Philippines,3,,,,,batter,,derived:role_from_usage/v1,0.55,false
Gabor Torok,b601c362,male,Hungary,3,,,,,batter,,derived:role_from_usage/v1,0.55,false
T Turan,2e18b647,male,Turkey,3,,,,,batter,,derived:role_from_usage/v1,0.55,false
G Fatouros,b388d623,male,Greece,3,,,,,all-rounder,,derived:role_from_usage/v1,0.55,false
S Bogdos,268ec1d6,male,Greece,3,,,,,batter,yes,derived:role_from_usage/v1 | derived:keeper_inference_aggregate/v1,0.55 | 0.73,false
Zwe Htet Paing,667f3fd3,male,Myanmar,3,,,,,batting all-rounder,,derived:role_from_usage/v1,0.55,false
Mohomed Saddam,e1043e7b,male,Seychelles,3,,,,,batter,,derived:role_from_usage/v1,0.55,false
Adil Latheef,2f94b39d,male,Malta,3,,,,,bowler,,derived:role_from_usage/v1,0.55,false
Yudha Verdian,81b4dd77,male,Indonesia,3,,,,,batter,,derived:role_from_usage/v1,0.55,false
Abdurrahman Ahmadzai,ae84d526,male,France,3,,,,,bowler,,derived:role_from_usage/v1,0.55,false
Faizalmahmed Patel,f3e4494a,male,Eswatini,3,,,,,batting all-rounder,,derived:role_from_usage/v1,0.55,false
Muhammad Adil,46e64b28,male,Bahrain,3,,,,,all-rounder,,derived:role_from_usage/v1,0.55,false
Sameer Yousuf,89b2f78f,male,Bahrain,3,,,,,bowler,,derived:role_from_usage/v1,0.55,false
Simon Sorensen,51f56fdb,male,Denmark,3,,,,,bowler,,derived:role_from_usage/v1,0.55,false
A Khakimov,93883b6a,male,Uzbekistan,3,,,,,batter,,derived:role_from_usage/v1,0.55,false
A Beggs,9d87a319,female,Ireland,3,,,,,bowler,,derived:role_from_usage/v1,0.55,false
J Blackwood,c3b93a03,male,West Indies,3,,,,,batting all-rounder,,derived:role_from_usage/v1,0.55,false
K Phillip,3674b3c1,male,United States of America,3,,,,,bowler,,derived:role_from_usage/v1,0.55,false
TF van Woerkom,70f2f922,male,Ireland,3,,,,,bowler,,derived:role_from_usage/v1,0.55,false
LR Morris,b08e58e2,male,Australia,3,,,,,bowler,,derived:role_from_usage/v1,0.55,false
SW Currie,c5f40e35,male,Scotland,3,,,,,bowler,,derived:role_from_usage/v1,0.55,false
Wenjing Yin,1342d7f6,female,China,3,,,,,batting all-rounder,,derived:role_from_usage/v1,0.55,false
AM Kupito,e97f6f96,female,Samoa,3,,,,,batting all-rounder,,derived:role_from_usage/v1,0.55,false
LE Lomani,9d785b30,female,Fiji,3,,,,,batter,,derived:role_from_usage/v1,0.55,false
N Gumaliyele,eda9895d,female,Malawi,3,,,,,bowler,,derived:role_from_usage/v1,0.55,false
Zhi Xinyu,78ac71b0,female,China,3,,,,,batter,,derived:role_from_usage/v1,0.55,false
A Gunasekar,b5223cb0,female,Oman,3,,,,,all-rounder,,derived:role_from_usage/v1,0.55,false
Sangay Wangmo,dbfa8b20,female,Bhutan,3,,,,,batter,,derived:role_from_usage/v1,0.55,false
Y Korniienko,a12d0de9,female,Croatia,3,,,,,batter,,derived:role_from_usage/v1,0.55,false
A Charles,b2519612,female,Croatia,3,,,,,batter,,derived:role_from_usage/v1,0.55,false
Emily Merrien,5257e839,female,Guernsey,3,,,,,all-rounder,,derived:role_from_usage/v1,0.55,false
P Munorwei,c7e67ed4,female,Zimbabwe,3,,,,,bowler,,derived:role_from_usage/v1,0.55,false
D Cato,2f1c0815,male,Cayman Islands,3,,,,,batter,,derived:role_from_usage/v1,0.55,false
A Bhagwat,906ef9e5,male,Hong Kong,3,,,,,batter,,derived:role_from_usage/v1,0.55,false
AR Gandhi,0da52658,male,Kenya,3,,,,,batter,,derived:role_from_usage/v1,0.55,false
Aamer Ikram,161641cd,male,Portugal,3,,,,,batter,,derived:role_from_usage/v1,0.55,false
MO Bacarese,486f252b,male,Gibraltar,3,,,,,all-rounder,,derived:role_from_usage/v1,0.55,false
Asrar Ahmed,88251c6c,male,Greece,3,,,,,all-rounder,,derived:role_from_usage/v1,0.55,false
Faizan Mumtaz,6d440f4b,male,Norway,3,,,,,batter,,derived:role_from_usage/v1,0.55,false
KF Bakiweyem,49fd9963,male,Ghana,3,,,,,batter,,derived:role_from_usage/v1,0.55,false
JKC Ahir,3c5df172,male,Panama,3,,,,,batting all-rounder,,derived:role_from_usage/v1,0.55,false
A Sawyer,201d3a67,male,Gibraltar,3,,,,,batting all-rounder,,derived:role_from_usage/v1,0.55,false
Kamal Raiz,b3ba0c35,male,Cyprus,3,,,,,bowler,,derived:role_from_usage/v1,0.55,false
Taimoor Nasir,6830487a,male,Romania,3,,,,,batting all-rounder,,derived:role_from_usage/v1,0.55,false
Joshep Zulu,ed4591ae,male,Zambia,3,,,,,bowler,,derived:role_from_usage/v1,0.55,false
K Matigimu,f8929fe0,male,Zimbabwe,3,,,,,bowler,,derived:role_from_usage/v1,0.55,false
J Louw,9c1ccdea,male,South Africa,3,,,,,bowler,,derived:role_from_usage/v1,0.55,false
V Shetty,fd483a3e,male,United Arab Emirates,3,,,,,batter,,derived:role_from_usage/v1,0.55,false
O Morgan,a9b7e3e6,female,Guernsey,3,,,,,bowler,,derived:role_from_usage/v1,0.55,false
Hon Sovannary,75b65b7e,female,Cambodia,3,,,,,batter,,derived:role_from_usage/v1,0.55,false
CJ Ana,158a7d41,female,Romania,3,,,,,all-rounder,,derived:role_from_usage/v1,0.55,false
ECM Egodagamage,8684416d,female,Oman,3,,,,,bowler,,derived:role_from_usage/v1,0.55,false
D Enkhtsetseg,babd401e,female,Mongolia,3,,,,,batting all-rounder,,derived:role_from_usage/v1,0.55,false
S Frank,8aba76c0,female,Malawi,3,,,,,batter,,derived:role_from_usage/v1,0.55,false
Clea Bultot,885e8fd8,female,Luxembourg,3,,,,,batter,,derived:role_from_usage/v1,0.55,false
Misbah Ifzal,d5cd5d48,female,Norway,3,,,,,batter,,derived:role_from_usage/v1,0.55,false
A Matovic,3391c154,female,Serbia,3,,,,,batter,,derived:role_from_usage/v1,0.55,false
Ankita Mehta,5bfdbfcc,female,Belgium,3,,,,,batting all-rounder,,derived:role_from_usage/v1,0.55,false
KK Dobell,d792374d,male,Japan,3,,,,,bowler,,derived:role_from_usage/v1,0.55,false
A Denuwan,96912eac,male,Italy,3,,,,,bowler,,derived:role_from_usage/v1,0.55,false
Mudassar Muhammad,7dde58c9,male,Germany,3,,,,,batter,,derived:role_from_usage/v1,0.55,false
FN Walsh,da738783,male,Philippines,3,,,,,bowler,,derived:role_from_usage/v1,0.55,false
Muhammad Khan,f17ac7d0,male,Hong Kong,3,,,,,batter,,derived:role_from_usage/v1,0.55,false
Mahmudul Hasan Joy,4b51bd51,male,Bangladesh,3,,,,,batter,,derived:role_from_usage/v1,0.55,false
Dayal Joy,48fd691d,male,Slovenia,3,,,,,bowler,,derived:role_from_usage/v1,0.55,false
JM Polarouthu,e1481606,male,Hungary,3,,,,,batting all-rounder,,derived:role_from_usage/v1,0.55,false
Arnav Manoj,788dbfcd,male,Singapore,3,,,,,batter,,derived:role_from_usage/v1,0.55,false
Qateel Zabiullah,a0339ef4,male,Switzerland,3,,,,,batter,,derived:role_from_usage/v1,0.55,false
SK Gedara,84c5c2f2,male,Sweden,3,,,,,bowler,,derived:role_from_usage/v1,0.55,false
PPS Win,177a648d,male,Myanmar,3,,,,,batting all-rounder,,derived:role_from_usage/v1,0.55,false
DV Gujjar,7d5f23c3,female,Mumbai Indians,3,,,,,batter,,derived:role_from_usage/v1,0.55,false
Ashwani Kumari,09298aca,female,Gujarat Giants,3,,,,,batter,,derived:role_from_usage/v1,0.55,false
L Ablish,8b9704ae,male,Kings XI Punjab,3,,,,,bowler,,derived:role_from_usage/v1,0.55,false
ME Sanuth,2ef4f045,male,Oman,3,,,,,all-rounder,,derived:role_from_usage/v1,0.55,false
JA Simpson,f05fe9b1,male,England,3,,,,,batter,,derived:role_from_usage/v1,0.55,false
JJ Esmeijer,21231130,male,Netherlands,3,,,,,bowler,,derived:role_from_usage/v1,0.55,false
Mariam Hasan,70a9f746,female,Pakistan,3,,,,,bowler,,derived:role_from_usage/v1,0.55,false
ST Yalimaiwai,d88f9163,male,Fiji,3,,,,,bowler,,derived:role_from_usage/v1,0.55,false
Rajkumar Rajendran,33ef1bd5,male,Malaysia,3,,,,,batter,,derived:role_from_usage/v1,0.55,false
G Kuthalingham,faff7eac,male,Turks and Caicos Island,3,,,,,bowler,,derived:role_from_usage/v1,0.55,false
M Turner,27847fec,male,Turks and Caicos Island,3,,,,,bowler,,derived:role_from_usage/v1,0.55,false
Saurav Chauhan,9e7225b0,male,Royal Challengers Bengaluru,3,,,,,batter,,derived:role_from_usage/v1,0.55,false
R Bishnoi,4d5a1617,male,Royal Challengers Bangalore,3,,,,,batter,,derived:role_from_usage/v1,0.55,false
C Nanda,f24ca2ba,male,Mumbai Indians,3,,,,,bowler,,derived:role_from_usage/v1,0.55,false
A Minny,cb7f7284,female,South Africa,3,,,,,batter,,derived:role_from_usage/v1,0.55,false
KE Pike,7a0650ea,female,Australia,3,,,,,bowler,,derived:role_from_usage/v1,0.55,false
SDNS Karunaratne,62b33233,female,Sri Lanka,3,,,,,batter,,derived:role_from_usage/v1,0.55,false
Mahidul Islam Ankon,dac6aabc,male,Bangladesh,3,,,,,batter,,derived:role_from_usage/v1,0.55,false
KED Carroll,b3e9b7fa,male,Ireland,3,,,,,batter,,derived:role_from_usage/v1,0.55,false
S Jyoti,9b12068b,male,Canada,3,,,,,batter,,derived:role_from_usage/v1,0.55,false
OS Oyronke,b05a1477,female,Nigeria,3,,,,,batter,,derived:role_from_usage/v1,0.55,false
Y Anggraeni,acf8da70,female,Indonesia,3,,,,,batter,,derived:role_from_usage/v1,0.55,false
Yuliana,928310d3,female,Indonesia,3,,,,,batter,,derived:role_from_usage/v1,0.55,false
W Ofamoli,8e4664a4,female,Fiji,3,,,,,batter,,derived:role_from_usage/v1,0.55,false
L Samani,0ec3085b,female,Fiji,3,,,,,batter,,derived:role_from_usage/v1,0.55,false
KR Frost,160c90b1,female,Spain,3,,,,,all-rounder,,derived:role_from_usage/v1,0.55,false
AC Septien,7b8ed473,female,Mexico,3,,,,,all-rounder,,derived:role_from_usage/v1,0.55,false
M Ortiz,4ccbcd2f,female,Mexico,3,,,,,all-rounder,,derived:role_from_usage/v1,0.55,false
GS Sequeira,949d1cae,female,Portugal,3,,,,,all-rounder,,derived:role_from_usage/v1,0.55,false
B Maximo,27d95005,female,Portugal,3,,,,,all-rounder,,derived:role_from_usage/v1,0.55,false
Mariam Waseem,09653658,female,Portugal,3,,,,,batting all-rounder,,derived:role_from_usage/v1,0.55,false
Joanna Child,5bdaa121,female,Portugal,3,,,,,batter,,derived:role_from_usage/v1,0.55,false
T Sarada,f76f673e,female,Malta,3,,,,,bowler,,derived:role_from_usage/v1,0.55,false
Ramya Krishnamurthy,c1c931f5,female,Switzerland,3,,,,,batter,,derived:role_from_usage/v1,0.55,false
Saqib Naveed,39e6bad7,male,Estonia,3,,,,,batting all-rounder,,derived:role_from_usage/v1,0.55,false
N Henderson,6e71b00b,male,Switzerland,3,,,,,batter,,derived:role_from_usage/v1,0.55,false
C Pervez,7bf34437,male,Canada,3,,,,,bowler,,derived:role_from_usage/v1,0.55,false
Rizwan Mangera,74d63a44,male,Panama,3,,,,,batter,,derived:role_from_usage/v1,0.55,false
Muzammil Shahzad,df49ae91,male,Philippines,3,,,,,batter,,derived:role_from_usage/v1,0.55,false
Akramullah Malikzada,dd3df124,male,Hungary,3,,,,,batting all-rounder,,derived:role_from_usage/v1,0.55,false
Tarun Yadav,865d671f,male,Bulgaria,3,,,,,batting all-rounder,,derived:role_from_usage/v1,0.55,false
R Murugan,a2437e72,male,Croatia,3,,,,,batter,,derived:role_from_usage/v1,0.55,false
Rashad Al Balushi,bb301758,male,Oman,3,,,,,batter,,derived:role_from_usage/v1,0.55,false
K Moses,e29f78ec,male,Belize,3,,,,,batter,,derived:role_from_usage/v1,0.55,false
Sadat Said,c5d00347,male,Hungary,3,,,,,bowler,,derived:role_from_usage/v1,0.55,false
U Tuychiev,c97539e6,male,Uzbekistan,3,,,,,batting all-rounder,,derived:role_from_usage/v1,0.55,false
P Jirapatananukul,f52961ea,male,Thailand,3,,,,,bowler,,derived:role_from_usage/v1,0.55,false
L Bloomfield,ea926d4f,male,Hungary,3,,,,,batter,,derived:role_from_usage/v1,0.55,false
BB Ahir,59590c98,male,Panama,3,,,,,batter,,derived:role_from_usage/v1,0.55,false
RA Jones,0a4735b4,male,New Zealand,3,,,,,batter,,derived:role_from_usage/v1,0.55,false
S Sriram,64a4c383,male,Delhi Daredevils;India;Royal Challengers Bangalore,3,,,,,all-rounder,,derived:role_from_usage/v1,0.55,false
AA Donald,4c931d56,male,South Africa,3,,,,,bowler,,derived:role_from_usage/v1,0.55,false
AF Sattaur,ca4db40e,male,Canada,3,,,,,batter,,derived:role_from_usage/v1,0.55,false
N Simelane,c3b5da14,female,Eswatini,3,,,,,bowler,,derived:role_from_usage/v1,0.55,false
J Ogolla,a518b6c9,female,Kenya,3,,,,,batting all-rounder,,derived:role_from_usage/v1,0.55,false
JA Miranda,8c8a3ac6,female,Chile,3,,,,,bowler,,derived:role_from_usage/v1,0.55,false
KP Bhuva,138becd4,female,Qatar,3,,,,,batter,,derived:role_from_usage/v1,0.55,false
Nabaa Naseem,4f1208a8,female,Maldives,3,,,,,all-rounder,,derived:role_from_usage/v1,0.55,false
Aishath Meesa Rameez,659fc11f,female,Maldives,3,,,,,bowler,,derived:role_from_usage/v1,0.55,false
Priyanka Reddy,c4689003,female,Croatia,3,,,,,batter,,derived:role_from_usage/v1,0.55,false
Sangay Zangmo,e03e2148,female,Bhutan,3,,,,,batter,,derived:role_from_usage/v1,0.55,false
H Eulenkamp,17751f98,female,Guernsey,3,,,,,all-rounder,,derived:role_from_usage/v1,0.55,false
ES Grammenou,b931fc7b,female,Greece,3,,,,,batter,,derived:role_from_usage/v1,0.55,false
C Moyo,356af6fa,female,Zimbabwe,3,,,,,bowler,,derived:role_from_usage/v1,0.55,false
TCR Kimber,ad76746f,male,Guernsey,3,,,,,batter,,derived:role_from_usage/v1,0.55,false
TCW Veillard,eaeb065e,male,Guernsey,3,,,,,bowler,,derived:role_from_usage/v1,0.55,false
Rehman Abdul,83fc78e8,male,Italy,3,,,,,batter,,derived:role_from_usage/v1,0.55,false
UKPW Kumaranayaka,0d24b1f7,male,Kuwait,3,,,,,bowler,,derived:role_from_usage/v1,0.55,false
L Dirmeik,9393ac1b,male,Israel,3,,,,,batter,,derived:role_from_usage/v1,0.55,false
GE Mathurin,b67bfaae,male,West Indies,3,,,,,bowler,,derived:role_from_usage/v1,0.55,false
D Daesrath,4cbce738,male,Canada,3,,,,,batter,,derived:role_from_usage/v1,0.55,false
EHSN Silva,7572bf45,male,United Arab Emirates,3,,,,,bowler,,derived:role_from_usage/v1,0.55,false
Munir Dar,04029c44,male,Hong Kong,3,,,,,bowler,,derived:role_from_usage/v1,0.55,false
Skhawat Ali,527b2c2d,male,Hong Kong,3,,,,,all-rounder,,derived:role_from_usage/v1,0.55,false
M Alugunoolla,15f570b6,female,Sweden,3,,,,,batter,,derived:role_from_usage/v1,0.55,false
Kate Awuah,b10e688b,female,Ghana,3,,,,,all-rounder,,derived:role_from_usage/v1,0.55,false
P Bhandari,19499257,female,Malta,3,,,,,all-rounder,,derived:role_from_usage/v1,0.55,false
T Calingin,542dc48f,female,Malta,3,,,,,batter,,derived:role_from_usage/v1,0.55,false
AEMP Durayalage,0ead3a98,female,Romania,3,,,,,batting all-rounder,,derived:role_from_usage/v1,0.55,false
S Tudorache,015ca83a,female,Romania,3,,,,,batter,,derived:role_from_usage/v1,0.55,false
S Moise,074e37b9,female,Romania,3,,,,,batter,,derived:role_from_usage/v1,0.55,false
AA Kawirawira,223e3b3b,female,Malawi,3,,,,,batter,,derived:role_from_usage/v1,0.55,false
K Marinkova,4f252971,female,Bulgaria,3,,,,,batter,,derived:role_from_usage/v1,0.55,false
K Simone-Kingsley,1ce0fb02,female,Germany,3,,,,,batter,,derived:role_from_usage/v1,0.55,false
Sanjana Rao,e65b1ea6,female,Canada,3,,,,,batter,,derived:role_from_usage/v1,0.55,false
ST Kannan,1304c2d6,female,Germany,3,,,,,bowler,,derived:role_from_usage/v1,0.55,false
S Weleilakeba,45b8f7c8,male,Fiji,3,,,,,batting all-rounder,,derived:role_from_usage/v1,0.55,false
M Sidibe,78091b14,male,Mali,3,,,,,batter,,derived:role_from_usage/v1,0.55,false
B Masauko,47c66d8a,male,Malawi,3,,,,,batter,,derived:role_from_usage/v1,0.55,false
G Riley,af16cd9e,male,Gambia,3,,,,,batter,,derived:role_from_usage/v1,0.55,false
W Dlamini,d2ac882a,male,Eswatini,3,,,,,batter,,derived:role_from_usage/v1,0.55,false
O Touray,57427d9e,male,Gambia,3,,,,,batting all-rounder,,derived:role_from_usage/v1,0.55,false
Amir Hamza,c78316ab,male,Spain,3,,,,,batting all-rounder,,derived:role_from_usage/v1,0.55,false
P Arrighi,79e754db,male,Argentina,3,,,,,bowler,,derived:role_from_usage/v1,0.55,false
DSK Madushanka,248698f4,male,Sri Lanka,3,,,,,bowler,,derived:role_from_usage/v1,0.55,false
Mohammad Khalil,a5c5a126,male,Pakistan,3,,,,,bowler,,derived:role_from_usage/v1,0.55,false
HAPW Jayawardene,4a25c894,male,Sri Lanka,3,,,,,batter,yes,derived:role_from_usage/v1 | derived:keeper_inference_aggregate/v1,0.55 | 0.73,false
RO Hinds,d5afc103,male,West Indies,3,,,,,all-rounder,,derived:role_from_usage/v1,0.55,false
LR Johnson,b8f3362a,male,West Indies,3,,,,,batter,,derived:role_from_usage/v1,0.55,false
Reyyan Aliusta,7a8292a4,female,Turkey,3,,,,,batting all-rounder,,derived:role_from_usage/v1,0.55,false
Danaya Ilieva,0272042d,female,Bulgaria,3,,,,,bowler,,derived:role_from_usage/v1,0.55,false
Dunja Miskovic,aac26d39,female,Serbia,3,,,,,all-rounder,,derived:role_from_usage/v1,0.55,false
A Poulose,b481216d,male,Oman,3,,,,,batter,,derived:role_from_usage/v1,0.55,false
R Frylinck,8b248d88,male,South Africa,3,,,,,bowler,,derived:role_from_usage/v1,0.55,false
CC Blake,e91933cb,male,Vanuatu,3,,,,,bowler,,derived:role_from_usage/v1,0.55,false
S Ateak,a8529363,male,Ghana,3,,,,,batter,,derived:role_from_usage/v1,0.55,false
P Deol,ecfa6005,male,Cyprus,3,,,,,batting all-rounder,,derived:role_from_usage/v1,0.55,false
A Nimaga,bc304f82,male,Mali,3,,,,,batter,,derived:role_from_usage/v1,0.55,false
Sobu George,bed559c8,male,Malta,3,,,,,batter,,derived:role_from_usage/v1,0.55,false
A Kuthalingham,fd4809c8,male,Turks and Caicos Island,3,,,,,batting all-rounder,,derived:role_from_usage/v1,0.55,false
A Mukund,6165bca6,male,Chennai Super Kings;Royal Challengers Bangalore,3,,,,,batter,,derived:role_from_usage/v1,0.55,false
DI Joyce,fd67a507,male,Ireland,3,,,,,batter,,derived:role_from_usage/v1,0.55,false
DJ Worrall,208f22ea,male,Australia,3,,,,,bowler,,derived:role_from_usage/v1,0.55,false
SE Aley,5be043df,female,Australia,3,,,,,bowler,,derived:role_from_usage/v1,0.55,false
M Mabvuka,6061de69,female,Malawi,3,,,,,batting all-rounder,,derived:role_from_usage/v1,0.55,false
M Dailesi,1aa600b6,female,Malawi,3,,,,,batter,,derived:role_from_usage/v1,0.55,false
B Ndipo,5e118871,female,Malawi,3,,,,,bowler,,derived:role_from_usage/v1,0.55,false
D Dzimau,1191807f,female,Malawi,3,,,,,bowler,,derived:role_from_usage/v1,0.55,false
DM Kavinisseri,efbd6d65,female,Qatar,3,,,,,batting all-rounder,,derived:role_from_usage/v1,0.55,false
Kinley Bidha,f2a34cbc,female,Bhutan,3,,,,,bowler,,derived:role_from_usage/v1,0.55,false
RB Osabel,49b1173b,female,Philippines,3,,,,,batter,,derived:role_from_usage/v1,0.55,false
MFL Tafea,01733928,female,Samoa,3,,,,,batter,,derived:role_from_usage/v1,0.55,false
Humna Bilal,3dd11bb4,female,Pakistan,3,,,,,bowler,,derived:role_from_usage/v1,0.55,false
S Foo-Ryland,5ba89b11,female,Portugal,3,,,,,batter,,derived:role_from_usage/v1,0.55,false
J de Figueiredo,8d35b7da,female,Portugal,3,,,,,all-rounder,,derived:role_from_usage/v1,0.55,false
BO Shastri,06cfea59,female,United States of America,3,,,,,batter,,derived:role_from_usage/v1,0.55,false
B Pavlinakova,8663822d,female,Czech Republic,3,,,,,batter,,derived:role_from_usage/v1,0.55,false
Sangay Yangzom,ee295039,female,Bhutan,3,,,,,batting all-rounder,,derived:role_from_usage/v1,0.55,false
S Bhandari,1c28fde6,female,Belgium,3,,,,,batter,,derived:role_from_usage/v1,0.55,false
D Chamto,4de33485,female,Sweden,3,,,,,batter,,derived:role_from_usage/v1,0.55,false
K Kanwar,5879b714,female,Sweden,3,,,,,batting all-rounder,,derived:role_from_usage/v1,0.55,false
Qasim Anwar,3852600a,male,Cyprus,3,,,,,bowler,,derived:role_from_usage/v1,0.55,false
Alexandros Karvelas,13f21a98,male,Greece,3,,,,,all-rounder,,derived:role_from_usage/v1,0.55,false
L Mutale,754b6bd9,male,Zambia,3,,,,,batter,,derived:role_from_usage/v1,0.55,false
R Limbu,e5b4e363,male,Bhutan,3,,,,,batter,,derived:role_from_usage/v1,0.55,false
Ugyen Dorji,ffb65f46,male,Bhutan,3,,,,,bowler,,derived:role_from_usage/v1,0.55,false
Zeeshan Haider,e4d76518,male,Qatar,3,,,,,batter,,derived:role_from_usage/v1,0.55,false
U Dorji,12bba2d4,male,Bhutan,3,,,,,batting all-rounder,,derived:role_from_usage/v1,0.55,false
Asad Rasheed,43c57d62,male,Hong Kong,3,,,,,bowler,,derived:role_from_usage/v1,0.55,false
Aqif Farooq,16d52916,male,Kuwait,3,,,,,bowler,,derived:role_from_usage/v1,0.55,false
L Perera,9a4972ab,male,Botswana,3,,,,,batter,yes,derived:role_from_usage/v1 | derived:keeper_inference_aggregate/v1,0.55 | 0.73,false
Nikhil Chaudhary,1f84183a,male,Australia,3,,,,,all-rounder,,derived:role_from_usage/v1,0.55,false
K Tayaga,ae677077,male,Fiji,3,,,,,batter,,derived:role_from_usage/v1,0.55,false
JD Bhatt,7c668529,male,Germany,3,,,,,all-rounder,,derived:role_from_usage/v1,0.55,false
Shiva Mani,0faa702f,male,Slovenia,3,,,,,batting all-rounder,,derived:role_from_usage/v1,0.55,false
Inam-ul-Haq,15c766c3,male,Qatar,3,,,,,all-rounder,,derived:role_from_usage/v1,0.55,false
Usman Waheed,910584a7,male,Kuwait,3,,,,,batter,,derived:role_from_usage/v1,0.55,false
OO Bascome,9a137157,male,Bermuda,3,,,,,batter,,derived:role_from_usage/v1,0.55,false
MG Hunter,f08adc01,male,Gibraltar,3,,,,,all-rounder,,derived:role_from_usage/v1,0.55,false
ZK Shem,87ffd217,male,Vanuatu,3,,,,,batting all-rounder,,derived:role_from_usage/v1,0.55,false
Mohsin Khan,2669d6b7,male,Hong Kong,3,,,,,bowler,,derived:role_from_usage/v1,0.55,false
D Mogan,adc96559,male,Malaysia,3,,,,,bowler,,derived:role_from_usage/v1,0.55,false
Syed Amanullah,ae4006ad,male,Greece,3,,,,,batter,,derived:role_from_usage/v1,0.55,false
V Hristov,20494202,male,Bulgaria,3,,,,,batter,,derived:role_from_usage/v1,0.55,false
Babar Ali,c65e0275,male,Rwanda,3,,,,,batter,,derived:role_from_usage/v1,0.55,false
Zuhair Muhammad,22ae4973,male,Saudi Arabia,3,,,,,batter,,derived:role_from_usage/v1,0.55,false
KDACK Gunarathne,78ec6ff1,male,Cambodia,3,,,,,batter,,derived:role_from_usage/v1,0.55,false
A Kadowaki Fleming,0abf3da7,male,Japan,3,,,,,batter,,derived:role_from_usage/v1,0.55,false
Danyal Akbar,5757c506,male,Hungary,3,,,,,batter,,derived:role_from_usage/v1,0.55,false
Y Divekar,4e35e8ea,male,Israel,3,,,,,batting all-rounder,,derived:role_from_usage/v1,0.55,false
Merwais Shinwari,6755b6c7,male,Slovenia,3,,,,,bowler,,derived:role_from_usage/v1,0.55,false
M Grzinic,58fba7cb,male,Croatia,3,,,,,all-rounder,,derived:role_from_usage/v1,0.55,false
Craig Cachopa,af294a6c,male,Portugal,3,,,,,batter,,derived:role_from_usage/v1,0.55,false
E Kasaija,67e21230,male,Uganda,3,,,,,bowler,,derived:role_from_usage/v1,0.55,false
G Wijekoon,1fbef290,male,Sri Lanka,3,,,,,bowler,,derived:role_from_usage/v1,0.55,false
GH Bodi,f390904d,male,South Africa,3,,,,,batter,,derived:role_from_usage/v1,0.55,false
MJ North,99464591,male,Australia,3,,,,,batting all-rounder,,derived:role_from_usage/v1,0.55,false
RA Bhatti,113880da,male,Canada,3,,,,,batter,,derived:role_from_usage/v1,0.55,false
MS Aulakh,c4d28aa3,male,Canada,3,,,,,bowler,,derived:role_from_usage/v1,0.55,false
Fahad Alhashmi,53fa62a2,male,United Arab Emirates,3,,,,,bowler,,derived:role_from_usage/v1,0.55,false
K Maseko,0e3796d1,female,Eswatini,3,,,,,batter,,derived:role_from_usage/v1,0.55,false
Y Wangmo,6f3002a0,female,Bhutan,3,,,,,batter,,derived:role_from_usage/v1,0.55,false
T Lhaden,e1347433,female,Bhutan,3,,,,,all-rounder,,derived:role_from_usage/v1,0.55,false
Rahima Yahaya,d75bec48,female,Tanzania,3,,,,,batting all-rounder,,derived:role_from_usage/v1,0.55,false
Rashidatu Salia,ce39ca2c,female,Ghana,3,,,,,batting all-rounder,,derived:role_from_usage/v1,0.55,false
S Bhanushali,da6576af,female,Sweden,3,,,,,bowler,,derived:role_from_usage/v1,0.55,false
M Chereches,3af1511e,female,Romania,3,,,,,all-rounder,,derived:role_from_usage/v1,0.55,false
L Hornby-Wheeler,a5ce3e4d,female,Isle of Man,3,,,,,batting all-rounder,,derived:role_from_usage/v1,0.55,false
V Kostova,6df505f4,female,Bulgaria,3,,,,,batter,,derived:role_from_usage/v1,0.55,false
W Matabwa,cfbd10ee,female,Malawi,3,,,,,bowler,,derived:role_from_usage/v1,0.55,false
S Parker,f866a499,female,Hong Kong,3,,,,,bowler,,derived:role_from_usage/v1,0.55,false
Anjali Natarajan,949988f5,female,Sweden,3,,,,,batter,,derived:role_from_usage/v1,0.55,false
Frida Larsen,1775e31e,female,Denmark,3,,,,,all-rounder,,derived:role_from_usage/v1,0.55,false
Thea Larsen,bbd31c8f,female,Denmark,3,,,,,all-rounder,,derived:role_from_usage/v1,0.55,false
Waleed Rana,c4281e43,male,Italy,3,,,,,all-rounder,,derived:role_from_usage/v1,0.55,false
Abhinandan Singh,82c10dac,male,Royal Challengers Bengaluru,3,,,,,bowler,,derived:role_from_usage/v1,0.55,false
Krish Bhagat,e48a4814,male,Mumbai Indians,3,,,,,bowler,,derived:role_from_usage/v1,0.55,false
D Kalyankrishna,94bc776b,male,Deccan Chargers,3,,,,,bowler,,derived:role_from_usage/v1,0.55,false
Zainullah Ihsan,3cbdbdeb,male,Scotland,3,,,,,bowler,,derived:role_from_usage/v1,0.55,false
DES Maxwell,c57e1893,male,Canada,3,,,,,batter,,derived:role_from_usage/v1,0.55,false
DS Weerakkody,3473e5f2,male,Sri Lanka,3,,,,,batter,,derived:role_from_usage/v1,0.55,false
Roopa Nagraj,065c35fc,female,United Arab Emirates,3,,,,,batting all-rounder,,derived:role_from_usage/v1,0.55,false
S Hussein,5bb73a3c,female,Malawi,3,,,,,all-rounder,,derived:role_from_usage/v1,0.55,false
L Khotso,99772efd,female,Lesotho,3,,,,,all-rounder,,derived:role_from_usage/v1,0.55,false
NO Tindo,7f8316e3,female,Tanzania,3,,,,,bowler,,derived:role_from_usage/v1,0.55,false
L Tastuki,55223171,female,Vanuatu,3,,,,,all-rounder,,derived:role_from_usage/v1,0.55,false
A Tagilala,c057e647,female,Fiji,3,,,,,batting all-rounder,,derived:role_from_usage/v1,0.55,false
Aima Aishath,62aa10d7,female,Maldives,3,,,,,batter,,derived:role_from_usage/v1,0.55,false
Eashal Ibrahim,06be92a7,female,Maldives,3,,,,,batting all-rounder,,derived:role_from_usage/v1,0.55,false
SB Chamundaiah,0159383b,female,Austria,3,,,,,bowler,,derived:role_from_usage/v1,0.55,false
LD Chukkapalli-Llinares,27b50a31,female,Spain,3,,,,,batting all-rounder,,derived:role_from_usage/v1,0.55,false
OF Rios,3b19ed15,female,Costa Rica,3,,,,,batter,,derived:role_from_usage/v1,0.55,false
N Laguea,13496389,female,Gibraltar,3,,,,,batter,,derived:role_from_usage/v1,0.55,false
L Wahmowe,c0f5447e,female,France,3,,,,,all-rounder,,derived:role_from_usage/v1,0.55,false
V Kai,d7d8f0ed,female,France,3,,,,,bowler,,derived:role_from_usage/v1,0.55,false
Ashar Abbas,33e59f48,male,Costa Rica,3,,,,,batting all-rounder,,derived:role_from_usage/v1,0.55,false
Mohammad Hamza,30adc2fa,male,Bahrain,3,,,,,batter,,derived:role_from_usage/v1,0.55,false
JWP Stephan,bf0e0601,male,Germany,3,,,,,batter,,derived:role_from_usage/v1,0.55,false
A Amburose,b9317f7a,male,Bahamas,3,,,,,batter,,derived:role_from_usage/v1,0.55,false
J Taanyanda,c41ad06b,male,Namibia,3,,,,,batter,,derived:role_from_usage/v1,0.55,false
RR Naik,f456ad17,male,Singapore,3,,,,,batter,,derived:role_from_usage/v1,0.55,false
Rohit Sharma,a1cbdeeb,male,Indonesia,3,,,,,batter,,derived:role_from_usage/v1,0.55,false
Abidullah Kotwa,13d3e7d8,male,Austria,3,,,,,batting all-rounder,,derived:role_from_usage/v1,0.55,false
Waseem Tabrez,d9dcca57,male,Mexico,3,,,,,batting all-rounder,,derived:role_from_usage/v1,0.55,false
Sarkar Ameji,a04b5edc,male,Panama,3,,,,,bowler,,derived:role_from_usage/v1,0.55,false
BA Langston,fb192f98,female,England,3,,,,,bowler,,derived:role_from_usage/v1,0.55,false
Usman Rafiq,d3c260a6,male,United States of America,3,,,,,bowler,,derived:role_from_usage/v1,0.55,false
Khaled Ahmed,5dbdecf1,male,Bangladesh,3,,,,,bowler,,derived:role_from_usage/v1,0.55,false
MM Iqbal,4ff67681,male,Scotland,3,,,,,all-rounder,,derived:role_from_usage/v1,0.55,false
Hasibul Hossain,79025aaa,male,Bangladesh,3,,,,,bowler,,derived:role_from_usage/v1,0.55,false
M Karg,856a5e81,male,Namibia,3,,,,,batter,,derived:role_from_usage/v1,0.55,false
Ehsanul Haque,688b2d58,male,Bangladesh,3,,,,,all-rounder,,derived:role_from_usage/v1,0.55,false
KJJ van Noortwijk,101d1e85,male,Netherlands,3,,,,,batter,,derived:role_from_usage/v1,0.55,false
II Mabunda,b2cd0f90,female,Mozambique,3,,,,,batter,,derived:role_from_usage/v1,0.55,false
RF Duvane,e8271d27,female,Mozambique,3,,,,,batter,,derived:role_from_usage/v1,0.55,false
G Jafta,c7fee762,female,South Africa,3,,,,,bowler,,derived:role_from_usage/v1,0.55,false
K Kaur,7ee0f839,female,Italy,3,,,,,batter,,derived:role_from_usage/v1,0.55,false
LM Sims,d2416610,female,Italy,3,,,,,batting all-rounder,,derived:role_from_usage/v1,0.55,false
CR Suryawanshi,8a3756a0,male,Singapore,3,,,,,batting all-rounder,,derived:role_from_usage/v1,0.55,false
Mohammad Ahsan,62474838,male,Kuwait,3,,,,,bowler,,derived:role_from_usage/v1,0.55,false
Z McLaughlin,679302a1,male,Cayman Islands,3,,,,,bowler,,derived:role_from_usage/v1,0.55,false
Tariq Aziz,a049c39b,male,Portugal,3,,,,,all-rounder,,derived:role_from_usage/v1,0.55,false
Ali Naqi,7db29f25,male,Portugal,3,,,,,bowler,,derived:role_from_usage/v1,0.55,false
CK Tshuma,f6571355,male,Zimbabwe,3,,,,,bowler,,derived:role_from_usage/v1,0.55,false
Aphsal Ashraf,772f226b,male,Kuwait,3,,,,,batting all-rounder,,derived:role_from_usage/v1,0.55,false
K Dasan,1c014a94,male,Bulgaria,3,,,,,batter,yes,derived:role_from_usage/v1 | derived:keeper_inference_aggregate/v1,0.55 | 0.73,false
H Ivanov,58b5299f,male,Bulgaria,3,,,,,batting all-rounder,,derived:role_from_usage/v1,0.55,false
Rayhaan Ahmed,d9de31d4,male,Austria,3,,,,,batter,yes,derived:role_from_usage/v1 | derived:keeper_inference_aggregate/v1,0.55 | 0.73,false
Arsalan Ahmed,e0febd97,male,Greece,3,,,,,all-rounder,,derived:role_from_usage/v1,0.55,false
BJ Davidson,5b658677,male,Serbia,3,,,,,batter,,derived:role_from_usage/v1,0.55,false
VH Zol,6dbcf855,male,Royal Challengers Bangalore,3,,,,,batter,,derived:role_from_usage/v1,0.55,false
Abu Jayed,1bb0993e,male,Bangladesh,3,,,,,bowler,,derived:role_from_usage/v1,0.55,false
Mohammad Abbas,a089f93f,male,Pakistan,3,,,,,bowler,,derived:role_from_usage/v1,0.55,false
N Ifill,1d5dd8a6,male,Canada,3,,,,,all-rounder,,derived:role_from_usage/v1,0.55,false
Bilal Asif,f3be8d36,male,Pakistan,3,,,,,all-rounder,,derived:role_from_usage/v1,0.55,false
Chloe Dillon,6303c6b7,female,Isle of Man,3,,,,,batter,,derived:role_from_usage/v1,0.55,false
Lydia Katsimari,460fbb80,female,Greece,3,,,,,batting all-rounder,,derived:role_from_usage/v1,0.55,false
ELC Flanagan,98a78574,female,Ireland,3,,,,,batter,,derived:role_from_usage/v1,0.55,false
R Mahajan,ea0e8ea2,male,Philippines,3,,,,,bowler,,derived:role_from_usage/v1,0.55,false
G Kaltongga,edae74d8,male,Vanuatu,3,,,,,batter,,derived:role_from_usage/v1,0.55,false
E Isaneez,ab591e7d,male,Uganda,3,,,,,bowler,,derived:role_from_usage/v1,0.55,false
K Kekez,fe11e1a3,male,Croatia,3,,,,,batting all-rounder,,derived:role_from_usage/v1,0.55,false
SYS Assegon,be48d2e5,male,Cameroon,3,,,,,batter,,derived:role_from_usage/v1,0.55,false
AD Fofana,8d4a236d,male,Mali,3,,,,,batter,,derived:role_from_usage/v1,0.55,false
Khandubhai Ahir,bbf5da29,male,Panama,3,,,,,batter,yes,derived:role_from_usage/v1 | derived:keeper_inference_aggregate/v1,0.55 | 0.73,false
K Jack,447bf58e,male,Turks and Caicos Island,3,,,,,batter,,derived:role_from_usage/v1,0.55,false
Akshat Raghuwanshi,d8d67045,male,Lucknow Super Giants,3,,,,,batter,,derived:role_from_usage/v1,0.55,false
Ammar Zuhdi Hazalan,46d037eb,male,Malaysia,3,,,,,batter,yes,derived:role_from_usage/v1 | derived:keeper_inference_aggregate/v1,0.55 | 0.73,false
S Bevin,cdb2858d,male,Croatia,3,,,,,batter,,derived:role_from_usage/v1,0.55,false
SP Terry,7f87204d,male,Ireland,3,,,,,batter,,derived:role_from_usage/v1,0.55,false
D Ndipo,38e55b24,female,Malawi,3,,,,,batter,,derived:role_from_usage/v1,0.55,false
Abdulla Pervaiz,2f1be128,male,Bahrain,3,,,,,batter,,derived:role_from_usage/v1,0.55,false
R Mbaiwa,5f789ff9,male,Botswana,3,,,,,batter,yes,derived:role_from_usage/v1 | derived:keeper_inference_aggregate/v1,0.55 | 0.73,false
Azim Patel,83b6c5fb,male,Lesotho,3,,,,,batter,,derived:role_from_usage/v1,0.55,false
Arshad Iqbal,ed031922,male,Pakistan,3,,,,,bowler,,derived:role_from_usage/v1,0.55,false
J Arunkumar,f663ef00,male,Royal Challengers Bangalore,3,,,,,batter,,derived:role_from_usage/v1,0.55,false
Akif Javed,99d7d5b7,male,Pakistan,3,,,,,bowler,,derived:role_from_usage/v1,0.55,false
P Pirabakaran,5ab659d9,male,France,3,,,,,bowler,,derived:role_from_usage/v1,0.55,false
Purvi Kumari,68339baa,female,Norway,3,,,,,batting all-rounder,,derived:role_from_usage/v1,0.55,false
JL de Mey,c9f851b0,male,Netherlands,3,,,,,bowler,,derived:role_from_usage/v1,0.55,false
Murat Ipek,86f471ae,male,Turkey,3,,,,,batter,,derived:role_from_usage/v1,0.55,false
P Baghel,f0db5e13,male,Czech Republic,3,,,,,batter,,derived:role_from_usage/v1,0.55,false
A Faletar,b8889eb7,male,Croatia,3,,,,,batter,,derived:role_from_usage/v1,0.55,false
S Norman,ed394ace,male,Jersey,3,,,,,batter,,derived:role_from_usage/v1,0.55,false
JF Chester,5a719b87,male,Swaziland,3,,,,,batter,,derived:role_from_usage/v1,0.55,false
N Bidaisee,af5b6464,male,West Indies,3,,,,,bowler,,derived:role_from_usage/v1,0.55,false
P Ayoleyine,20e3030d,male,Ghana,3,,,,,batter,,derived:role_from_usage/v1,0.55,false
CMG Atkins,4d43c9f8,female,England,3,,,,,batter,,derived:role_from_usage/v1,0.55,false
Sana Javed,2b001132,female,Pakistan,3,,,,,batter,,derived:role_from_usage/v1,0.55,false
SJ Tsukigawa,c8f378cc,female,New Zealand,3,,,,,all-rounder,,derived:role_from_usage/v1,0.55,false
HR Ponja,6114eaf4,female,Mozambique,3,,,,,batter,,derived:role_from_usage/v1,0.55,false
R Broaster,d6c3432e,male,Belize,3,,,,,batter,,derived:role_from_usage/v1,0.55,false
Mohammad Talha,0ec9e2c4,male,Pakistan,3,,,,,bowler,,derived:role_from_usage/v1,0.55,false
Su Jin Kim,c0b1c995,female,South Korea,3,,,,,batter,,derived:role_from_usage/v1,0.55,false
LP Kasturiarachchige,82af7861,male,Austria,3,,,,,bowler,,derived:role_from_usage/v1,0.55,false
Zeeshan Abbas,328cca93,male,Bahrain,3,,,,,batting all-rounder,,derived:role_from_usage/v1,0.55,false
S Gasteratos,11174f6d,male,Greece,3,,,,,all-rounder,,derived:role_from_usage/v1,0.55,false
Syed Ali Gillani,1ee9a0f6,male,Sweden,3,,,,,bowler,,derived:role_from_usage/v1,0.55,false
Aaditya Varadarajan,e6ec6b42,male,Canada,3,,,,,batter,,derived:role_from_usage/v1,0.55,false
N Sitompul,016f6267,female,Indonesia,3,,,,,bowler,,derived:role_from_usage/v1,0.55,false
Hee Jung Lee,48bcc6d7,female,South Korea,3,,,,,batter,,derived:role_from_usage/v1,0.55,false
C Malaya,4f3f1ab7,male,Malawi,3,,,,,batter,,derived:role_from_usage/v1,0.55,false
Zeeshan Siddiqui,9029d54a,male,Oman,3,,,,,batter,,derived:role_from_usage/v1,0.55,false
RK Parwin,57a45277,female,India,3,,,,,bowler,,derived:role_from_usage/v1,0.55,false
BO van Rooi,047945ae,male,Namibia,3,,,,,bowler,,derived:role_from_usage/v1,0.55,false
JW Ogle-Thomas,d553f5b1,female,West Indies,3,,,,,batter,,derived:role_from_usage/v1,0.55,false
Kinaanath Ismail,e9ead9c3,female,Maldives,3,,,,,batting all-rounder,,derived:role_from_usage/v1,0.55,false
Seemana KC,927d0471,female,Nepal,3,,,,,batting all-rounder,,derived:role_from_usage/v1,0.55,false
DS Wesonga,7545a91a,male,Kenya,3,,,,,batting all-rounder,,derived:role_from_usage/v1,0.55,false
Nadeesha Waruwangodage,4e0afa52,female,Cyprus,3,,,,,batter,,derived:role_from_usage/v1,0.55,false
MM Siddique,48024cf4,male,Japan,3,,,,,bowler,,derived:role_from_usage/v1,0.55,false
T Oyella,5f03af45,female,Uganda,3,,,,,bowler,,derived:role_from_usage/v1,0.55,false
Waqas Ali,2fd4669a,male,Belgium,3,,,,,batting all-rounder,,derived:role_from_usage/v1,0.55,false
Ikbal Hossain,e01d2dae,male,France,3,,,,,bowler,,derived:role_from_usage/v1,0.55,false
FL Albanjari,ecb7a421,female,Indonesia,3,,,,,batting all-rounder,,derived:role_from_usage/v1,0.55,false
R Strydom,0b2a170a,male,Ireland,3,,,,,batter,,derived:role_from_usage/v1,0.55,false
Ashish Rana,126c3f6f,male,Estonia,3,,,,,batting all-rounder,,derived:role_from_usage/v1,0.55,false
H Sin Yee,433dbc41,female,Hong Kong,3,,,,,batting all-rounder,,derived:role_from_usage/v1,0.55,false
M Sedgwick,82fc5e8d,male,Estonia,3,,,,,batter,,derived:role_from_usage/v1,0.55,false
Sean Chan Boromey,4c84d883,female,Cambodia,3,,,,,batter,,derived:role_from_usage/v1,0.55,false
Miriam Ehsun,fd67c5f0,female,Ghana,3,,,,,batting all-rounder,,derived:role_from_usage/v1,0.55,false
JT Manase,524d2019,female,Samoa,3,,,,,batting all-rounder,,derived:role_from_usage/v1,0.55,false
Amir Sharif,f815a3b7,male,Italy,3,,,,,batter,,derived:role_from_usage/v1,0.55,false
E Mapisa,58ebd785,female,Malawi,3,,,,,batting all-rounder,,derived:role_from_usage/v1,0.55,false
R Nil,b0f9dac4,male,Seychelles,3,,,,,bowler,,derived:role_from_usage/v1,0.55,false
Mahnoor Akram,2b7c2d50,female,Norway,3,,,,,batter,,derived:role_from_usage/v1,0.55,false
Sajjida Shah,62fa10e5,female,Pakistan,3,,,,,all-rounder,,derived:role_from_usage/v1,0.55,false
Rahila Firdous,dca1e9c4,female,Mumbai Indians,3,,,,,wicketkeeper-batter,yes,derived:role_from_usage/v1 | derived:keeper_inference_aggregate/v1,0.55 | 0.97,false
Elizabeth Annor,8d59f15d,female,Ghana,3,,,,,batting all-rounder,,derived:role_from_usage/v1,0.55,false
SJ Elliott,13f8d4b5,female,Australia,3,,,,,batter,,derived:role_from_usage/v1,0.55,false
Abdul Gaffar Saqlain,62a99934,male,Bangladesh,3,,,,,all-rounder,,derived:role_from_usage/v1,0.55,false
Paras Singh,014da3d8,male,Hong Kong,3,,,,,bowler,,derived:role_from_usage/v1,0.55,false
JA Davies,5cdf8304,male,Australia,3,,,,,all-rounder,,derived:role_from_usage/v1,0.55,false
C van der Westhuizen,98b974df,female,South Africa,3,,,,,bowler,,derived:role_from_usage/v1,0.55,false
AP Dole,dbc50253,male,Rajasthan Royals,3,,,,,bowler,,derived:role_from_usage/v1,0.55,false
Anjali Chand,e15d9f04,female,Nepal,3,,,,,bowler,,derived:role_from_usage/v1,0.55,false
T Ulutuna,1581c6be,male,Turkey,3,,,,,batter,,derived:role_from_usage/v1,0.55,false
N Vichara,2641de7a,female,Cambodia,3,,,,,batting all-rounder,,derived:role_from_usage/v1,0.55,false
A Daxini,2f949d55,male,Croatia,3,,,,,batting all-rounder,,derived:role_from_usage/v1,0.55,false
Z Arinaitwe,88ee683b,male,Uganda,3,,,,,batter,,derived:role_from_usage/v1,0.55,false
NB Budayair,9d280648,male,Nepal,3,,,,,batter,,derived:role_from_usage/v1,0.55,false
K Upadhyay,27e71d47,male,Pune Warriors,3,,,,,bowler,,derived:role_from_usage/v1,0.55,false
Muhammad Afis,acf2b680,male,Indonesia,3,,,,,batter,,derived:role_from_usage/v1,0.55,false
MQ Sheikh,fb16f6e7,male,Scotland,3,,,,,batter,,derived:role_from_usage/v1,0.55,false
Hassan Nasir,d32f3102,male,Mexico,3,,,,,bowler,,derived:role_from_usage/v1,0.55,false
L Leemhuis,c0e88e7d,female,Netherlands,3,,,,,bowler,,derived:role_from_usage/v1,0.55,false
RV Kalpana,ad59ce4e,female,India,3,,,,,batter,,derived:role_from_usage/v1,0.55,false
D Triantafillithis,6e64afca,male,Greece,3,,,,,batter,,derived:role_from_usage/v1,0.55,false
BA Westdijk,079d9bdc,male,Netherlands,3,,,,,bowler,,derived:role_from_usage/v1,0.55,false
Fathimath Malha,0c4c27d1,female,Maldives,3,,,,,batting all-rounder,,derived:role_from_usage/v1,0.55,false
Hawwa Shaaiqa,46030558,female,Maldives,3,,,,,batter,,derived:role_from_usage/v1,0.55,false
GH Smit,24776ac5,male,Guernsey,3,,,,,batter,,derived:role_from_usage/v1,0.55,false
Ahsan ul Haq,877ab296,male,Kuwait,3,,,,,batter,,derived:role_from_usage/v1,0.55,false
Qasim Akram,b6359668,male,Pakistan,3,,,,,batting all-rounder,,derived:role_from_usage/v1,0.55,false
Shahadat Hossain,69e23303,male,Bangladesh,3,,,,,batter,,derived:role_from_usage/v1,0.55,false
Rakibul Hasan,77768f72,male,Bangladesh,3,,,,,bowler,,derived:role_from_usage/v1,0.55,false
AR Nair,06907633,male,Bahamas,3,,,,,batter,,derived:role_from_usage/v1,0.55,false
Fahad Nawaz,5d68fe4f,male,United Arab Emirates,3,,,,,batter,,derived:role_from_usage/v1,0.55,false
Munim Shahriar,dd98b22f,male,Bangladesh,3,,,,,batter,,derived:role_from_usage/v1,0.55,false
Sunzamul Islam,0f348f58,male,Bangladesh,3,,,,,bowler,,derived:role_from_usage/v1,0.55,false
SB Pokharkar,e00d2089,female,Royal Challengers Bangalore,3,,,,,batting all-rounder,,derived:role_from_usage/v1,0.55,false
T Hewa,3c19f045,male,Cayman Islands,3,,,,,batting all-rounder,,derived:role_from_usage/v1,0.55,false
Tasqeen Qadeer,937553a0,female,Pakistan,3,,,,,batter,,derived:role_from_usage/v1,0.55,false
NJ Qaeze,d4992df7,female,France,3,,,,,batting all-rounder,,derived:role_from_usage/v1,0.55,false
G Mubiru,732ce0c2,male,Uganda,3,,,,,bowler,,derived:role_from_usage/v1,0.55,false
C Carmichael,f3b158d9,male,Ireland,3,,,,,batter,,derived:role_from_usage/v1,0.55,false
Mohammed Jimia,01fa12c1,female,Uganda,3,,,,,batter,,derived:role_from_usage/v1,0.55,false
H Hajnic,bcac2e51,male,Croatia,3,,,,,batter,,derived:role_from_usage/v1,0.55,false
F Martin,b6bc4d31,female,Isle of Man,3,,,,,batting all-rounder,,derived:role_from_usage/v1,0.55,false
AM McCarthy,7f148ce7,male,West Indies,3,,,,,batting all-rounder,,derived:role_from_usage/v1,0.55,false
Eri Iko,657dbd65,female,Japan,3,,,,,batter,,derived:role_from_usage/v1,0.55,false
LN Roche,74aab92e,male,Zimbabwe,3,,,,,bowler,,derived:role_from_usage/v1,0.55,false
Maaha Naseer,f8809f92,female,Maldives,3,,,,,batting all-rounder,,derived:role_from_usage/v1,0.55,false
NK Hamilton,7fdb093b,female,Thailand,3,,,,,batter,,derived:role_from_usage/v1,0.55,false
RR Bastiansz,5365f10f,male,Malta,3,,,,,batter,,derived:role_from_usage/v1,0.55,false
EN Gay,aa710a58,male,Italy,3,,,,,batter,,derived:role_from_usage/v1,0.55,false
RS Sodhi,a3ecf01f,male,Kings XI Punjab,3,,,,,batter,,derived:role_from_usage/v1,0.55,false
Altaf Gill,b9b194d6,male,South Korea,3,,,,,bowler,,derived:role_from_usage/v1,0.55,false
Shafraz Jaleel,0f88e2dc,male,Maldives,3,,,,,batter,yes,derived:role_from_usage/v1 | derived:keeper_inference_aggregate/v1,0.55 | 0.87,false
S Saeed,25ef10a2,male,Maldives,3,,,,,bowler,,derived:role_from_usage/v1,0.55,false
Akhter Pacha Sher,921292ca,male,Norway,3,,,,,batter,,derived:role_from_usage/v1,0.55,false
KS Sharma,39ed0d2f,male,Lucknow Super Giants,3,,,,,batter,,derived:role_from_usage/v1,0.55,false
T Henderson,0a4ebc61,male,Rajasthan Royals;South Africa,3,,,,,all-rounder,,derived:role_from_usage/v1,0.55,false
Aarnav Patel,b66201dd,male,Kenya,3,,,,,bowler,,derived:role_from_usage/v1,0.55,false
D Murphy,a5544576,male,Scotland,3,,,,,batter,yes,derived:role_from_usage/v1 | derived:keeper_inference_aggregate/v1,0.55 | 0.73,false
Acrey Hugo,f3a9aadf,male,Tanzania,3,,,,,batter,,derived:role_from_usage/v1,0.55,false
Sofia Velic,81ab2474,female,Indonesia,3,,,,,bowler,,derived:role_from_usage/v1,0.55,false
N Tropolova,55c9fffb,female,Bulgaria,3,,,,,batting all-rounder,,derived:role_from_usage/v1,0.55,false
Mohit Sharma,cd9f6505,male,Mexico,3,,,,,batting all-rounder,,derived:role_from_usage/v1,0.55,false
Ibrahim Karim,4a1a45f1,male,Sierra Leone,3,,,,,batter,,derived:role_from_usage/v1,0.55,false
CR Smith,29f936f0,female,Australia,3,,,,,bowler,,derived:role_from_usage/v1,0.55,false
Tripti Gore,a626d864,female,Belgium,3,,,,,batting all-rounder,,derived:role_from_usage/v1,0.55,false
Sarfaraj Patel,f15d17c7,male,Lesotho,3,,,,,all-rounder,,derived:role_from_usage/v1,0.55,false
R Bangera,c5376f3d,male,Israel,3,,,,,batter,,derived:role_from_usage/v1,0.55,false
S Siriotis,ff8b37cb,male,Greece,3,,,,,batter,,derived:role_from_usage/v1,0.55,false
D Faletar,8c911414,male,Croatia,3,,,,,batter,,derived:role_from_usage/v1,0.55,false
Jenissa Jain,e6282830,female,Singapore,3,,,,,batter,,derived:role_from_usage/v1,0.55,false
C Sammut,ea4f7003,female,Malta,3,,,,,batter,,derived:role_from_usage/v1,0.55,false
T Salcedo,4bafe66b,female,Mexico,3,,,,,all-rounder,,derived:role_from_usage/v1,0.55,false
Yin Chenhao,68408eff,male,China,3,,,,,batter,,derived:role_from_usage/v1,0.55,false
SJ Andrews,2e5919c5,female,Australia,3,,,,,bowler,,derived:role_from_usage/v1,0.55,false
D Ahir,424a646f,male,Panama,3,,,,,all-rounder,,derived:role_from_usage/v1,0.55,false
C Elmore,49e5f1b4,female,Guernsey,3,,,,,batting all-rounder,,derived:role_from_usage/v1,0.55,false
A Mucyodusenge,de72e7c9,male,Rwanda,3,,,,,batter,,derived:role_from_usage/v1,0.55,false
Asif Iqbal,ddcb8503,male,South Korea,3,,,,,batting all-rounder,,derived:role_from_usage/v1,0.55,false
DL Mejia,f4ee7807,female,Mexico,3,,,,,batter,,derived:role_from_usage/v1,0.55,false
C Bayraktar,0fa92a21,male,Turkey,3,,,,,batter,,derived:role_from_usage/v1,0.55,false
Rashmeka Badri Narayanan,56a660cc,female,Singapore,3,,,,,all-rounder,,derived:role_from_usage/v1,0.55,false
TO Thilappan,44482748,male,Singapore,3,,,,,all-rounder,,derived:role_from_usage/v1,0.55,false
M Macelli,9f2cca6b,female,Malta,3,,,,,batter,,derived:role_from_usage/v1,0.55,false
Kamrul Hasan,6531eeea,male,Eswatini,3,,,,,batter,,derived:role_from_usage/v1,0.55,false
C Jennings,463e127a,female,Guernsey,3,,,,,bowler,,derived:role_from_usage/v1,0.55,false
E Kuyumcu,4e6bc859,male,Turkey,3,,,,,batting all-rounder,,derived:role_from_usage/v1,0.55,false
Sana Ullah,bc02b37a,male,South Korea,3,,,,,bowler,,derived:role_from_usage/v1,0.55,false
IL Parks,6760153a,female,Costa Rica,3,,,,,batter,,derived:role_from_usage/v1,0.55,false
Roshni Sebastian,417bde11,female,Qatar,3,,,,,bowler,,derived:role_from_usage/v1,0.55,false
H Beresford-Peirse,30291c08,male,Croatia,3,,,,,bowler,,derived:role_from_usage/v1,0.55,false
Peher Modi,fa1c582b,female,Belgium,3,,,,,all-rounder,,derived:role_from_usage/v1,0.55,false
K McKenna,4eee57ca,female,Ireland,3,,,,,batter,,derived:role_from_usage/v1,0.55,false
Omid Rahimi,b2930573,male,Belgium,3,,,,,batter,,derived:role_from_usage/v1,0.55,false
P Magafas,c25be68d,male,Greece,3,,,,,batter,,derived:role_from_usage/v1,0.55,false
S Ogundipe,bbd365ad,male,Nigeria,3,,,,,bowler,,derived:role_from_usage/v1,0.55,false
K Gilham,c2fd51b1,male,Czech Republic,3,,,,,bowler,,derived:role_from_usage/v1,0.55,false
Faizal Salehji,7c5d046a,male,Panama,3,,,,,batting all-rounder,,derived:role_from_usage/v1,0.55,false
P Abhijit,bc0083f7,male,Seychelles,3,,,,,batter,,derived:role_from_usage/v1,0.55,false
R Butler,bee3d078,female,Singapore,3,,,,,batter,,derived:role_from_usage/v1,0.55,false
L Stanfergin,ef114b4c,female,Norway,3,,,,,batting all-rounder,,derived:role_from_usage/v1,0.55,false
L Mating,ea2a8710,female,Lesotho,3,,,,,batter,,derived:role_from_usage/v1,0.55,false
C Bevin,1e3db5f4,male,Croatia,3,,,,,bowler,,derived:role_from_usage/v1,0.55,false
Rafatullah Mohmand,9211d267,male,Pakistan,3,,,,,batter,,derived:role_from_usage/v1,0.55,false
BM Anusha,e179aae0,female,India,3,,,,,bowler,,derived:role_from_usage/v1,0.55,false
Sherul Mehta,e9bdb79b,male,Belgium,3,,,,,batter,,derived:role_from_usage/v1,0.55,false
K Nanno,09c30c43,female,Japan,3,,,,,batting all-rounder,,derived:role_from_usage/v1,0.55,false
Em Rotana,196ccd33,female,Cambodia,3,,,,,batter,,derived:role_from_usage/v1,0.55,false
D Samarawickrama,6d4c2087,male,Italy,3,,,,,batter,,derived:role_from_usage/v1,0.55,false
SA Millanta,d0d9b0e6,female,Australia,3,,,,,bowler,,derived:role_from_usage/v1,0.55,false
DA Payne,6c79c098,male,England;Sunrisers Hyderabad,3,,,,,bowler,,derived:role_from_usage/v1,0.55,false
A Scantlebury,99aec976,female,Barbados,3,,,,,batter,,derived:role_from_usage/v1,0.55,false
JL Martel,fb7dc205,male,Guernsey,3,,,,,bowler,,derived:role_from_usage/v1,0.55,false
JF Jimenez,f6d2a162,female,Mexico,3,,,,,batting all-rounder,,derived:role_from_usage/v1,0.55,false
GW Aldridge,42a05795,male,New Zealand,3,,,,,bowler,,derived:role_from_usage/v1,0.55,false
RW Hartley,23d4170c,male,Serbia,3,,,,,batter,,derived:role_from_usage/v1,0.55,false
KC Phohlo,1607f812,female,Lesotho,3,,,,,batter,,derived:role_from_usage/v1,0.55,false
Umair Ali,a98a6b86,male,United Arab Emirates,3,,,,,all-rounder,,derived:role_from_usage/v1,0.55,false
AM Rajpurohit,06b8bdb3,male,Gambia,3,,,,,all-rounder,,derived:role_from_usage/v1,0.55,false
Muhammet Kursat,dc53a969,male,Turkey,3,,,,,batting all-rounder,,derived:role_from_usage/v1,0.55,false
L Stubbs,b0f332e1,male,Croatia,3,,,,,batter,,derived:role_from_usage/v1,0.55,false
Ronitkumar Ahir,402ea377,male,Panama,3,,,,,bowler,,derived:role_from_usage/v1,0.55,false
S Wykes-Templeman,cfa76520,female,Luxembourg,3,,,,,batter,,derived:role_from_usage/v1,0.55,false
SO Olayinka,0f8e08ad,male,Nigeria,3,,,,,batter,,derived:role_from_usage/v1,0.55,false
VC Ahir,0bb68705,male,Panama,3,,,,,all-rounder,,derived:role_from_usage/v1,0.55,false
Zain Ali,cccac242,male,Italy,3,,,,,bowler,,derived:role_from_usage/v1,0.55,false
P Sapesa,b58316de,male,Malawi,3,,,,,batting all-rounder,,derived:role_from_usage/v1,0.55,false
TZ Chataira,2e4d5f94,male,Zimbabwe,3,,,,,bowler,,derived:role_from_usage/v1,0.55,false
V Pasupathy,8b002990,female,Singapore,3,,,,,batter,,derived:role_from_usage/v1,0.55,false
N Greig,4dd104cf,female,Jersey,3,,,,,batter,,derived:role_from_usage/v1,0.55,false
B Indrajith,ff1e68fa,male,Kolkata Knight Riders,3,,,,,batter,,derived:role_from_usage/v1,0.55,false
BAA Zammitt,0e102c3b,male,Gibraltar,3,,,,,batter,,derived:role_from_usage/v1,0.55,false
Khazaima,706df49c,female,Saudi Arabia,3,,,,,batter,,derived:role_from_usage/v1,0.55,false
Najeeb Amar,25e26a23,male,Hong Kong,3,,,,,bowler,,derived:role_from_usage/v1,0.55,false
MP Enright,7a03f67d,female,Namibia,3,,,,,batting all-rounder,,derived:role_from_usage/v1,0.55,false
H Dandapani,9960a421,male,Finland,3,,,,,bowler,,derived:role_from_usage/v1,0.55,false
B Terbish,30c884c8,male,Mongolia,3,,,,,batting all-rounder,,derived:role_from_usage/v1,0.55,false
G Batagoda,f63ec2e5,female,Italy,3,,,,,batter,,derived:role_from_usage/v1,0.55,false
P Timong,121b6ac9,female,Uganda,3,,,,,all-rounder,,derived:role_from_usage/v1,0.55,false
KN Gabhane,28252261,male,Hungary,3,,,,,batting all-rounder,,derived:role_from_usage/v1,0.55,false
Imran Khan (1),195fb6db,male,Pakistan,3,,,,,bowler,,derived:role_from_usage/v1,0.55,false
Eman Naseer,2a96675a,female,Pakistan,3,,,,,batter,,derived:role_from_usage/v1,0.55,false
A Dineshi,42b0cc96,female,Romania,3,,,,,batter,,derived:role_from_usage/v1,0.55,false
SG Borthwick,51e1ed69,male,England,3,,,,,bowler,,derived:role_from_usage/v1,0.55,false
Riaz Afridi,281ce63c,male,Czech Republic,3,,,,,all-rounder,,derived:role_from_usage/v1,0.55,false
I Zigante,255508f7,female,Croatia,3,,,,,batter,,derived:role_from_usage/v1,0.55,false
Umair Sharif,a19db58e,male,Saudi Arabia,3,,,,,all-rounder,,derived:role_from_usage/v1,0.55,false
ST de Silva,54ef649e,male,Sri Lanka,3,,,,,batter,,derived:role_from_usage/v1,0.55,false
E Kahamker,41acc8bf,male,Israel,3,,,,,batting all-rounder,,derived:role_from_usage/v1,0.55,false
PL Harris,fd093ca9,male,South Africa,3,,,,,bowler,,derived:role_from_usage/v1,0.55,false
M Vua,dcff5376,female,Fiji,3,,,,,all-rounder,,derived:role_from_usage/v1,0.55,false
A Cespedes,9e7f9696,female,Costa Rica,3,,,,,batter,,derived:role_from_usage/v1,0.55,false
S Hongsi,1d50ed62,male,Thailand,3,,,,,batting all-rounder,,derived:role_from_usage/v1,0.55,false
Waqas Haider,20f65440,male,Sweden,3,,,,,batter,,derived:role_from_usage/v1,0.55,false
A van der Merwe,a159b802,male,Ireland,3,,,,,bowler,,derived:role_from_usage/v1,0.55,false
TP Sudhindra,2f3817ce,male,Deccan Chargers,3,,,,,bowler,,derived:role_from_usage/v1,0.55,false
Aisha Rahman,9c7e9140,female,Qatar,3,,,,,batter,,derived:role_from_usage/v1,0.55,false
Urooj Mumtaz,1ff39d69,female,Pakistan,3,,,,,all-rounder,,derived:role_from_usage/v1,0.55,false
H Dassanayake,f6037e49,female,Finland,3,,,,,batting all-rounder,,derived:role_from_usage/v1,0.55,false
SKR Mallidi,74d82e24,male,Sweden,3,,,,,batting all-rounder,,derived:role_from_usage/v1,0.55,false
L Smith,7e64e33f,male,France,3,,,,,batter,,derived:role_from_usage/v1,0.55,false
Adnan Shnwarei,c8281df7,male,Norway,3,,,,,batting all-rounder,,derived:role_from_usage/v1,0.55,false
Zain Asif,ef8eba13,male,Bulgaria,3,,,,,batter,,derived:role_from_usage/v1,0.55,false
M Kulfiwala,1f5622a9,male,Eswatini,3,,,,,batter,,derived:role_from_usage/v1,0.55,false
Tasaduq Hussain,f62fa324,male,Sweden,3,,,,,bowler,,derived:role_from_usage/v1,0.55,false
Smruthi Radhakrishnan,9ef019c5,female,Singapore,3,,,,,all-rounder,,derived:role_from_usage/v1,0.55,false
Gurpreet Singh,1a5d690f,male,Italy,3,,,,,batting all-rounder,,derived:role_from_usage/v1,0.55,false
Virat Singh,26d76ad9,male,Sunrisers Hyderabad,3,,,,,batter,,derived:role_from_usage/v1,0.55,false
Asim Ashraf,ca47f0fb,male,Gambia,3,,,,,all-rounder,,derived:role_from_usage/v1,0.55,false
H Shah,afb3b840,male,Nepal,3,,,,,all-rounder,,derived:role_from_usage/v1,0.55,false
AK Ahir,d95070e3,male,Panama,3,,,,,batting all-rounder,,derived:role_from_usage/v1,0.55,false
Kaung Ko Ko,9bf987fc,male,Myanmar,2,,,,,,yes,derived:keeper_inference_aggregate/v1,0.8,false
AA Shafique,ef7a904e,male,Oman,2,,,,,,yes,derived:keeper_inference_aggregate/v1,0.97,false
SJS Smith,c5a864d7,male,Scotland,2,,,,,,yes,derived:keeper_inference_aggregate/v1,0.8,false
J Da Silva,bab78fa2,male,West Indies,2,,,,,,yes,derived:keeper_inference_aggregate/v1,0.8,false
SZ Mulani,9d704f6f,male,Mumbai Indians,2,,,,,,,"","",false
DV Malewar,9e6032fa,male,Mumbai Indians,2,,,,,,,"","",false
T Dahiya,f12fe2a1,male,Kolkata Knight Riders,2,,,,,,,"","",false
D du Preez,d7a57f75,male,Royal Challengers Bangalore,2,,,,,,,"","",false
PJ te Beest,8d0964e5,female,Netherlands,2,,,,,,,"","",false
AS Tanke,05625364,female,Netherlands,2,,,,,,,"","",false
M Kornet,d45c0528,female,Netherlands,2,,,,,,,"","",false
LDVV Silva,6e226c31,female,Sri Lanka,2,,,,,,,"","",false
J Sharma,e1eb1e96,female,India,2,,,,,,,"","",false
Shathira Jakir,6b992a6f,female,Bangladesh,2,,,,,,,"","",false
E Theunissen,88005efc,female,South Africa,2,,,,,,,"","",false
J Giyanani,2bf69ff5,male,United Arab Emirates,2,,,,,,,"","",false
Hasnain Ul Wahab,c9040f7a,male,Oman,2,,,,,,,"","",false
AS Chima,1cfb9ef4,male,Canada,2,,,,,,,"","",false
WCA Ganegama,42d1b920,male,Sri Lanka,2,,,,,,,"","",false
KHRK Fernando,e42dff5f,male,Sri Lanka,2,,,,,,,"","",false
JM Mennie,f048bb41,male,Australia,2,,,,,,,"","",false
IS Mananelage,c270299f,female,United Arab Emirates,2,,,,,,,"","",false
CA Gurrey,1e579ad5,female,New Zealand,2,,,,,,,"","",false
SW Kinyua,86933cde,female,Kenya,2,,,,,,,"","",false
N Squire,7cefca09,female,Sierra Leone,2,,,,,,,"","",false
T Wigradianti,a9496add,female,Indonesia,2,,,,,,,"","",false
T Hanum,7d668c73,female,Indonesia,2,,,,,,,"","",false
S Lote,09c07ae4,female,Fiji,2,,,,,,,"","",false
L Vua,978a63d4,female,Fiji,2,,,,,,,"","",false
FLV Pula,31ea5c8c,female,Samoa,2,,,,,,,"","",false
SR Aoina,5495500d,female,Samoa,2,,,,,,,"","",false
LR Aoina,27b83a8a,female,Samoa,2,,,,,,,"","",false
Mahewish Khan,4705e4b1,female,Canada,2,,,,,,,"","",false
Kang Choi,fe8d366a,female,South Korea,2,,,,,,,"","",false
K Qureshi,063e8671,female,Germany,2,,,,,,,"","",false
A Soni,93fc8392,female,Gujarat Giants;India,2,,,,,,,"","",false
JF Smagacz,ab0f24e4,female,Spain,2,,,,,,,"","",false
E Tzanavari,c68b8478,female,Greece,2,,,,,,,"","",false
Zhang Yibing,85fba0db,female,China,2,,,,,,,"","",false
MJV Villalobos,fbba7da6,female,Costa Rica,2,,,,,,,"","",false
N Kaqea,46eff2dc,female,France,2,,,,,,,"","",false
H Wenehoua,edf72654,female,France,2,,,,,,,"","",false
K Mohini,f8b5cd9b,female,Canada,2,,,,,,,"","",false
C Cummings,b135be0d,female,Cook Islands,2,,,,,,,"","",false
L Sviben,be53d600,female,Croatia,2,,,,,,,"","",false
S Budhathoki,32e47092,female,Malta,2,,,,,,,"","",false
Tallulah Spry,7131373f,female,Jersey,2,,,,,,,"","",false
T Leskinen,9fd62e40,female,Finland,2,,,,,,,"","",false
Sanjay Kumar,0837bb5f,male,Hungary,2,,,,,,,"","",false
NG Liyanage,4e22db41,male,Hungary,2,,,,,,,"","",false
BLCS Kumara,74e3b4fd,male,Cyprus,2,,,,,,,"","",false
L Zulu,59e99272,male,Swaziland,2,,,,,,,"","",false
Naveed Fakhr,76e84cb1,male,Kuwait,2,,,,,,,"","",false
RR Behera,e0672ff4,male,United States of America,2,,,,,,,"","",false
Samiallah Khalil,367f4efa,male,Sweden,2,,,,,,,"","",false
Hasan Cakir,a2369eaf,male,Turkey,2,,,,,,,"","",false
Ankit Dubey,65dadc70,male,Sweden,2,,,,,,,"","",false
M Jukic,8fcebe83,male,Croatia,2,,,,,,,"","",false
MK Hollard,95b5bda3,male,Ireland,2,,,,,,,"","",false
Ryan Ani,668404df,male,Papua New Guinea,2,,,,,,,"","",false
BA Viraliliu,7d85b1e9,male,Vanuatu,2,,,,,,,"","",false
S Alavala,2e9e4eaf,male,Cyprus,2,,,,,,,"","",false
AS Kumaran,26f40d94,male,Slovenia,2,,,,,,,"","",false
Du Jianhao,d314deb8,male,China,2,,,,,,,"","",false
Yang Wangjie,0188fdc0,male,China,2,,,,,,,"","",false
Ahmed Al Zadjali,33044169,male,Oman,2,,,,,,,"","",false
Numan Yousuf,33b48084,male,Bahrain,2,,,,,,,"","",false
Sagar Kumar Ahir,7babb041,male,Panama,2,,,,,,,"","",false
Alexander Hillman,a9516320,male,Gibraltar,2,,,,,,,"","",false
CJ Green,19b9f399,male,Australia;Kolkata Knight Riders,2,,,,,,,"","",false
PH Solanki,c695b423,male,Chennai Super Kings,2,,,,,,,"","",false
F Walters,2d42b539,female,West Indies,2,,,,,,,"","",false
Ihsanullah,c290033d,male,Pakistan,2,,,,,,,"","",false
Surya Tamang,579f2447,male,Nepal,2,,,,,,,"","",false
TJ Heggelman,c5758216,male,Netherlands,2,,,,,,,"","",false
Naved Latif,261d6559,male,Pakistan,2,,,,,,,"","",false
I Nandera,a91772c4,female,Uganda,2,,,,,,,"","",false
DS Gamage,00be46fe,female,Norway,2,,,,,,,"","",false
HC Overdijk,2c01f21a,male,Netherlands,2,,,,,,,"","",false
Arslan Ahmed,f70c0c66,male,Portugal,2,,,,,,,"","",false
WT Mashinge,ade3660b,male,Zimbabwe,2,,,,,,,"","",false
Rashid Khan,69cccff3,male,Nepal,2,,,,,,,"","",false
T Singye,e454c356,male,Bhutan,2,,,,,,,"","",false
Khurram Shahzad,85b0ccd1,male,Qatar,2,,,,,,,"","",false
R Heyns,8708c072,male,Luxembourg,2,,,,,,,"","",false
Apon Mustafizur,1558c83d,male,Serbia,2,,,,,,,"","",false
A Manatos,eebc0141,male,Greece,2,,,,,,,"","",false
Waqar Abbasi,9e287ee3,male,Romania,2,,,,,,,"","",false
Israr Khan,4ee5ded2,male,Germany,2,,,,,,,"","",false
Zahid Abbas,dce01d1e,male,Kenya,2,,,,,,,"","",false
Guillermo Aburto,08deefa3,male,Chile,2,,,,,,,"","",false
Amit Uniyal,085071f2,male,Chile,2,,,,,,,"","",false
Harprit Singh,c60361d7,male,Mexico,2,,,,,,,"","",false
D Sheeli,d5e5f96b,male,Kuwait,2,,,,,,,"","",false
Hazrat Luqman,fdc1ac0f,male,United Arab Emirates,2,,,,,,,"","",false
Tabarak Dar,2259c12d,male,Hong Kong,2,,,,,,,"","",false
Afzaal Haider,4e5cf2d6,male,Hong Kong,2,,,,,,,"","",false
BP Nash,749a1b3a,male,West Indies,2,,,,,,,"","",false
Farial Zia Safdar,36f7682b,female,Norway,2,,,,,,,"","",false
Chinyenum George,14bf34e0,female,Nigeria,2,,,,,,,"","",false
D Prakas,de8633f1,female,Singapore,2,,,,,,,"","",false
Rabia Iqbal,a3a5072b,female,Spain,2,,,,,,,"","",false
AMN Andersen,49589e51,female,Denmark,2,,,,,,,"","",false
LM Christensen,30dc80e6,female,Denmark,2,,,,,,,"","",false
D Gangwani,9ee105bc,female,Sweden,2,,,,,,,"","",false
Areeba Mughal,c98c19e5,female,Oman,2,,,,,,,"","",false
Arrikan Phuengkho,1f072478,female,Thailand,2,,,,,,,"","",false
J Kokam,09dea28a,female,Ghana,2,,,,,,,"","",false
E Sagoe,77c14bc2,female,Ghana,2,,,,,,,"","",false
G Quaicoe,3fcb7b21,female,Ghana,2,,,,,,,"","",false
Anu Kadayat,ba0826da,female,Nepal,2,,,,,,,"","",false
YB Rodriguez,779f6c19,female,Chile,2,,,,,,,"","",false
ADP Diaz,1fc086bc,female,Costa Rica,2,,,,,,,"","",false
APS Sanchez,e2b2c927,female,Costa Rica,2,,,,,,,"","",false
Hailey Wong,b52cb33e,female,Hong Kong,2,,,,,,,"","",false
Maheen Aamir,0246f4c3,female,Saudi Arabia,2,,,,,,,"","",false
P Dhar,e1bb9d18,female,Luxembourg,2,,,,,,,"","",false
K Kondikakova,cc21b00a,female,Bulgaria,2,,,,,,,"","",false
M Kristensen,1e50426a,male,Denmark,2,,,,,,,"","",false
Faisal Mehmood,509a84de,male,Belgium,2,,,,,,,"","",false
T Takada,bd3c364d,male,Japan,2,,,,,,,"","",false
Sharveen Surendran,aa3a7285,male,Malaysia,2,,,,,,,"","",false
ID Matic,72f784ca,male,Croatia,2,,,,,,,"","",false
Mirza Baig,96ce6752,male,Pakistan,2,,,,,,,"","",false
Hasan Murad,da9f58aa,male,Bangladesh,2,,,,,,,"","",false
SA Pradhan,f1c8a09b,male,Singapore,2,,,,,,,"","",false
C Birch,8a6186f1,male,Guernsey,2,,,,,,,"","",false
MD Byrne,153aaa6f,male,Indonesia,2,,,,,,,"","",false
Ahmed Daniyal,9656afbf,male,Pakistan,2,,,,,,,"","",false
C Watuwa,121d97fb,male,Uganda,2,,,,,,,"","",false
Ali Abbas,ffe659ae,male,Saudi Arabia,2,,,,,,,"","",false
Arif Nasir Uddin,807c91e3,male,Qatar,2,,,,,,,"","",false
LU Igalagamage,07b6c3c1,male,Sri Lanka,2,,,,,,,"","",false
Aritra Bhakat,380c2700,male,Sweden,2,,,,,,,"","",false
Sagor Hossain,04628837,male,Czech Republic,2,,,,,,,"","",false
Ravinder Gill,eac5f67f,male,Romania,2,,,,,,,"","",false
JB Richards,76917ef1,male,Botswana,2,,,,,,,"","",false
R Aurora,97555d44,male,Botswana,2,,,,,,,"","",false
E Leie,a7bc76a0,male,South Africa,2,,,,,,,"","",false
RJ Campbell,f6993a56,male,Hong Kong,2,,,,,,,"","",false
Usman Mushtaq,0e5ccbb4,male,United Arab Emirates,2,,,,,,,"","",false
R Ninan,ce4cc4d5,male,Royal Challengers Bangalore,2,,,,,,,"","",false
Y Gnaneswara Rao,bae11797,male,Kochi Tuskers Kerala,2,,,,,,,"","",false
D Weston,92256e66,male,Germany,2,,,,,,yes,derived:keeper_inference_aggregate/v1,0.8,false
LC Romero,a2a1efe2,male,United States of America,2,,,,,,,"","",false
SJ Massiah,59cc6b79,male,United States of America,2,,,,,,,"","",false
RW Staple,9de31202,male,United States of America,2,,,,,,,"","",false
GP Thorpe,53fcbbfb,male,England,2,,,,,,,"","",false
JS Paris,7c8f533d,male,Australia,2,,,,,,,"","",false
M Stan,69465115,female,Romania,2,,,,,,,"","",false
Anna Wilson,46edfd68,female,Isle of Man,2,,,,,,,"","",false
Suheda Hancer,cb526fd0,female,Turkey,2,,,,,,,"","",false
Jennifer Hira,e68107eb,female,Austria,2,,,,,,,"","",false
Maisie Skillan,79b903ca,female,Isle of Man,2,,,,,,,"","",false
T Males,ec6e5aa0,female,Croatia,2,,,,,,,"","",false
K Eftimova,3cd543df,female,Bulgaria,2,,,,,,,"","",false
Veronika Nevolova,fff97017,female,Czech Republic,2,,,,,,,"","",false
J Pook,84ff65e5,male,Belize,2,,,,,,,"","",false
Niyas Pullariyil,7f3f0c0d,male,Malta,2,,,,,,,"","",false
SV Wiig,44f11bd0,male,United States of America,2,,,,,,,"","",false
R Johnson,fabbb9e0,male,Turks and Caicos Island,2,,,,,,,"","",false
Anskumar Ahir,1b62ed99,male,Panama,2,,,,,,,"","",false
J Umanath,f909b98d,male,Mexico,2,,,,,,,"","",false
Ross Hardie,824596c2,male,Peru,2,,,,,,yes,derived:keeper_inference_aggregate/v1,0.8,false
Shakeel Ansar,21d6eb6a,male,Pakistan,2,,,,,,yes,derived:keeper_inference_aggregate/v1,0.8,false
HW Rambaldo,e21b8cb5,female,Netherlands,2,,,,,,,"","",false
JC Hartenhof,5b6bc793,female,Netherlands,2,,,,,,,"","",false
SL Pujare,b8b6ae08,female,India,2,,,,,,,"","",false
AA Deshpande,cfa56623,female,India,2,,,,,,,"","",false
A Chopra,57a7b064,female,India,2,,,,,,,"","",false
EJCLRC Rainford-Brent,51fecaba,female,England,2,,,,,,,"","",false
CP Jack,32a32368,female,West Indies,2,,,,,,,"","",false
C McAuslan,d1f871a4,male,Hong Kong,2,,,,,,,"","",false
E Masuku,7e6e7274,male,Zimbabwe,2,,,,,,,"","",false
JS Ababu,2b944fb7,male,Kenya,2,,,,,,,"","",false
RT Lyons,7d32d965,male,Scotland,2,,,,,,,"","",false
KA Heffernan,bcd1f525,female,New Zealand,2,,,,,,,"","",false
Hung Ying Ho,32b461b1,female,Hong Kong,2,,,,,,,"","",false
M Mete,f763e221,female,Vanuatu,2,,,,,,,"","",false
L Rika,fe12944e,female,Fiji,2,,,,,,,"","",false
M Patel,2967df25,female,Canada,2,,,,,,,"","",false
AR Shetty,a872a8fc,female,Oman,2,,,,,,,"","",false
C Pfalzner-Gibbon,70aa20fe,female,Germany,2,,,,,,,"","",false
L Skatulla,920bca47,female,Germany,2,,,,,,,"","",false
NM Parween,e87e87ee,female,India,2,,,,,,,"","",false
C Mokibelo,3693f29b,female,Botswana,2,,,,,,,"","",false
P Gundecha,af79635f,female,Japan,2,,,,,,,"","",false
YT Lewis,fec8c439,female,Costa Rica,2,,,,,,,"","",false
MCR Mohedano,f34183e5,female,Mexico,2,,,,,,,"","",false
DP Hernandez,bc27c3f2,female,Mexico,2,,,,,,,"","",false
AR Poulter,2304ae3d,female,Fiji,2,,,,,,,"","",false
L Fainicka,d69196e9,female,France,2,,,,,,,"","",false
F Malotutoatasi,3e2a2df8,female,Samoa,2,,,,,,,"","",false
F Cagnewa,80d1b020,female,France,2,,,,,,,"","",false
S Rokuad,27b6d24d,female,France,2,,,,,,,"","",false
SV Shankar,07b6c3b5,female,Malta,2,,,,,,,"","",false
SA Dias,4b2195fa,female,Belgium,2,,,,,,,"","",false
Peng Liangyu,397d720c,female,China,2,,,,,,,"","",false
Marica Taira,4cd20b08,female,Philippines,2,,,,,,,"","",false
H Kavasoglu,c4b792e5,female,Turkey,2,,,,,,,"","",false
F Elizabet,3abdaac1,female,Switzerland,2,,,,,,,"","",false
Imran Arif,c10747c3,male,Saudi Arabia,2,,,,,,,"","",false
KC Hodsoll,056f58dd,male,Bermuda,2,,,,,,,"","",false
JT Darrell,69649715,male,Bermuda,2,,,,,,,"","",false
C Olphert,7afc806f,male,Ireland,2,,,,,,,"","",false
I Bardis,716bd716,male,Greece,2,,,,,,,"","",false
Abdulmalik Jabarkhel,e3fbe553,male,France,2,,,,,,,"","",false
A Bhadauria,a74bbdad,male,Luxembourg,2,,,,,,,"","",false
Abdullah Shahid,71686118,male,Maldives,2,,,,,,,"","",false
Sachin Ganpat Shinde,ddc2613d,male,Serbia,2,,,,,,,"","",false
Shafiq Jan,11cebda3,male,Oman,2,,,,,,,"","",false
Ajaz Patel,29b6bcd4,male,Lesotho,2,,,,,,,"","",false
OGT Gould,2c66ee1e,male,Scotland,2,,,,,,,"","",false
C Cirino,ddf3ccfa,male,Brazil,2,,,,,,,"","",false
Jihad Hossain,26c7fe2a,male,Eswatini,2,,,,,,,"","",false
P Somani,e28cc0b7,male,Singapore,2,,,,,,,"","",false
Abid Ullah Shah,5f35329d,male,Bahrain,2,,,,,,,"","",false
Greg Scott,bf06337d,male,Belize,2,,,,,,,"","",false
Miguel Silva,3ff0707e,male,Brazil,2,,,,,,,"","",false
P Donkaew,0f61aa94,male,Thailand,2,,,,,,,"","",false
D Gaikwad,f9260467,male,Hungary,2,,,,,,,"","",false
Ahmed Bangali,d489343d,male,Panama,2,,,,,,,"","",false
RS Hangargekar,c3c92b42,male,Chennai Super Kings,2,,,,,,,"","",false
HDRS Silva,27735054,female,Sri Lanka,2,,,,,,,"","",false
K Mahato,d913103d,male,Nepal,2,,,,,,,"","",false
M Commins,c537cf4d,male,Ireland,2,,,,,,,"","",false
Mrittunjoy Chowdhury,21b97584,male,Bangladesh,2,,,,,,,"","",false
W Sutherland,bc2d4f2e,male,Australia,2,,,,,,,"","",false
Akeem Jordan,77bf0483,male,West Indies,2,,,,,,,"","",false
IS Sohi,daf88af6,male,Canada,2,,,,,,,"","",false
Usman Salahuddin,5a7405f1,male,Pakistan,2,,,,,,,"","",false
MT Chinouya,aed55673,male,Zimbabwe,2,,,,,,,"","",false
Junaid Zia,c78f1ff5,male,Pakistan,2,,,,,,,"","",false
W Mwayenga,96dced3e,male,Zimbabwe,2,,,,,,,"","",false
JN Rhodes,97edbfb1,male,South Africa,2,,,,,,,"","",false
RH Scholte,67875075,male,Netherlands,2,,,,,,,"","",false
Manal Malik,a8d0b86f,female,Bahrain,2,,,,,,,"","",false
Rongyu Zhao,fc2b858f,female,China,2,,,,,,,"","",false
Yadhira Nunez,e654fe3d,female,Chile,2,,,,,,,"","",false
RM Burns,94fe4708,female,New Zealand,2,,,,,,,"","",false
M Sert,f32cbd5b,female,Turkey,2,,,,,,,"","",false
J Neupane,b6dfa72f,female,Malta,2,,,,,,,"","",false
RK Raval,96611f9f,female,Singapore,2,,,,,,,"","",false
S Brunsgaard,b15f8b0f,female,Denmark,2,,,,,,,"","",false
Maria Ahsan,0efdea1f,female,Sweden,2,,,,,,,"","",false
KM Amoe,e21ca3a8,female,Fiji,2,,,,,,,"","",false
S Dhami,b0433bc3,female,Nepal,2,,,,,,,"","",false
M Mustafo,fcb45fb5,female,Botswana,2,,,,,,,"","",false
JC Molina,dff2ffa0,female,Costa Rica,2,,,,,,,"","",false
N Nini,c58d9c18,female,South Africa,2,,,,,,,"","",false
Aryaa Kulkarni,ab42bc93,female,Estonia,2,,,,,,,"","",false
M Kaitaranta,25f2e969,female,Finland,2,,,,,,,"","",false
J Chaturanga,92593de0,male,Bahrain,2,,,,,,,"","",false
A Bhargava,192f2caf,male,Singapore,2,,,,,,,"","",false
Gagandeep Singh,87046e99,male,Ghana,2,,,,,,,"","",false
GF Gomes,0d9d3baa,male,Mozambique,2,,,,,,,"","",false
U Sofi,10962078,male,Samoa,2,,,,,,,"","",false
Vinay Iyer,43247512,male,Japan,2,,,,,,,"","",false
P Fernando,fd68e23d,male,Italy,2,,,,,,,"","",false
Khan Arbaaz,b84be97f,male,Lesotho,2,,,,,,,"","",false
Shahzeb Choudhry,43f3c050,male,Sweden,2,,,,,,,"","",false
P Khari,bb791276,male,Czech Republic,2,,,,,,,"","",false
BC Sahin,57cb4044,male,Turkey,2,,,,,,,"","",false
Niaz Ali,e33a357d,male,Hong Kong,2,,,,,,,"","",false
BE Fletcher,abd82f3b,male,Netherlands,2,,,,,,,"","",false
K Thagunna,97d86e77,male,Nepal,2,,,,,,,"","",false
Haris Karim,5d534cff,male,Slovenia,2,,,,,,,"","",false
KK Sharma,76db10d2,male,Slovenia,2,,,,,,,"","",false
Rizwan Zahoor,dbaaad11,male,Slovenia,2,,,,,,,"","",false
ML Maiava,a6710e6c,male,Samoa,2,,,,,,,"","",false
I Mwebaze,b4b88cdd,male,Uganda,2,,,,,,,"","",false
AHT Donald,72918338,male,England,2,,,,,,,"","",false
Sajid Safi,a8ffa2da,male,Belgium,2,,,,,,,"","",false
GY Tomar,3f4c3313,male,Uganda,2,,,,,,,"","",false
Mokbul Ahammed,0f6ffe16,male,Qatar,2,,,,,,,"","",false
K Pala,f5b68485,male,Papua New Guinea,2,,,,,,,"","",false
KMC Bandara,2c997ad3,male,Sri Lanka,2,,,,,,,"","",false
TB de Bruyn,90d6cdea,male,South Africa,2,,,,,,,"","",false
P Raho,0bd536fb,male,Papua New Guinea,2,,,,,,,"","",false
Mohammad Usman,cee89f44,male,United Arab Emirates,2,,,,,,,"","",false
Happy Kumari,e2cfa962,female,Gujarat Giants,2,,,,,,,"","",false
TS Cordes,4f76f6a9,female,South Africa,2,,,,,,yes,derived:keeper_inference_aggregate/v1,0.8,false
Saad Ali,4cbf2e06,male,Pakistan,2,,,,,,,"","",false
DM Dupavillon,7cb2d9d2,male,South Africa,2,,,,,,,"","",false
Badal Singh,54501715,male,Oman,2,,,,,,,"","",false
Areeb Quadir,19845ff5,male,Finland,2,,,,,,yes,derived:keeper_inference_aggregate/v1,0.8,false
P Masih,796ffb22,male,Romania,2,,,,,,,"","",false
Ravinder Singh,710e1a5c,male,Malta,2,,,,,,,"","",false
Azmat Ali,4121a79a,male,Germany,2,,,,,,,"","",false
Khalander Mustafa,df6534ac,male,Saudi Arabia,2,,,,,,,"","",false
Mahmad Data,0ee7ede5,male,Panama,2,,,,,,,"","",false
B Williams,6cd3a166,male,Sierra Leone,2,,,,,,,"","",false
Edward Taylor,9adb9f71,male,Chile,2,,,,,,,"","",false
Alfredo Puentes,e214be36,male,Chile,2,,,,,,,"","",false
Muhammad Babar,d54397b8,male,Spain,2,,,,,,,"","",false
SU Halarnkar,ec100ae6,male,Costa Rica,2,,,,,,,"","",false
T Hinds,45a62071,male,West Indies,2,,,,,,,"","",false
Adnan Gondal,79b2d37a,male,Portugal,2,,,,,,,"","",false
Suresh Kumar,1b95b3cd,male,Peru,2,,,,,,,"","",false
RL De silva,080c624a,male,Peru,2,,,,,,,"","",false
KK Tetik,c31a3282,male,Turkey,2,,,,,,,"","",false
C Nzabarinda,b6e6746b,male,Rwanda,2,,,,,,,"","",false
CR Foggo,3e722460,male,Bermuda,2,,,,,,,"","",false
R Flannigan,c13b2833,male,Scotland,2,,,,,,,"","",false
Abdul Jabbar,3f4b9ae5,male,Canada,2,,,,,,,"","",false
AL Kandappah,10840285,male,Canada,2,,,,,,,"","",false
Arshad Ali,8dbda772,male,United Arab Emirates,2,,,,,,,"","",false
Zahid Shah,6fb21086,male,United Arab Emirates,2,,,,,,,"","",false
CK Kruger,95db4ab0,male,Hong Kong,2,,,,,,,"","",false
SM Warnapura,add57f1f,male,Sri Lanka,2,,,,,,,"","",false
H Lui,da663eca,female,Hong Kong,2,,,,,,,"","",false
H Roy,7bdbd6d0,female,Nepal,2,,,,,,,"","",false
Wania Malik,1a35a2d3,female,Spain,2,,,,,,,"","",false
YP Karadogan,5493e269,female,Turkey,2,,,,,,,"","",false
HO Karaduman,0853d18a,female,Turkey,2,,,,,,,"","",false
MA Parker,74d21854,female,Scotland,2,,,,,,,"","",false
KAC Wong,646880e7,female,Philippines,2,,,,,,,"","",false
E Brathwaite,3d42a82b,female,West Indies,2,,,,,,,"","",false
F Effiong,0bb077ff,female,Nigeria,2,,,,,,,"","",false
M Sefati,6c9abc8a,female,Botswana,2,,,,,,,"","",false
IIA Vildosola,4081b382,female,Chile,2,,,,,,,"","",false
NCC Perez,4da3f550,female,Chile,2,,,,,,,"","",false
SRE Lara,2f644e7f,female,Costa Rica,2,,,,,,,"","",false
RKK Appuhangige,cd76788c,female,Greece,2,,,,,,,"","",false
Nur Qaireen,3cc5cb54,female,Malaysia,2,,,,,,,"","",false
A Cheung,f2026cc2,female,Hong Kong,2,,,,,,,"","",false
Rizwana Begum,1c4633e0,female,Saudi Arabia,2,,,,,,,"","",false
D Fisher,7b5ba4d1,female,Jersey,2,,,,,,,"","",false
LE Nzuza,0bb0a5ef,female,South Africa,2,,,,,,,"","",false
CJ Bruell,51429d1d,female,Germany,2,,,,,,,"","",false
Neha Teny,0b53cf9c,female,Canada,2,,,,,,,"","",false
Elyssa Sun,aa29cd55,female,Canada,2,,,,,,,"","",false
S Biko,b501b61e,male,Kenya,2,,,,,,,"","",false
S Draunivudi,b708c4ad,male,Fiji,2,,,,,,,"","",false
G Raymond,a9f43e60,male,Cook Islands,2,,,,,,,"","",false
F Thorpe,a7de8e39,male,Gambia,2,,,,,,,"","",false
AA Hussein,60ef3ddb,male,Tanzania,2,,,,,,,"","",false
HJ Patel,2e3c45d3,male,Panama,2,,,,,,,"","",false
Assad Mehmood,71b1e668,male,Portugal,2,,,,,,,"","",false
Cihan Altun,b8396e67,male,Turkey,2,,,,,,,"","",false
CG Osborne,19758a47,male,Croatia,2,,,,,,,"","",false
Uzair Amir,441c1b67,male,Qatar,2,,,,,,,"","",false
Rohail Nazir,522bea89,male,Pakistan,2,,,,,,,"","",false
H Elder,637c65f1,male,Switzerland,2,,,,,,,"","",false
RR Simmonds,fcf6b0f6,male,West Indies,2,,,,,,,"","",false
Ibrahim Altinoluk,965e5b62,male,Turkey,2,,,,,,,"","",false
RE Francis,20ca18bc,male,Tanzania,2,,,,,,,"","",false
EF Faalupega,d3611e29,male,Samoa,2,,,,,,,"","",false
S Savkovic,a43f5e2b,male,Serbia,2,,,,,,,"","",false
NJ Reardon,c7bdb5b5,male,Australia,2,,,,,,,"","",false
GJ McCarter,6232e1ed,male,Ireland,2,,,,,,,"","",false
Farhan Ahmed,927694f7,male,United Arab Emirates,2,,,,,,,"","",false
PS Masvaure,c4d740b3,male,Zimbabwe,2,,,,,,,"","",false
D Olivier,a8e56914,male,South Africa,2,,,,,,,"","",false
Fazle Mahmud,b4bef2ed,male,Bangladesh,2,,,,,,,"","",false
WA Agar,15de1f5d,male,Australia,2,,,,,,,"","",false
SF Burger,9ff7f691,male,Namibia,2,,,,,,,"","",false
Akram Khan,fbc5b9e2,male,Bangladesh,2,,,,,,,"","",false
Aijaz Ali,6d60ece6,male,United States of America,2,,,,,,,"","",false
S Munagala,0b010809,female,Denmark,2,,,,,,,"","",false
Florence Hira,2ceca8d3,female,Austria,2,,,,,,,"","",false
Mysha Doshi,8c0e08c7,female,Belgium,2,,,,,,,"","",false
Ovais Yousof,cda8ef3a,male,Nigeria,2,,,,,,,"","",false
Charanjeet Singh,cb4a3840,male,Italy,2,,,,,,,"","",false
Pratik Agnihotri,21bfd654,male,Norway,2,,,,,,,"","",false
A Sathyan,ed47a68b,male,Croatia,2,,,,,,,"","",false
AZ Shah,e0c5125f,male,Fiji,2,,,,,,,"","",false
Rajab Hussain,b5a62769,male,Hong Kong,2,,,,,,,"","",false
Mabsar Abdulla,216697bf,male,Maldives,2,,,,,,,"","",false
TJ Ramphoma,9d6cba1d,male,Lesotho,2,,,,,,,"","",false
Shan Siddiqui,e2b86f12,male,Gambia,2,,,,,,,"","",false
A McKnight,98aa2a5a,male,Turks and Caicos Island,2,,,,,,,"","",false
D Hardware,32074eb3,male,Turks and Caicos Island,2,,,,,,,"","",false
LA Bourne,bd0e3478,female,Samoa,2,,,,,,yes,derived:keeper_inference_aggregate/v1,0.8,false
B Kalki Kumar,7132a1a6,male,Malta,2,,,,,,,"","",false
S Franklin,0e3552e2,male,Switzerland,2,,,,,,,"","",false
Absar Khan,91cf746e,male,Denmark,2,,,,,,,"","",false
N Ndouteng,25640e61,male,Cameroon,2,,,,,,,"","",false
Jitesh Patel,a2f790a8,male,Malta,2,,,,,,,"","",false
F Choudary,ffbbf432,male,Sweden,2,,,,,,,"","",false
A Amado,14ea3348,male,Israel,2,,,,,,,"","",false
E Samson,d11272c4,male,Israel,2,,,,,,,"","",false
Riyaz Kajalwala,9bfb8edc,male,Cyprus,2,,,,,,,"","",false
T Chopel,d9a7ca8e,male,Bhutan,2,,,,,,,"","",false
J Solomon,c66dfb30,male,Ghana,2,,,,,,,"","",false
N Gnanapragasam,4f6d5f87,male,Seychelles,2,,,,,,,"","",false
J Moondra,3bea7ea9,male,Ireland,2,,,,,,,"","",false
Ankush Singh,c2887e22,male,Mexico,2,,,,,,,"","",false
J Mathew,2575caf6,male,Malta,2,,,,,,,"","",false
M Ravula,266f7543,male,Fiji,2,,,,,,,"","",false
S Makalo,c93cc167,male,Lesotho,2,,,,,,,"","",false
Du Jianyao,5a4987e1,male,China,2,,,,,,,"","",false
Jabran Khan,02fe46ca,male,Denmark,2,,,,,,,"","",false
Jamal Stanikzai,96a6ce8e,male,Switzerland,2,,,,,,,"","",false
A Wichakam,c9835e0a,male,Thailand,2,,,,,,,"","",false
SS Tallapragada,24ff9539,male,Mexico,2,,,,,,,"","",false
DR Shorey,faa7365d,male,Chennai Super Kings,2,,,,,,,"","",false
P Chopra,8ac93ca2,male,Rajasthan Royals,2,,,,,,,"","",false
Y Prithvi Raj,cfa4bd2b,male,Kolkata Knight Riders,2,,,,,,,"","",false
TW Hartley,22b98d7c,male,England,2,,,,,,,"","",false
T Mufudza,d38b80df,male,Zimbabwe,2,,,,,,,"","",false
M Shiraz,cdac5a3d,male,Sri Lanka,2,,,,,,,"","",false
Tanvir Ahmed,93f104b4,male,Pakistan,2,,,,,,,"","",false
GI Maiden,a8bbd62e,male,Scotland,2,,,,,,,"","",false
S Weerakoon,3703d634,male,Sri Lanka,2,,,,,,,"","",false
D Gamage,df92d6fb,male,Sri Lanka,2,,,,,,,"","",false
TK Canning,efb04d81,male,New Zealand,2,,,,,,,"","",false
R Walters,d32a4a41,male,Namibia,2,,,,,,,"","",false
NA Statham,0db94786,male,Netherlands,2,,,,,,,"","",false
Talha Jubair,0e9af639,male,Bangladesh,2,,,,,,,"","",false
Constanza Oyarce,9b4b9ce3,female,Chile,2,,,,,,,"","",false
SKPD Ayu,f02c0809,female,Indonesia,2,,,,,,,"","",false
J Botha,eae9fe8a,female,South Africa,2,,,,,,,"","",false
Sabikun Nahar Jesmin,48ec1360,female,Bangladesh,2,,,,,,,"","",false
JMV Ingabire,f4a96bfd,female,Rwanda,2,,,,,,,"","",false
D Uwizeye,1cd03c09,female,Rwanda,2,,,,,,,"","",false
GL Adams,7b1f2542,female,England,2,,,,,,,"","",false
C Pavely,907e5f6c,female,England,2,,,,,,,"","",false
M Jayphert,dadfffc8,female,Papua New Guinea,2,,,,,,,"","",false
NA Janes,7044cd2e,male,Thailand,2,,,,,,,"","",false
P Syafiq Ali,8c689890,male,Malaysia,2,,,,,,,"","",false
Jandu Hamoud,324edd0c,male,Kuwait,2,,,,,,,"","",false
Tenzin Wangchuk jnr,286fab38,male,Bhutan,2,,,,,,,"","",false
Ahsan Ali,dc2abe5e,male,Pakistan,2,,,,,,,"","",false
BV Save,1d89c232,male,Malaysia,2,,,,,,,"","",false
Ismail Sardar,caa18d8b,male,Thailand,2,,,,,,,"","",false
S Browne,71847f28,male,Luxembourg,2,,,,,,,"","",false
P Danci,45c008f4,male,Romania,2,,,,,,,"","",false
WJ Lubbe,10f42013,male,South Africa,2,,,,,,,"","",false
Aanand Pandey,528a37ce,male,Luxembourg,2,,,,,,,"","",false
K Joshi,5b8e8294,male,Austria,2,,,,,,,"","",false
R Vishwanath,02fa5417,male,Luxembourg,2,,,,,,,"","",false
Aftab Ahmed,94ed8d37,male,Denmark,2,,,,,,,"","",false
Humayun Kabir,452024ef,male,Sweden,2,,,,,,,"","",false
KD Mehta,a18461a2,male,Czech Republic,2,,,,,,,"","",false
John Bartlett,6b7f9d9d,male,Chile,2,,,,,,,"","",false
Alex Carthew,ea6ec2d9,male,Chile,2,,,,,,,"","",false
Mario Ovalle,f0fbdf0a,male,Chile,2,,,,,,,"","",false
Tarun Sharma,1ba16d18,male,Mexico,2,,,,,,,"","",false
M Thurgate,98aaa3f3,male,Japan,2,,,,,,,"","",false
K Macheka,9124e5ee,male,Zimbabwe,2,,,,,,,"","",false
J Salazar,125d4980,male,Peru,2,,,,,,,"","",false
PH Shamdasani,591a0cfa,male,Peru,2,,,,,,,"","",false
RK Punjabi,0f950a8f,male,Peru,2,,,,,,,"","",false
JAC Cubas,de1912da,male,Peru,2,,,,,,,"","",false
Umair Safi,bcc12dab,male,Romania,2,,,,,,,"","",false
F Mutagana,9134debe,male,Uganda,2,,,,,,,"","",false
Mansoor Amjad,9018bf65,male,Pakistan,2,,,,,,,"","",false
Shoaib Khan jnr,08fda2e1,male,Pakistan,2,,,,,,,"","",false
Mohammad Iqbal,48fa71c3,male,Canada,2,,,,,,,"","",false
J Patraj,a549066c,male,Canada,2,,,,,,,"","",false
CK Hooper,af19c6a8,male,Canada,2,,,,,,,"","",false
D Soraine,8a79613a,male,Canada,2,,,,,,,"","",false
AS Luseno,2b76eb00,male,Kenya,2,,,,,,,"","",false
Samiullah Khan,45de8d3e,male,Pakistan,2,,,,,,,"","",false
Kamran Hussain,4e1b02fb,male,Pakistan,2,,,,,,,"","",false
Saqib Ali,04f4f2e1,male,United Arab Emirates,2,,,,,,,"","",false
Pooja Kumari,ff5051bd,female,Norway,2,,,,,,,"","",false
Hina Hussain,6501e421,female,Norway,2,,,,,,,"","",false
S Linden,35836baf,female,Sweden,2,,,,,,,"","",false
M Gill,4cfe9bac,female,Canada,2,,,,,,,"","",false
KD Jayawant,42aaf21c,female,Oman,2,,,,,,,"","",false
Saba Ali Syeda,39503052,female,Saudi Arabia,2,,,,,,,"","",false
JG Kaur,045e73c2,female,Spain,2,,,,,,,"","",false
Ellen Asante,0207451a,female,Ghana,2,,,,,,,"","",false
Ivy Yeboah,7aac64bb,female,Ghana,2,,,,,,,"","",false
Rumeysa Alp,2ffdf67d,female,Turkey,2,,,,,,,"","",false
D Samarawickrama,3a592d0d,female,Italy,2,,,,,,,"","",false
R Andreea,75d2111a,female,Romania,2,,,,,,,"","",false
RT Nielsen,b4c38c22,female,Denmark,2,,,,,,,"","",false
K Hruskova,c212e935,female,Czech Republic,2,,,,,,,"","",false
J Pullen,b3b97956,female,Isle of Man,2,,,,,,,"","",false
Pushpa Murali,459d974f,female,Singapore,2,,,,,,,"","",false
Fatima Abbas,1416256f,female,Saudi Arabia,2,,,,,,,"","",false
Aridah Umer Farooq,57021e50,female,Saudi Arabia,2,,,,,,,"","",false
R Adotei,d68d2815,female,Ghana,2,,,,,,,"","",false
G Essoun,71b1e490,female,Ghana,2,,,,,,,"","",false
A Kayuni,4df5ba93,female,Zambia,2,,,,,,,"","",false
MBT Montero,7f3f5e0b,female,Chile,2,,,,,,,"","",false
MPA Miranda,9f015fdd,female,Costa Rica,2,,,,,,,"","",false
Jaza Mariyam,29254752,female,Qatar,2,,,,,,,"","",false
Disna Jayasooriya,70c36d4d,female,Bahrain,2,,,,,,,"","",false
Laura-Anette Taei,fa21c431,female,Estonia,2,,,,,,,"","",false
Mamta Mishra,0dc251c6,female,Belgium,2,,,,,,,"","",false
BA Simango,57022b64,male,Mozambique,2,,,,,,,"","",false
JKP Ellick,77de6cfa,male,St Helena,2,,,,,,,"","",false
DL Richards,e613c509,male,St Helena,2,,,,,,,"","",false
A Kapoor,2835af2a,male,Canada,2,,,,,,,"","",false
Ahmadi Ravat,a90e8bcf,male,Panama,2,,,,,,,"","",false
Ivan Splicevic,010658fc,male,Croatia,2,,,,,,,"","",false
M Charlie,4631be71,male,Papua New Guinea,2,,,,,,,"","",false
Ghayour Ahmad,f87f5e5f,male,Saudi Arabia,2,,,,,,,"","",false
P Vailoa,e0a657ba,male,Cook Islands,2,,,,,,,"","",false
PF Ravarua,85b592a7,male,Cook Islands,2,,,,,,,"","",false
SA van Breda,a91e7c2f,male,Jersey,2,,,,,,,"","",false
A Dhar,1c0a2249,male,Cayman Islands,2,,,,,,,"","",false
Abdul Salman Khan,3e86080b,male,Saudi Arabia,2,,,,,,,"","",false
L Nou,9f500ddb,male,Papua New Guinea,2,,,,,,,"","",false
MB van Schelven,aef2982e,male,Netherlands,2,,,,,,,"","",false
UA Birla,91b9300b,male,Pune Warriors,2,,,,,,,"","",false
RG More,b2b23612,male,Chennai Super Kings,2,,,,,,,"","",false
SJ Cameron,1a8ad45c,male,Scotland,2,,,,,,,"","",false
NGRP Jayasuriya,127bc5ca,male,Sri Lanka,2,,,,,,,"","",false
PARP Perera,5f75a7c5,male,Sri Lanka,2,,,,,,,"","",false
A Patel,06a9d298,male,Canada,2,,,,,,,"","",false
RP Alexander,c25927f8,male,United States of America,2,,,,,,,"","",false
MR Johnson,2b30ca91,male,United States of America,2,,,,,,,"","",false
CA Reid,6b062b4b,male,United States of America,2,,,,,,,"","",false
HR Johnson,98653b57,male,United States of America,2,,,,,,,"","",false
Cristina Moschou,8c3b8965,female,Greece,2,,,,,,,"","",false
DP David,8c52619b,female,India,2,,,,,,,"","",false
Tazia Akhter,ced7e7a4,female,Bangladesh,2,,,,,,,"","",false
Lily Rani Biswas,2febebb4,female,Bangladesh,2,,,,,,,"","",false
MS Crane,f0a0204e,male,England,2,,,,,,,"","",false
JD Wildermuth,f1c61793,male,Australia,2,,,,,,,"","",false
D Long Martinez,c44ddfb9,male,Spain,2,,,,,,,"","",false
P Sua,f6657f66,male,Samoa,2,,,,,,,"","",false
Kau Qalo,3d9cd1b1,male,Fiji,2,,,,,,,"","",false
T Batjargal,f75d4a8d,male,Mongolia,2,,,,,,,"","",false
Mohamed Miuvaan,a5bdacc3,male,Maldives,2,,,,,,,"","",false
Basiru Jaye,6e80042d,male,Gambia,2,,,,,,,"","",false
RJ Ramjiawan,28442755,male,Suriname,2,,,,,,,"","",false
I Ganness,0bf08d6d,male,Turks and Caicos Island,2,,,,,,,"","",false
Benson Chama,8903a5f3,male,Zambia,2,,,,,,,"","",false
TR Gripper,dd121907,male,Zimbabwe,2,,,,,,,"","",false
DB Chhetri,e383e204,female,Sweden,2,,,,,,,"","",false
CA Liyanage,eea27fb2,male,Maldives,2,,,,,,,"","",false
Moniruzzaman,075e9f9c,male,Bangladesh,2,,,,,,,"","",false
San Nyo Htwe,11430949,female,Myanmar,2,,,,,,,"","",false
VCE Wattenberg,6d69af03,female,Netherlands,2,,,,,,yes,derived:keeper_inference_aggregate/v1,0.8,false
JH Mensah,d701081f,male,Ghana,2,,,,,,,"","",false
K Ivanova,fee59fd8,female,Bulgaria,2,,,,,,,"","",false
HL Baker,cefad9fd,female,England,2,,,,,,,"","",false
R Olipa,327fcb33,male,Uganda,2,,,,,,,"","",false
B Schuster,dfba63a4,male,Samoa,2,,,,,,,"","",false
SA Amirullah,2e78ffac,male,Suriname,2,,,,,,,"","",false
T Misi,2c789867,male,Samoa,2,,,,,,,"","",false
KRP Silva,99ffb3d3,male,United States of America,2,,,,,,,"","",false
HAG Madhushanka,1a597e24,male,Seychelles,2,,,,,,,"","",false
Nazakat Ali,e5cb6eb9,male,Norway,2,,,,,,,"","",false
M Cohen,fc75bbba,male,Israel,2,,,,,,yes,derived:keeper_inference_aggregate/v1,0.8,false
BJ Diamanti,549aefcd,male,New Zealand,2,,,,,,,"","",false
M Viswanathan,dd9ab45d,male,Seychelles,2,,,,,,,"","",false
Rameez Raja (2),e191bf68,male,Pakistan,2,,,,,,,"","",false
DO Christian,3b1fa4cb,male,West Indies,2,,,,,,,"","",false
Yang Yu Xuan,1d5273c9,female,China,2,,,,,,,"","",false
Anthony Roe,0dcd8fbd,male,Chile,2,,,,,,,"","",false
D Bourne,67d40eaa,male,Turks and Caicos Island,2,,,,,,,"","",false
Nazir Patel,7da83f2e,male,Panama,2,,,,,,,"","",false
H Sharma,52294a79,male,Royal Challengers Bangalore;Royal Challengers Bengaluru,2,,,,,,,"","",false
RA Lawrence,8f201b0a,female,Netherlands,2,,,,,,,"","",false
MG Maceira,421a0275,female,Scotland,2,,,,,,,"","",false
R Stones,45474493,female,Isle of Man,2,,,,,,yes,derived:keeper_inference_aggregate/v1,0.8,false
ML Patel,27258b3e,male,Kenya,2,,,,,,,"","",false
Muhammad Tahir,2b8123ff,male,Greece,2,,,,,,,"","",false
Rashid Zia,d797ecfe,male,United States of America,2,,,,,,,"","",false
M Ulmanova,2be548b0,female,Czech Republic,2,,,,,,,"","",false
Mahnoor Mahmood,e38aef0d,female,Kuwait,2,,,,,,,"","",false
F Fyneface,1ef9efc3,female,Nigeria,2,,,,,,,"","",false
M Vuruna,14d7b24b,female,Fiji,2,,,,,,,"","",false
AL Kerrison,ce18f6f6,female,Ireland,2,,,,,,,"","",false
LW Potthoff,02b87bde,male,Croatia,2,,,,,,,"","",false
AD Janakanthymala,a5162ca9,female,Sri Lanka,2,,,,,,,"","",false
Nikhil Deshmukh,44839bd7,male,Peru,2,,,,,,,"","",false
RD Cespedes,506ff443,male,Peru,2,,,,,,,"","",false
RD Steede,c1ef6dad,male,Bermuda,2,,,,,,,"","",false
RN Renjini,a8721241,female,Malta,2,,,,,,,"","",false
Andrey Lilov,c2233c17,male,Bulgaria,2,,,,,,,"","",false
R Agamiire,43ae7b1c,male,Uganda,2,,,,,,,"","",false
Mobashar Ashraf,bbfdb0c8,male,France,2,,,,,,,"","",false
Norman Sankar,a3d600fe,male,Israel,2,,,,,,,"","",false
RHO Saunders,60bb8160,male,Norway,2,,,,,,,"","",false
I Rodriguez,eb001e0b,female,Mexico,2,,,,,,,"","",false
S Vig,22762f38,female,Canada,2,,,,,,,"","",false
T Amresh,74a8376d,male,Costa Rica,2,,,,,,,"","",false
T Jikoibure,447760ed,male,Fiji,2,,,,,,,"","",false
Gaba Frank,dba7b529,male,Papua New Guinea,2,,,,,,,"","",false
M Chaudhary,4dd262d6,female,United States of America,2,,,,,,,"","",false
Adeshlie Alias,075a9439,male,Malaysia,2,,,,,,,"","",false
Parveen Kumar,6fffb04a,male,Romania,2,,,,,,,"","",false
L Solomone,4bf76da2,male,Lesotho;Mozambique,2,,,,,,,"","",false
D Asghar,052b014c,male,Norway,2,,,,,,,"","",false
T Moses,e3806aca,male,Belize,2,,,,,,,"","",false
S Smale,3247d54e,female,England,2,,,,,,yes,derived:keeper_inference_aggregate/v1,0.8,false
Rashid Khan,1eaac48d,male,Belgium,2,,,,,,,"","",false
G Tuychiev,beafdac1,male,Uzbekistan,2,,,,,,,"","",false
O Qudratov,41e04234,male,Uzbekistan,2,,,,,,,"","",false
RT Rubbi,17f68661,male,Indonesia,2,,,,,,,"","",false
S Arachchige,2a7a3137,male,Italy,2,,,,,,,"","",false
D Prins,4de69d5e,female,Netherlands,2,,,,,,,"","",false
MKGCP Lakshitha,9f62b897,male,Sri Lanka,2,,,,,,,"","",false
Lwin Maw,ae1300a0,male,Myanmar,2,,,,,,,"","",false
LC Boylan,4dde73be,female,Ireland,2,,,,,,,"","",false
EP Thompson,7a653792,male,New Zealand,2,,,,,,,"","",false
RLB Rambukwella,5a892f36,male,Sri Lanka,2,,,,,,,"","",false
Lovepreet Singh,3c00e140,male,United Arab Emirates,2,,,,,,,"","",false
PM Sarvesh Kumar,4b4d1957,male,Deccan Chargers,2,,,,,,,"","",false
SL Clephane,879095b0,male,Czech Republic,2,,,,,,,"","",false
G Hoey,19d0a172,male,Ireland,2,,,,,,,"","",false
RA Mariu,6d816d13,male,New Zealand,2,,,,,,,"","",false
SM Dhakal,9db1b072,male,Nepal,2,,,,,,,"","",false
T Piakura,5b329799,female,Cook Islands,2,,,,,,,"","",false
Elina Rama,43490928,female,Finland,2,,,,,,,"","",false
R Turay,c05e5d66,female,Sierra Leone,2,,,,,,,"","",false
Esperanza Rubio,ae694554,female,Chile,2,,,,,,,"","",false
P Desungnoen,e80ed014,male,Thailand,2,,,,,,,"","",false
Emilia Toro,777f65cd,female,Chile,2,,,,,,,"","",false
SL Perera,9c33091b,male,Ghana,2,,,,,,,"","",false
S Tobgay,d7f1fe76,male,Bhutan,2,,,,,,,"","",false
J Thinley,7714c405,male,Bhutan,2,,,,,,,"","",false
Song Yangyang,cf33e1ce,female,West Indies,2,,,,,,,"","",false
Imran Butt,cc3fb3b3,male,Bahrain,2,,,,,,,"","",false
VS Yeligati,38f2c66c,male,Mumbai Indians,2,,,,,,,"","",false
Muhammad Ansar,83f59aa3,male,Kuwait,2,,,,,,,"","",false
AD Diwan Ali,e9879e9c,female,Belgium,2,,,,,,,"","",false
A Kanwal,6c4170b6,female,Hong Kong,2,,,,,,,"","",false
K Follain,0019edfc,female,Jersey,2,,,,,,,"","",false
M Mumford,55417c5f,female,Gibraltar,2,,,,,,,"","",false
Z Akpinar,e2619bcc,female,Turkey,2,,,,,,,"","",false
M Matobole,6f37931c,female,Lesotho,2,,,,,,,"","",false
Adnan Tahir,f6c411db,male,Spain,2,,,,,,,"","",false
K Kamyuka,719a2bb5,male,Canada,2,,,,,,,"","",false
MM Sarwar,51abacb2,male,Kuwait,2,,,,,,,"","",false
Aviel Warsulkar,5b7efabe,male,Israel,2,,,,,,,"","",false
R Rohmalia,5d90eb77,female,Indonesia,2,,,,,,,"","",false
SS Sarkar,caa89a48,male,Kolkata Knight Riders,2,,,,,,,"","",false
S Kollery,d1d8b6a2,male,Botswana,2,,,,,,,"","",false
G Bruno,589f2008,male,Turks and Caicos Island,2,,,,,,,"","",false
LM Aramas,05bb7c55,female,France,2,,,,,,,"","",false
GL Cloete,3bf40832,male,South Africa,2,,,,,,,"","",false
Het Patel,000803b1,male,Eswatini,2,,,,,,,"","",false
R Chatterton,c9c57de3,male,Peru,2,,,,,,,"","",false
HK Brahmbhatt,fd57254c,male,Peru,2,,,,,,,"","",false
Nadif Chowdhury,d6ac6545,male,Bangladesh,2,,,,,,,"","",false
D Simpson,5d36377e,male,Cook Islands,2,,,,,,,"","",false
S Simpson,c8ea9add,male,Jersey,2,,,,,,,"","",false
DT Patil,f48cf4da,male,Royal Challengers Bangalore,2,,,,,,,"","",false
PR Adams,ae1bd901,male,South Africa,2,,,,,,,"","",false
Maria Ababi,8c3e36b2,female,Romania,2,,,,,,,"","",false
Simon Shalders,167b3c71,male,Chile,2,,,,,,,"","",false
RM Scott,7febdb69,male,United States of America,2,,,,,,,"","",false
B Verdon,d1e75f95,female,France,2,,,,,,,"","",false
J Logtenberg,b0ac4aa2,female,South Africa,2,,,,,,,"","",false
RMMP Rathnayake,afe830a2,male,Sri Lanka,2,,,,,,,"","",false
RK Whelan,06e649a0,male,Ireland,2,,,,,,,"","",false
Adnan Syed,540ef551,male,Finland,2,,,,,,,"","",false
MI Tato,59aea698,female,Samoa,2,,,,,,,"","",false
Kim Rang,0cf4b7fe,female,South Korea,2,,,,,,,"","",false
U Anujin,0ba1c242,female,Mongolia,2,,,,,,,"","",false
IPP Batuwitarachchi,7a624752,male,United Arab Emirates,2,,,,,,,"","",false
SJ Hate,0262a6f3,female,Bahrain,2,,,,,,,"","",false
Sabahat Rasheed,789944c9,female,Pakistan,2,,,,,,,"","",false
A Joshi,a35e3f07,female,Czech Republic,2,,,,,,,"","",false
TJP Weo,f3959e92,female,Indonesia,2,,,,,,,"","",false
N Gallagher,98c5ffef,female,Canada,2,,,,,,,"","",false
JMV Junior,c38bf66d,male,Fiji,2,,,,,,,"","",false
IK Darmawan,e3c88145,male,Indonesia,2,,,,,,,"","",false
Waleed Waqar,f9d26872,male,Bulgaria,2,,,,,,,"","",false
O Jones,b57e43e2,male,Scotland,2,,,,,,,"","",false
NB Singh,b822e99c,male,Gujarat Lions,2,,,,,,,"","",false
Rosie Davis,06ae90c9,female,Guernsey,2,,,,,,,"","",false
Z Simpson,83d567a4,male,Gibraltar,2,,,,,,,"","",false
L Makgale,203de497,male,Botswana,2,,,,,,,"","",false
Fareeha Mehmood,92d6dae7,female,Pakistan,2,,,,,,,"","",false
M Elikana,a4abf7b5,female,Cook Islands,2,,,,,,,"","",false
VRCF Poubel,1e3da0b7,male,Brazil,2,,,,,,,"","",false
SS Shaikh,5f5d3ad4,male,Kolkata Knight Riders,2,,,,,,,"","",false
HK Olonga,7f82b4fb,male,Zimbabwe,2,,,,,,,"","",false
V Tari,43800862,female,Vanuatu,2,,,,,,,"","",false
OAC Banks,8692a3f1,male,West Indies,2,,,,,,,"","",false
N Simelum,daf546c7,female,Vanuatu,2,,,,,,,"","",false
LO Telea,c32bb7bb,female,Samoa,2,,,,,,,"","",false
Maliha Baig,1aa63583,female,Canada,2,,,,,,,"","",false
AN Ghosh,7023d182,male,Kolkata Knight Riders,2,,,,,,,"","",false
N Kayani,ca3f2b64,female,Sweden,2,,,,,,,"","",false
MJ Cosgrove,be768595,male,Australia,2,,,,,,,"","",false
N Ila,5b08fdb5,female,Papua New Guinea,2,,,,,,,"","",false
M Brasier,fda4150a,male,Finland,2,,,,,,,"","",false
T Mato,41f24f77,female,Cook Islands,2,,,,,,,"","",false
MS Ercin,7ff9306f,female,Turkey,2,,,,,,,"","",false
Sani E Zehra,64442beb,female,Oman,2,,,,,,,"","",false
FC Leydon-Davis,b91efad5,female,New Zealand,2,,,,,,,"","",false
Shamyl Hussain,d3395043,male,Pakistan,2,,,,,,,"","",false
J Long,863bfcc9,male,Philippines,2,,,,,,,"","",false
DVO Garcia,5dbf510d,female,Mexico,2,,,,,,,"","",false
C Umutonni,5ab614e2,female,Rwanda,2,,,,,,,"","",false
T Mayes,9aedf23b,male,Ireland,2,,,,,,,"","",false
KH Butt,25d8d51a,male,Hong Kong,2,,,,,,,"","",false
TJ Stephenson,82340b9d,male,Belize,2,,,,,,,"","",false
JT Matadha,400c06e1,female,Bahrain,2,,,,,,,"","",false
A Uniyal,fdcb08c2,male,Rajasthan Royals,2,,,,,,,"","",false
LM Hoitink,16a9a499,female,Netherlands,2,,,,,,,"","",false
Tanbir Hayder,24104e5c,male,Bangladesh,2,,,,,,,"","",false
R Siwa,bd2a2bbc,female,France,2,,,,,,,"","",false
LV Mandhate,9e310ab6,female,Mozambique,2,,,,,,,"","",false
RAJ Smith,6daf5e8c,male,Scotland,2,,,,,,,"","",false
RR Beaton,684a56df,male,West Indies,2,,,,,,,"","",false
R Jones,835aa08f,male,Belize,2,,,,,,,"","",false
M Tornarou,b42c477d,female,Greece,2,,,,,,,"","",false
D Berthe,a671e99e,male,Mali,2,,,,,,,"","",false
Z Flamikova,3c0cfb7b,female,Czech Republic,2,,,,,,,"","",false
Deep Harian,79a29279,male,Indonesia;Portugal,2,,,,,,,"","",false
CM Rocca,ac5a9d43,male,Gibraltar,2,,,,,,,"","",false
R Mikulaskova,faa05631,female,Czech Republic,2,,,,,,,"","",false
SS Mishra,92500ad5,male,Rajasthan Royals,2,,,,,,,"","",false
MHW Papps,6c1beb66,male,New Zealand,2,,,,,,,"","",false
P Talloji,e5b2e2eb,female,Austria,2,,,,,,,"","",false
Mina Baek,ce431658,female,South Korea,2,,,,,,,"","",false
PM Pushpakumara,b529630e,male,Sri Lanka,2,,,,,,,"","",false
P Modimo,74ed1b5f,female,Botswana,2,,,,,,,"","",false
PVSN Raju,c27b5a0e,male,Mumbai Indians,2,,,,,,,"","",false
A Sarma,a5efce80,male,Germany,2,,,,,,,"","",false
SMR Ruelas,f61e2b59,female,Mexico,2,,,,,,,"","",false
F Kasteni,1530a7e9,male,Zimbabwe,2,,,,,,,"","",false
K Mabitle,690ae430,female,Lesotho,2,,,,,,,"","",false
F Zirahangaje,4de681b8,male,Rwanda,2,,,,,,,"","",false
PJK Mooney,94edecfe,male,Ireland,2,,,,,,,"","",false
SR Hain,67b9536c,male,England,2,,,,,,,"","",false
Nur Alliah Asyqin,553b542b,female,Malaysia,2,,,,,,,"","",false
LS Mulivai,d6c1d6b7,female,Samoa,2,,,,,,,"","",false
Rishitha Rajith,f9e02b27,female,United Arab Emirates,2,,,,,,,"","",false
PY Lavine,f786a7f6,female,West Indies,2,,,,,,,"","",false
TO Carmichael,a9a76481,male,United States of America,2,,,,,,,"","",false
FC Ellingworth,030c39f1,female,Luxembourg,2,,,,,,,"","",false
PG Gillespie,d7d744e5,male,Ireland,2,,,,,,,"","",false
Fathimath Anaal,e98606a2,female,Maldives,2,,,,,,,"","",false
T Wang Ling,b7eea5bf,female,Singapore,2,,,,,,,"","",false
MR Dorgan,842b7388,male,Serbia,2,,,,,,,"","",false
G Axtell,e6a7c6e2,male,Bahrain,2,,,,,,,"","",false
C Martin,9af3b97d,female,Canada,2,,,,,,,"","",false
SP de Alwis,c0fb3bf2,female,Sri Lanka,2,,,,,,,"","",false
B Nwobodo,dcaba1ce,female,Nigeria,2,,,,,,,"","",false
Gulbadin Naib,9f77963a,male,Delhi Capitals,2,,,,,,,"","",false
RJMGM Rupasinghe,4c7c6f58,male,Sri Lanka,2,,,,,,,"","",false
L Jevremovic,b98825d5,female,Serbia,2,,,,,,,"","",false
N David,c3cbf0fc,female,India,2,,,,,,,"","",false
N Ihmeling,621c0753,female,France,2,,,,,,,"","",false
SVA Karthikeyan,ffca4a9d,male,Romania,2,,,,,,,"","",false
E Eduard,83ca2482,female,Indonesia,2,,,,,,,"","",false
JW Wilson,91c984a1,male,New Zealand,2,,,,,,,"","",false
Saqlain Ali,be0278d2,male,Belgium,2,,,,,,,"","",false
BT Foakes,fd770945,male,England,2,,,,,,yes,derived:keeper_inference_aggregate/v1,0.8,false
Leen Luthufee,e575e4c5,female,Maldives,2,,,,,,,"","",false
HWR Cartwright,ab965cad,male,Australia,2,,,,,,,"","",false
Karthik Pillai,fa549641,male,Bulgaria,2,,,,,,,"","",false
A Rawat,12e28f5c,female,India,2,,,,,,,"","",false
Htun Myat Hei,f20c17eb,male,Myanmar,2,,,,,,yes,derived:keeper_inference_aggregate/v1,0.8,false
S Vithayathil,b64e0295,male,Turks and Caicos Island,2,,,,,,,"","",false
MS Bhandage,e96801ea,male,Royal Challengers Bengaluru,1,,,,,,,"","",false
H Das,0ed0cdbf,male,Deccan Chargers,1,,,,,,,"","",false
KA Blackwell,32dfa628,female,Australia,1,,,,,,,"","",false
Anop Santosh,3cae1e0b,male,Canada,1,,,,,,,"","",false
Saad Masood,b2498b5d,male,Pakistan,1,,,,,,,"","",false
S Sajeev,071ce010,male,Oman,1,,,,,,,"","",false
G Chapple,85afed77,male,England,1,,,,,,,"","",false
SD Udal,17b641bf,male,England,1,,,,,,,"","",false
H Durham,6705008a,male,Bermuda,1,,,,,,,"","",false
N Tsiame,62ee887e,female,Lesotho,1,,,,,,,"","",false
Mofida Kocchargi,41053159,female,Kuwait,1,,,,,,,"","",false
Emylia Eliani,841d07cc,female,Malaysia,1,,,,,,,"","",false
A Bidari,bdac9f0f,female,Nepal,1,,,,,,,"","",false
S Sandeepani,a3c9ef5f,female,Sri Lanka,1,,,,,,,"","",false
J Sainda,697e5758,female,Mozambique,1,,,,,,,"","",false
A Hogg,993d93ec,female,Scotland,1,,,,,,,"","",false
SK Sonpethkar,b06c101a,female,Singapore,1,,,,,,,"","",false
S Khatiwada,7b5250ed,female,Nepal,1,,,,,,,"","",false
SPY Baron,864dba03,female,France,1,,,,,,,"","",false
Jang Jin,422e179e,female,South Korea,1,,,,,,,"","",false
Aarsheya Sharma,e1a1b6c4,female,Singapore,1,,,,,,,"","",false
E Laini,7519a81d,female,Fiji,1,,,,,,,"","",false
K Kearialo,24866286,female,Botswana,1,,,,,,,"","",false
I Siriwardanalage,1ea2e4af,female,Cyprus,1,,,,,,,"","",false
MSR Mudiyanselage,550ec819,female,Cyprus,1,,,,,,,"","",false
Maira Saleem,e3ae1e66,female,Hong Kong,1,,,,,,,"","",false
A Vishwakarma,fe226394,female,Norway,1,,,,,,,"","",false
W Jackson,d45e06ae,male,Malawi,1,,,,,,,"","",false
S Mohan,4fbc6060,male,Philippines,1,,,,,,,"","",false
KM Venkataswamy,34cca64a,male,Czech Republic,1,,,,,,,"","",false
A Trivedi,917f0c3f,male,Luxembourg,1,,,,,,,"","",false
S Pillay,4086c5cb,male,Seychelles,1,,,,,,,"","",false
DA Senthil,8fa4d4af,male,Botswana,1,,,,,,,"","",false
AC Frame,e84cdc31,male,Cyprus,1,,,,,,,"","",false
Adnan Anwar,d0628ad5,male,Malta,1,,,,,,,"","",false
R Lekai,8dc07b00,male,Vanuatu,1,,,,,,,"","",false
K Shnier,6a8050f4,male,Isle of Man,1,,,,,,,"","",false
B Mngomezulu,6bc14137,male,Eswatini,1,,,,,,,"","",false
Qi Shuai,f571c8a1,male,China,1,,,,,,,"","",false
NR Mittal,0e84e0f6,male,Singapore,1,,,,,,,"","",false
DK Raman,7a6a9ae9,male,Denmark,1,,,,,,,"","",false
O Howell,d62811d2,male,Bahamas,1,,,,,,,"","",false
NIAF Paynter,7a805b4c,male,Bermuda,1,,,,,,,"","",false
R Aggarwal,86e612f2,male,Estonia,1,,,,,,,"","",false
Mohamed Roshan,71f436db,male,Gibraltar,1,,,,,,,"","",false
Tejas Baroka,c28e9f12,male,Gujarat Lions,1,,,,,,,"","",false
SS Agarwal,b51f72a5,male,Gujarat Lions,1,,,,,,,"","",false
LI Meriwala,d3611425,male,Delhi Capitals,1,,,,,,,"","",false
C Prathyusha,5f9c8d7a,female,India,1,,,,,,,"","",false
C Isaac,f9258912,female,West Indies,1,,,,,,,"","",false
GLS Scrimshaw,95a06106,male,England,1,,,,,,,"","",false
MG Kariata,b34d91ec,male,Namibia,1,,,,,,,"","",false
MJ Mindley,b88fa6fe,male,West Indies,1,,,,,,,"","",false
Codi Yusuf,f2397e48,male,South Africa,1,,,,,,,"","",false
MMA Jonkman,f8f2ec39,male,Netherlands,1,,,,,,,"","",false
Hawwa Ifasha,63825940,female,Maldives,1,,,,,,,"","",false
Durriya Malik,781ca33a,female,Bahrain,1,,,,,,,"","",false
N Baneti,f121120f,female,South Africa,1,,,,,,,"","",false
Pooja Shah,622cdc98,female,United States of America,1,,,,,,,"","",false
P Chugani,c15f0546,female,Gibraltar,1,,,,,,,"","",false
B Bulganchimeg,053b66e4,female,Mongolia,1,,,,,,,"","",false
JRD Ngana,ffddff25,female,Indonesia,1,,,,,,,"","",false
Habiba Islam,d7dc5c12,female,Bangladesh,1,,,,,,,"","",false
L Ufitinema,4c9f75f2,female,Rwanda,1,,,,,,,"","",false
N Nzayituriki,78681948,female,Rwanda,1,,,,,,,"","",false
M Pugi,4641d20b,female,Estonia,1,,,,,,,"","",false
Alice Davis,18e71a72,female,Guernsey,1,,,,,,,"","",false
F Molsgaard,6b412d9e,female,Denmark,1,,,,,,,"","",false
Simranjit Singh,97e5d4bb,male,Italy,1,,,,,,,"","",false
MR Montfort,518d96de,male,Canada,1,,,,,,,"","",false
T Caruana,ab75eb29,male,Gibraltar,1,,,,,,,"","",false
K Nima,415ed107,male,Bhutan,1,,,,,,,"","",false
K Loday,af76af63,male,Bhutan,1,,,,,,,"","",false
Ahmed Raid,48adc7d3,male,Maldives,1,,,,,,,"","",false
Mohammad Ayaz,c4a60a7b,male,United Arab Emirates,1,,,,,,,"","",false
Shamsudheen Purat,33687b0e,male,Saudi Arabia,1,,,,,,,"","",false
Naiem Bameri,43420e97,male,Iran,1,,,,,,,"","",false
Nader Zahadiafzal,febfa931,male,Iran,1,,,,,,,"","",false
S Mills,86ac0262,male,Isle of Man,1,,,,,,,"","",false
M Goonetilleke,cbc6c352,male,Malta,1,,,,,,,"","",false
Mukesh Singh,c44bf6a2,male,Mexico,1,,,,,,,"","",false
Ignacio Lisboa,eceeb63a,male,Chile,1,,,,,,,"","",false
Muhaddis Muhaddis,32cff598,male,Indonesia,1,,,,,,,"","",false
Adam Khalaf,96ff4de0,male,Maldives,1,,,,,,,"","",false
M Joseph,b18ba97a,male,South Africa,1,,,,,,,"","",false
MA Ntobela,e41c8d4c,male,South Africa,1,,,,,,,"","",false
K Lion-Cachet,aed9ac31,male,South Africa,1,,,,,,,"","",false
J Raubenheimer,3c338b6a,male,South Africa,1,,,,,,,"","",false
YC Latouche,275282d0,male,Costa Rica,1,,,,,,,"","",false
S Clarke,6c6d83ef,male,Isle of Man,1,,,,,,,"","",false
E Katchay,6d25efd7,male,Canada,1,,,,,,,"","",false
Mutaiba Ansar,857e2c79,female,Norway,1,,,,,,,"","",false
S Devata,d5172e9a,female,Sweden,1,,,,,,,"","",false
P Dlamini,048fcf8d,female,Eswatini,1,,,,,,,"","",false
Mahrukh Imtiaz,ed3cee10,female,Canada,1,,,,,,,"","",false
LP Mullapudi,debb1c34,female,United States of America,1,,,,,,,"","",false
S Carrington,9087d74c,female,Barbados,1,,,,,,,"","",false
Y Teki,020f474b,female,United States of America,1,,,,,,,"","",false
S Kunaratnam,911eb7a7,female,Norway,1,,,,,,,"","",false
Hifsa Butt,914d0a6e,female,Spain,1,,,,,,,"","",false
Komalpreet Grewal,c1051042,female,Ghana,1,,,,,,,"","",false
Rhyda Ofori,25e6f0fa,female,Ghana,1,,,,,,,"","",false
Emmanuella Nyaaba,dc04a09c,female,Ghana,1,,,,,,,"","",false
R Kanojiya,6625023d,female,India,1,,,,,,,"","",false
Matilda Fred,58994986,female,Sweden,1,,,,,,,"","",false
A Heidov,a8e70537,female,Estonia,1,,,,,,,"","",false
Y Bist,748a716d,female,Nepal,1,,,,,,,"","",false
Eman Said,80622db4,female,Bahrain,1,,,,,,,"","",false
Mamta Rai,48168634,female,Bhutan,1,,,,,,,"","",false
S Chandnani,d57451d0,female,Qatar,1,,,,,,,"","",false
E Bakiweyem,00c9dcf9,female,Ghana,1,,,,,,,"","",false
T Mosobela,c7183158,female,Lesotho,1,,,,,,,"","",false
NM Vitsou,c243b0a3,female,Greece,1,,,,,,,"","",false
NP Doshi,8cb7d27f,female,United States of America,1,,,,,,,"","",false
Aparna Gurumurthy,be192e93,female,United States of America,1,,,,,,,"","",false
Amber Kainat,d4b579b4,female,Pakistan,1,,,,,,,"","",false
Nur Aliya,5ff025f9,female,Malaysia,1,,,,,,,"","",false
Lyu Yihan,6196a626,female,China,1,,,,,,,"","",false
G Mugwaneza,46804494,female,Rwanda,1,,,,,,,"","",false
E Brock-Nielsen,26683e15,female,Denmark,1,,,,,,,"","",false
Victoria Nikolova,9427c9b8,female,Bulgaria,1,,,,,,,"","",false
Yousuf Ali,a27d06d1,male,Qatar,1,,,,,,,"","",false
Rafaqat Ali,b3f90695,male,Norway,1,,,,,,,"","",false
Sumit Singh,6798b28e,male,Finland,1,,,,,,,"","",false
Mohsin Shabbir,941dfb84,male,Saudi Arabia,1,,,,,,,"","",false
Sumon Khan,a84ccd7d,male,Bangladesh,1,,,,,,,"","",false
K Mtunduwatha,4460c969,male,Malawi,1,,,,,,,"","",false
L Ruane,a9a22964,male,Finland,1,,,,,,,"","",false
KTH Ratnayake,4eb02f2e,male,Sri Lanka,1,,,,,,,"","",false
Oliver Clapham,b445f2fc,male,Guernsey,1,,,,,,,"","",false
BA Sambo,e003888c,male,Mozambique,1,,,,,,,"","",false
LN Saishiv,a5736b73,male,Oman,1,,,,,,,"","",false
A Bhattarai,2c2013a9,male,Nepal,1,,,,,,,"","",false
A Karn,357f5314,male,Nepal,1,,,,,,,"","",false
Saqlain Sajib,f3c150bb,male,Bangladesh,1,,,,,,,"","",false
Mohammad Shahid,c285c86e,male,Bangladesh,1,,,,,,,"","",false
VS Wategaonkar,dd340ef9,male,Oman,1,,,,,,,"","",false
Hafiz Qaleem,f566cd7d,male,United Arab Emirates,1,,,,,,,"","",false
Shivani Singh,7bed7767,female,Gujarat Giants,1,,,,,,,"","",false
N Kranthi Reddy,79c4a798,female,Mumbai Indians,1,,,,,,,"","",false
SR Giri,98d5ebb7,female,UP Warriorz,1,,,,,,,"","",false
C Ganapathy,798934ea,male,Chennai Super Kings,1,,,,,,,"","",false
C Madan,2eeb4370,male,Mumbai Indians,1,,,,,,,"","",false
AA Kazi,16605a1b,male,Royal Challengers Bangalore,1,,,,,,,"","",false
Nasir Javed,474a8333,male,United States of America,1,,,,,,,"","",false
RW Sims,ecaad7d2,male,Zimbabwe,1,,,,,,,"","",false
SV Bahutule,bd35515a,male,India,1,,,,,,,"","",false
ZS Ansari,7b1e20ea,male,England,1,,,,,,,"","",false
Farjana Easmin,8c218e1b,female,Bangladesh,1,,,,,,,"","",false
Anjuman Hira,bb542dcf,female,Austria,1,,,,,,,"","",false
Kyriaki Giannola,91e8e319,female,Greece,1,,,,,,,"","",false
I Komba,25f3c28e,male,Sierra Leone,1,,,,,,,"","",false
Zuber Sunasara,1636356e,male,Saudi Arabia,1,,,,,,,"","",false
AS Hundal,c3c30109,male,Canada,1,,,,,,,"","",false
T Wilson,32100b2d,female,Australia,1,,,,,,yes,derived:keeper_inference_aggregate/v1,0.97,false
F Vermeire,a7ed8026,female,Netherlands,1,,,,,,yes,derived:keeper_inference_aggregate/v1,0.97,false
J Pashley,19d64ed4,female,Netherlands,1,,,,,,,"","",false
L Egging,7ddc223e,female,Netherlands,1,,,,,,,"","",false
Sultana Yesmin,03cb8ee0,female,Bangladesh,1,,,,,,,"","",false
APS Lakshika,3e8008eb,female,Sri Lanka,1,,,,,,,"","",false
SD Heazlett,e00a9155,male,Australia,1,,,,,,,"","",false
L Scott,0ebb3444,male,Australia,1,,,,,,,"","",false
R Appidi,04d6d2e6,male,United States of America,1,,,,,,,"","",false
Meet Patel,2976523f,male,Canada,1,,,,,,,"","",false
Ali Khan,692c7070,male,Canada,1,,,,,,,"","",false
AGR Loudon,ee5aa838,male,England,1,,,,,,,"","",false
S Kemigisha,05026222,female,Uganda,1,,,,,,,"","",false
R Searle,f92ae29a,female,South Africa,1,,,,,,,"","",false
M Methtananda,dea667e5,female,Sri Lanka,1,,,,,,,"","",false
H Ayoka,b40783c8,female,Nigeria,1,,,,,,,"","",false
L Vuadreu,6c724896,female,Fiji,1,,,,,,,"","",false
K Taniguchi,d90b6e8b,female,Japan,1,,,,,,,"","",false
AAIP Bastari,81782f5b,female,Indonesia,1,,,,,,,"","",false
M Anyigo,62fb9336,female,Uganda,1,,,,,,,"","",false
T Konate,e78ed8be,female,Mali,1,,,,,,,"","",false
Y Sangare,656aeb5d,female,Mali,1,,,,,,,"","",false
B Coulibaly,5a58e0fb,female,Mali,1,,,,,,,"","",false
B Frank,040206a2,female,Nigeria,1,,,,,,,"","",false
D Igihozo,770202e9,female,Rwanda,1,,,,,,,"","",false
Shaffaa Saleem,29c87347,female,Maldives,1,,,,,,,"","",false
AL Tiwari,e0df3345,female,Oman,1,,,,,,,"","",false
J Burton,0c430d1e,female,Serbia,1,,,,,,,"","",false
ZM Ishimwe,c53682fb,female,Rwanda,1,,,,,,,"","",false
MAL Torres,0e144696,female,Mexico,1,,,,,,,"","",false
H Currie,36ab1e76,female,Gibraltar,1,,,,,,,"","",false
V Talalelei,8989e980,female,Samoa,1,,,,,,,"","",false
DS Navingo,7b520810,female,Mozambique,1,,,,,,,"","",false
I Smotara,7890aa33,female,Croatia,1,,,,,,,"","",false
L Sheppard,52ed0f6b,female,Gibraltar,1,,,,,,,"","",false
A Gianani,0a340589,female,Gibraltar,1,,,,,,,"","",false
Murtaza Yamin,45b6a7ce,male,Cyprus,1,,,,,,,"","",false
P Byron,20b559ab,male,Seychelles,1,,,,,,,"","",false
B Wentzel,ea1c36cf,male,Guernsey,1,,,,,,,"","",false
BS Sandhu,f6e46de7,male,Slovenia,1,,,,,,,"","",false
D Siva Kumar,06adaa46,male,United States of America,1,,,,,,,"","",false
Saran Maliwan,c7e5cc8f,male,Thailand,1,,,,,,,"","",false
A Mishra,54690147,male,Ghana,1,,,,,,,"","",false
Syed Jawad Haider,26b96e00,male,Norway,1,,,,,,,"","",false
L Basson,fb8389e6,male,Namibia,1,,,,,,,"","",false
P Cummings,4c6a4195,male,Cook Islands,1,,,,,,,"","",false
CG Campbell,62c4b38b,male,Germany,1,,,,,,,"","",false
JJ Griffin,e511fdf7,male,Isle of Man,1,,,,,,,"","",false
B Mngoma,6761bc35,male,Eswatini,1,,,,,,,"","",false
Zhao Zhilong,76e1f6eb,male,China,1,,,,,,,"","",false
Hamza Riaz,f74390c5,male,Bahrain,1,,,,,,,"","",false
Mohamad Junaid Khushi,389d04a6,male,Bahrain,1,,,,,,,"","",false
Munthir Al Balushi,a00a53dd,male,Oman,1,,,,,,,"","",false
K Bevans,3dfbf6f1,male,Belize,1,,,,,,,"","",false
K Xolmuradov,78b18572,male,Uzbekistan,1,,,,,,,"","",false
P Ray Barman,441c72ae,male,Royal Challengers Bangalore,1,,,,,,,"","",false
SK Yadav,40c9df68,female,India,1,,,,,,,"","",false
G Bajwa,790ac2b0,male,Canada,1,,,,,,,"","",false
VAB Tewarie,97b7c5c0,male,Netherlands,1,,,,,,,"","",false
N Ncube,fd4afedb,male,Zimbabwe,1,,,,,,,"","",false
Jamaluddin Ahmed,4dcd505e,male,Bangladesh,1,,,,,,,"","",false
KADM Fernando,4cd3960e,male,Sri Lanka,1,,,,,,,"","",false
Shahriar Hossain,9fa4ff04,male,Bangladesh,1,,,,,,,"","",false
LJ Hamilton,1efd9f52,male,New Zealand,1,,,,,,,"","",false
JL Louw,7e758bb2,male,Namibia,1,,,,,,,"","",false
KO Elliott,99b274c8,female,Barbados,1,,,,,,,"","",false
Dechen Zangmo,43433cec,female,Bhutan,1,,,,,,,"","",false
C Milner,a83bd4c3,female,Guernsey,1,,,,,,,"","",false
J Savage,83544e25,female,Guernsey,1,,,,,,,"","",false
Lavanya Pillai,d3cb9663,female,Qatar,1,,,,,,,"","",false
J Ulrik,ac9c2a35,female,Tanzania,1,,,,,,,"","",false
Cynthia Konadu,b509e186,female,Ghana,1,,,,,,,"","",false
Samanvita Vijay,2e889952,female,Denmark,1,,,,,,,"","",false
BG Armstrong,eca08a1d,female,New Zealand,1,,,,,,,"","",false
D Pearce,b901e93c,female,Jersey,1,,,,,,,"","",false
BIS Elly,1741001e,female,Papua New Guinea,1,,,,,,,"","",false
Amishi Sarkar,479f64f2,female,Oman,1,,,,,,,"","",false
B Shino-Dyson,15ab980a,female,Japan,1,,,,,,,"","",false
Manmeet Kaur,d9e25388,female,Bahrain,1,,,,,,,"","",false
S Coelho,821d2ff6,female,Malta,1,,,,,,,"","",false
Maren Couch,907ddca0,female,Canada,1,,,,,,,"","",false
Kadri Just,8c9a7c92,female,Estonia,1,,,,,,,"","",false
M Kijonkova,706504a4,female,Finland,1,,,,,,,"","",false
N Thailappan,bdf6f65d,male,Bahrain,1,,,,,,,"","",false
G Miller,a877819f,male,Cook Islands,1,,,,,,,"","",false
Soochan Park,3000c67e,male,South Korea,1,,,,,,,"","",false
Syed Tameem,50955fee,male,Qatar,1,,,,,,,"","",false
Afif Khattak,0c160e0d,male,Switzerland,1,,,,,,,"","",false
Ben Jones,f0568f9b,male,Estonia,1,,,,,,,"","",false
M Altankhuyag,657c4b12,male,Mongolia,1,,,,,,,"","",false
DDE Richardson,90a1a14c,male,Bermuda,1,,,,,,,"","",false
Ebrahim Naseri,5ef7b1ba,male,Austria,1,,,,,,,"","",false
HS Bedi,5ef9ebaf,male,Serbia,1,,,,,,,"","",false
T Pullman,d000b421,male,Jersey,1,,,,,,,"","",false
Mihir Patel,18675d8d,male,Canada,1,,,,,,,"","",false
Z Motara,e796c63a,male,West Indies,1,,,,,,,"","",false
JMJ Lynn,70308587,male,Indonesia,1,,,,,,,"","",false
Gaurav Maithani,58ccba69,male,Malta,1,,,,,,,"","",false
V Hettiarachchi,80b544e7,male,Estonia,1,,,,,,,"","",false
YK Abovat,32f58fca,male,Panama,1,,,,,,,"","",false
AK Mandal,defd49f6,male,Nepal,1,,,,,,,"","",false
L Harris,36e2dc83,female,Delhi Capitals,1,,,,,,,"","",false
Deeya Yadav,b26e3ba0,female,Delhi Capitals,1,,,,,,,"","",false
P Prasanth,ddb00822,male,Kochi Tuskers Kerala,1,,,,,,,"","",false
D Lakshan,0a2184d9,male,Sri Lanka,1,,,,,,,"","",false
JN Hamilton,78feb458,male,West Indies,1,,,,,,,"","",false
GJ Snyman,a3ae63f4,male,South Africa,1,,,,,,,"","",false
GA Stuurman,d4d37c31,male,South Africa,1,,,,,,,"","",false
Ahmadschah Ahmadzai,d6055cb9,male,Germany,1,,,,,,,"","",false
M Stoman,27aec396,male,Portugal,1,,,,,,,"","",false
M Manivannan,e5b16284,male,Cayman Islands,1,,,,,,,"","",false
J Pant,6ac4fb9c,male,Luxembourg,1,,,,,,,"","",false
Nelson Jesus Navarrete Aburto,0f1ea8c4,male,Chile,1,,,,,,,"","",false
NP Mayavo,28fcb027,male,Zimbabwe,1,,,,,,,"","",false
G Van Heerden,d0332cfb,male,South Africa,1,,,,,,,"","",false
E Frosler,333cbc00,male,South Africa,1,,,,,,,"","",false
L Ntanzi,5260d30c,male,South Africa,1,,,,,,,"","",false
Junaed Mullah,fc963b23,male,Slovenia,1,,,,,,,"","",false
Ivan Genchev,069d0889,male,Bulgaria,1,,,,,,,"","",false
M Fumba,0ac91300,male,Botswana,1,,,,,,,"","",false
SI de Saram,054bf55d,male,Sri Lanka,1,,,,,,,"","",false
Arsalan Qadir,e66d962d,male,Canada,1,,,,,,,"","",false
Zain Abbas,b3b4dc7d,male,Hong Kong,1,,,,,,,"","",false
Naumanullah,a6c84e0e,male,Pakistan,1,,,,,,,"","",false
NT Pascal,d69c9b12,male,West Indies,1,,,,,,,"","",false
K Whatham,08323d6b,male,Canada,1,,,,,,,"","",false
M May,02fdf3ca,female,Eswatini,1,,,,,,,"","",false
AT Nascimento,fb65aa49,female,Brazil,1,,,,,,,"","",false
R Shah,a5a4b545,female,Qatar,1,,,,,,,"","",false
RM Hill,9353d2fc,female,Jersey,1,,,,,,,"","",false
M Munakata,3d1ee80d,female,Japan,1,,,,,,,"","",false
Zenab Iqbal,4f3b43e2,female,Spain,1,,,,,,,"","",false
C Sanda,164d706e,female,Romania,1,,,,,,,"","",false
MJ Greig,84c422e3,female,New Zealand,1,,,,,,,"","",false
L Jacob,9be95e85,female,Vanuatu,1,,,,,,,"","",false
T Kalosin,f741c79d,female,Vanuatu,1,,,,,,,"","",false
Shilpa Shankar,b0d9d16a,female,Switzerland,1,,,,,,,"","",false
S Slavaston,eeac4d49,female,Romania,1,,,,,,,"","",false
J Oldham,0a47f8c0,female,Canada,1,,,,,,,"","",false
T Seesawan,f9f502c5,female,Thailand,1,,,,,,,"","",false
K Suwanchonrathi,94ca2e62,female,Thailand,1,,,,,,,"","",false
SHA Sheth,2afebf34,female,United Arab Emirates,1,,,,,,,"","",false
Nishka Kataria,1a68a424,female,Norway,1,,,,,,,"","",false
J Wery,7fb528f6,female,Jersey,1,,,,,,,"","",false
R Home,85914eb1,female,Guernsey,1,,,,,,,"","",false
Fatima Zahra,cd4845e9,female,Sweden,1,,,,,,,"","",false
S Delai,00755e00,male,Fiji,1,,,,,,,"","",false
AT Chuvale,deb4469d,male,Mozambique,1,,,,,,,"","",false
Robiul Khan,649278f3,male,Spain,1,,,,,,,"","",false
Mubeen Tariq,5d6e07a5,male,Portugal,1,,,,,,,"","",false
Abu Zar,27f77bd6,male,Sweden,1,,,,,,,"","",false
Noorullah Sidiqi,22b25a18,male,Belgium,1,,,,,,,"","",false
Yadwinder Singh,43b36ccf,male,Hungary,1,,,,,,,"","",false
Ram Krishan,b648094c,male,Estonia,1,,,,,,,"","",false
E Munkhbat,acaf467d,male,Mongolia,1,,,,,,,"","",false
Mubasir Khan,7264b765,male,Pakistan,1,,,,,,,"","",false
AS Nadkarni,d2a6614c,male,United States of America,1,,,,,,,"","",false
J Mikulic,31f46b08,male,Slovenia,1,,,,,,,"","",false
C Simmonds,7459295a,male,Guernsey,1,,,,,,,"","",false
Te Senglong,5981d557,male,Cambodia,1,,,,,,,"","",false
MCE Manalo,00075cb5,male,Philippines,1,,,,,,,"","",false
Shakkir Kassim,2d4d282d,male,Qatar,1,,,,,,,"","",false
Aminul Islam Chowdhury,a2ef4337,male,Cyprus,1,,,,,,,"","",false
Tayyeb Javed,130d9e0d,male,Timor-Leste,1,,,,,,,"","",false
Nauman Anwar,d0540390,male,Pakistan,1,,,,,,,"","",false
RI Ahmed,fa859d3c,male,Netherlands,1,,,,,,,"","",false
CT Bancroft,399b0b94,male,Australia,1,,,,,,,"","",false
Muktar Ali,4a491652,male,Bangladesh,1,,,,,,,"","",false
SS Pawar,2ae1f2a7,female,Royal Challengers Bangalore,1,,,,,,,"","",false
SV Yashasri,712a32d7,female,UP Warriorz,1,,,,,,,"","",false
CR Knott,d7ff1adc,female,UP Warriorz,1,,,,,,,"","",false
MB Parmar,86ae8ef2,male,Kolkata Knight Riders,1,,,,,,,"","",false
RR Bhatkal,7d3720ba,male,Royal Challengers Bangalore,1,,,,,,,"","",false
C Gunasekara,dff2050b,male,Sri Lanka,1,,,,,,,"","",false
SH Lewis,210f4a5d,male,West Indies,1,,,,,,,"","",false
Reon King,20fbf68c,male,West Indies,1,,,,,,,"","",false
CB Lambert,1cb64b3c,male,United States of America,1,,,,,,,"","",false
Faisal Athar,03ce169b,male,Pakistan,1,,,,,,,"","",false
Zeeshan Siddiqi,a91392b4,male,Canada,1,,,,,,,"","",false
Ankur Sharma,aa8aaa45,male,Hong Kong,1,,,,,,,"","",false
R Kaia,e3dd0d8e,male,Zimbabwe,1,,,,,,,"","",false
JM Dibble,6e8b586a,female,England,1,,,,,,,"","",false
Waqas Maqsood,f59b3bd1,male,Pakistan,1,,,,,,,"","",false
Fida Hussain,0f85e75c,male,Italy,1,,,,,,,"","",false
WJR Robertson,e1370b54,male,Jersey,1,,,,,,,"","",false
Anam Mollik,927a5ef5,male,Italy,1,,,,,,,"","",false
Shayan Khan,b7152dc4,male,Estonia,1,,,,,,,"","",false
TM Anker,47fe8c33,male,Cook Islands,1,,,,,,,"","",false
Mohammed Aslam,83b3a4eb,male,Qatar,1,,,,,,,"","",false
S Kruger,1fbc10cd,male,Argentina,1,,,,,,,"","",false
CP Dowle,5d7f4f74,male,Hungary,1,,,,,,,"","",false
Bilal Shah,c7530eeb,male,Oman,1,,,,,,,"","",false
P Dhanuka,16101bef,male,Singapore,1,,,,,,,"","",false
T Cross,12678cc7,male,Estonia,1,,,,,,,"","",false
M Martin,4d9e5ec8,male,Switzerland,1,,,,,,,"","",false
DS Vosloo,71764c46,male,Malta,1,,,,,,,"","",false
GO Sopinho,019e7a95,male,Mozambique,1,,,,,,,"","",false
Amir Shahzad,458c7f03,male,Saudi Arabia,1,,,,,,,"","",false
Aslam Doria,a8c5552f,male,Panama,1,,,,,,,"","",false
BE Johnson,f801d963,male,Guernsey,1,,,,,,,"","",false
S Nerandzic,ed5b3c76,male,Serbia,1,,,,,,,"","",false
IM Farrell,1a417a09,male,Gibraltar,1,,,,,,,"","",false
L Kamarlekar,6024d149,male,Israel,1,,,,,,,"","",false
Maqsood Ahmad,e11bf38a,male,Belgium,1,,,,,,,"","",false
D Mutu,fdd87c7c,male,Turkey,1,,,,,,,"","",false
Osman Khan,158e48d6,male,Austria,1,,,,,,,"","",false
K Penjor,f2957511,male,Bhutan,1,,,,,,,"","",false
JF Bangura,d43f2b7a,male,Sierra Leone,1,,,,,,,"","",false
Ye Ko Ko,73c0e40c,male,Myanmar,1,,,,,,,"","",false
ZJ van Vuuren,c0d59d9c,male,Namibia,1,,,,,,,"","",false
Borna Pejic,269f3186,male,Croatia,1,,,,,,,"","",false
L Croospulle,e30c9b2d,male,Sri Lanka,1,,,,,,,"","",false
Abdul Rauf,7f065618,male,Bahrain,1,,,,,,,"","",false
Faris Al Balushi,cd336877,male,Oman,1,,,,,,,"","",false
S Fowler,78df631a,male,Bahamas,1,,,,,,,"","",false
R Smith,02d59576,male,Belize,1,,,,,,,"","",false
Hafeez Khan,aa45ea62,male,Hong Kong,1,,,,,,,"","",false
R Jeyakumar,2bb515cb,male,Indonesia,1,,,,,,,"","",false
S Midhun,ade90de7,male,Rajasthan Royals,1,,,,,,,"","",false
SD Lad,9601c534,male,Mumbai Indians,1,,,,,,,"","",false
IC Porel,fdf7491e,male,Punjab Kings,1,,,,,,,"","",false
R Sanjay Yadav,33ffc3dd,male,Mumbai Indians,1,,,,,,,"","",false
Mohit Rathee,9a5f2863,male,Punjab Kings,1,,,,,,,"","",false
B Vakarewa,06f988b8,female,Australia,1,,,,,,,"","",false
Kaynat Hafeez,80c1982e,female,Pakistan,1,,,,,,,"","",false
S Daniel,a38e7be7,male,Sri Lanka,1,,,,,,,"","",false
IA Nicolson,c5e68250,male,Zimbabwe,1,,,,,,,"","",false
M Rodan,b641378d,female,Fiji,1,,,,,,,"","",false
A Nyirenda,1c074e93,female,Eswatini,1,,,,,,,"","",false
M Salum,67c83213,female,Tanzania,1,,,,,,,"","",false
SS Prabhu,7d2689c0,female,Oman,1,,,,,,,"","",false
SK Shetty,ab900b23,female,Oman,1,,,,,,,"","",false
Nishma Pereira,e466d85d,female,Bahrain,1,,,,,,,"","",false
S Lourens,ea2fdacc,female,South Africa,1,,,,,,,"","",false
M Paryani,ffc44968,female,Gibraltar,1,,,,,,,"","",false
J Sonia,08c8c151,female,Mozambique,1,,,,,,,"","",false
V Wadini,3062f3dd,female,Czech Republic,1,,,,,,,"","",false
Sneha Shankar,dc6eced9,female,Malta,1,,,,,,,"","",false
A Gavde,c725d464,male,Cayman Islands,1,,,,,,,"","",false
Vinod Kumar,8f77af6b,male,Spain,1,,,,,,,"","",false
Ali Ivan,adb2f841,male,Maldives,1,,,,,,,"","",false
IGTR Kumara,d0111079,male,Maldives,1,,,,,,,"","",false
Adil Butt,598f5484,male,Saudi Arabia,1,,,,,,,"","",false
Masood Jayezeh,fd67025d,male,Iran,1,,,,,,,"","",false
Ali Mohammadipour,b86dd1b0,male,Iran,1,,,,,,,"","",false
Mehran Siasar,fbd96cb6,male,Iran,1,,,,,,,"","",false
Navid Balouch,60afbd75,male,Iran,1,,,,,,,"","",false
Emran Shahbakhsh,49dcf691,male,Iran,1,,,,,,,"","",false
Navid Abdollahpour,452e7e96,male,Iran,1,,,,,,,"","",false
K Subramanian,cf06cb34,male,Singapore,1,,,,,,,"","",false
B Karki,edc2a9c6,male,Nepal,1,,,,,,,"","",false
H Gori,25261429,male,Czech Republic,1,,,,,,,"","",false
S Pokhriyal,073ef5a0,male,Czech Republic,1,,,,,,,"","",false
Hashir Hussain,3befa8e0,male,Norway,1,,,,,,,"","",false
Husnain Kabeer,8787dd53,male,Germany,1,,,,,,,"","",false
Dharmendra Manani,6cd74704,male,Romania,1,,,,,,,"","",false
M Walker,6f79d514,male,Bermuda,1,,,,,,,"","",false
Nurudeen Ibrahim,d0d9790b,male,Ghana,1,,,,,,,"","",false
Jack Inglis,06da3abc,male,Chile,1,,,,,,,"","",false
AR Menon,b94827f0,male,Singapore,1,,,,,,,"","",false
S Sheelan,c8c566df,male,Indonesia,1,,,,,,,"","",false
H Pieterse,fc2ddc2c,male,South Africa,1,,,,,,,"","",false
L Botha,60285d55,male,South Africa,1,,,,,,,"","",false
J Prodehl,45be80ed,male,South Africa,1,,,,,,,"","",false
AQM Yako,3f4456f5,male,South Africa,1,,,,,,,"","",false
Raunaq Kapur,8831b92e,male,Hong Kong,1,,,,,,,"","",false
Adeel Tariq,e56fb33a,male,Austria,1,,,,,,,"","",false
Mofassar Saeed,4f20959c,male,Norway,1,,,,,,,"","",false
Phillipos Nair,29f49ece,male,Greece,1,,,,,,,"","",false
Hussnain Afzal,dd3cfda4,male,France,1,,,,,,,"","",false
D Halloway,17d9cfdb,male,Sierra Leone,1,,,,,,,"","",false
WKD Perkins,1920c721,male,West Indies,1,,,,,,,"","",false
MC Bascombe,f467d746,male,West Indies,1,,,,,,,"","",false
MA Parker,4d0055a0,male,Scotland,1,,,,,,,"","",false
AS Dean,5044f30d,male,Canada,1,,,,,,,"","",false
Sharif Asadullah,ac387889,male,United Arab Emirates,1,,,,,,,"","",false
A Shamshudeen,fc5b1bcc,male,Canada,1,,,,,,,"","",false
AR Pitcher,8ffe3c97,male,Bermuda,1,,,,,,,"","",false
BP Kruger,ed70ac05,male,Netherlands,1,,,,,,,"","",false
S Jadhav,d8c88b14,female,Norway,1,,,,,,,"","",false
C Elmsjoo,c61c241b,female,Sweden,1,,,,,,,"","",false
P Mazuze,81b1a455,female,Mozambique,1,,,,,,,"","",false
MSF Tedjui,1f004e32,female,Cameroon,1,,,,,,,"","",false
M Esquivel,9a14a211,female,Argentina,1,,,,,,,"","",false
L Iglesias,289a1cf1,female,Argentina,1,,,,,,,"","",false
K Gray,c68e5545,female,Canada,1,,,,,,,"","",false
AP Venkata,7d8c58c4,female,Singapore,1,,,,,,,"","",false
M Le Ray,ae9c4c29,female,Guernsey,1,,,,,,,"","",false
G Bradley,7c423f38,female,Hong Kong,1,,,,,,,"","",false
Soung Seav,5e80eb8e,female,Cambodia,1,,,,,,,"","",false
Rozabel Asumadu,7297bacc,female,Ghana,1,,,,,,,"","",false
A las Pinas,f4775d89,female,Malta,1,,,,,,,"","",false
Maryyam Sheikh,4ae530cf,female,Kuwait,1,,,,,,,"","",false
L Enoch,c96b8c25,female,Vanuatu,1,,,,,,,"","",false
Sabah Nawab,a6a22a96,female,Qatar,1,,,,,,,"","",false
CV Fernandes Torres,d1f0c1ce,female,Brazil,1,,,,,,,"","",false
JS Eguid,905bfcc8,female,Philippines,1,,,,,,,"","",false
A Amuzu,0f439829,female,Ghana,1,,,,,,,"","",false
M Mohapi,cbce8ead,female,Lesotho,1,,,,,,,"","",false
S Mongar,2f720f52,female,Bhutan,1,,,,,,,"","",false
Afshan Khan,5dfbb8ae,female,Saudi Arabia,1,,,,,,,"","",false
DG Bassey,b2000607,female,Nigeria,1,,,,,,,"","",false
Jae-Leigh Filander,80c3f223,female,South Africa,1,,,,,,,"","",false
M Mastrangelo,d204a45a,female,Argentina,1,,,,,,,"","",false
Haroon Shahid,cc3ebe28,male,Kuwait,1,,,,,,,"","",false
IS Munir,2851a1fc,male,Uganda,1,,,,,,,"","",false
Hwanhee Lee,709cb7f0,male,South Korea,1,,,,,,,"","",false
Nouman Butt,6d99dc44,male,Norway,1,,,,,,,"","",false
M Montgomery,7671203a,male,Germany,1,,,,,,,"","",false
Baljinder Singh,f957f558,male,Romania,1,,,,,,,"","",false
Karthik Jayaraj,df61f648,male,Cayman Islands,1,,,,,,,"","",false
K Takahashi,039f8170,male,Japan,1,,,,,,,"","",false
TNM Soleh,905c09dd,male,Indonesia,1,,,,,,,"","",false
Sunil,d9a634ef,male,Cayman Islands,1,,,,,,,"","",false
P Karoho,c449944c,male,Papua New Guinea,1,,,,,,,"","",false
Simba Mbaki,5941e35c,male,Tanzania,1,,,,,,,"","",false
Safvan Patel,90839a03,male,Panama,1,,,,,,,"","",false
YK Rai,a3e241da,male,United Arab Emirates,1,,,,,,,"","",false
SAR Hashimi,83f68e06,male,Brazil,1,,,,,,,"","",false
RJ Ranpura,c024db94,male,Oman,1,,,,,,,"","",false
Amjad Gul,87e977df,male,United Arab Emirates,1,,,,,,,"","",false
Komal Zanzad,e43fb0fb,female,Royal Challengers Bangalore,1,,,,,,,"","",false
TN Pathan,00cff9ba,female,Gujarat Giants,1,,,,,,,"","",false
NJ Rimmington,6042bf26,male,Kings XI Punjab,1,,,,,,,"","",false
I Malhotra,943fd425,male,Deccan Chargers,1,,,,,,,"","",false
SS Mundhe,0af3426f,male,Pune Warriors,1,,,,,,,"","",false
Sunny Gupta,ee3dfa89,male,Delhi Daredevils,1,,,,,,,"","",false
X Thalaivan Sargunam,1763bc6c,male,Sunrisers Hyderabad,1,,,,,,,"","",false
SO Dowrich,dc2f959a,male,West Indies,1,,,,,,,"","",false
EJ Richardson,49dfe4a4,male,Ireland,1,,,,,,,"","",false
DL Blake,6cd0b2d8,male,United States of America,1,,,,,,,"","",false
AW Mathieson,c661789d,male,New Zealand,1,,,,,,,"","",false
Zafar Gohar,9fd3a210,male,Pakistan,1,,,,,,,"","",false
Asif Iqbal (1),3ce127f2,male,United Arab Emirates,1,,,,,,,"","",false
I Bogdanovic,3d176273,female,Croatia,1,,,,,,,"","",false
Ilieva Monika,dd68b0f1,female,Bulgaria,1,,,,,,,"","",false
KL Pulford,25654c89,female,New Zealand,1,,,,,,,"","",false
AS Taai,eac03b76,female,South Africa,1,,,,,,,"","",false
M Smook,61a79c07,female,South Africa,1,,,,,,,"","",false
Shukhtara Rahman,20c716e7,female,Bangladesh,1,,,,,,,"","",false
Naila Nazir,9f2aa116,female,Pakistan,1,,,,,,,"","",false
T Phaswana,56c0966b,male,Botswana,1,,,,,,,"","",false
F Pieters,a07c24ea,male,South Korea,1,,,,,,,"","",false
Kalyan Manne,279d1dc1,male,Mexico,1,,,,,,,"","",false
Abhilash Patil,e48f748b,male,Mexico,1,,,,,,,"","",false
BM Dlamini,1d0afa06,male,Eswatini,1,,,,,,,"","",false
AR Perez Rivero,2e563be8,male,Argentina,1,,,,,,,"","",false
Q Utmanzai,5c2f10ed,male,Austria,1,,,,,,,"","",false
E Henry,fd6e215b,male,Turks and Caicos Island,1,,,,,,,"","",false
G Campbell,220d2ac0,male,Turks and Caicos Island,1,,,,,,,"","",false
DOD Rikhi,158d6619,male,United States of America,1,,,,,,,"","",false
Saidat Mbaki,91d279d9,female,Tanzania,1,,,,,,,"","",false
Zubayr Hamza,22feee04,male,South Africa,1,,,,,,,"","",false
ADR Campbell,134ba8ae,male,Zimbabwe,1,,,,,,,"","",false
N Traore,bc923a08,female,Mali,1,,,,,,,"","",false
Gargi Arya,656b696c,female,Germany,1,,,,,,,"","",false
KM Silva,0b9b3eb6,male,Brazil,1,,,,,,,"","",false
A Kone,8595cc08,female,Mali,1,,,,,,,"","",false
KJ Harding,714af18b,male,West Indies,1,,,,,,,"","",false
MN Nawaz,8c82ae9a,male,Sri Lanka,1,,,,,,,"","",false
DA Sasrikayoni,bfb9e4c6,female,Indonesia,1,,,,,,,"","",false
Hamza Nisar,08da9c7a,male,Spain,1,,,,,,,"","",false
AG Baldie,ecf35d58,female,Scotland,1,,,,,,,"","",false
S Kagnassy,f55989ae,female,Mali,1,,,,,,,"","",false
MDJ Walker,37b67a54,male,New Zealand,1,,,,,,,"","",false
KA Jadhav,6c18c062,male,Cameroon,1,,,,,,,"","",false
Mukhtiar Singh,d03efd83,male,Spain,1,,,,,,,"","",false
S Singh,321fcf79,male,Portugal,1,,,,,,,"","",false
Usman Ali,a390cdd7,male,Saudi Arabia,1,,,,,,,"","",false
Yash Talati,f992c8da,male,Kenya,1,,,,,,,"","",false
Shoaib Ali,f0e8d51a,male,Saudi Arabia,1,,,,,,,"","",false
Arshad Mazarzei,8e367d57,male,Iran,1,,,,,,,"","",false
HM Bandara,b88a24ba,female,Romania,1,,,,,,,"","",false
SN Pradhan,cd85eae4,female,India,1,,,,,,,"","",false
T Britton,f91c322b,male,Jersey,1,,,,,,,"","",false
M Beardman,b5a12740,male,Australia,1,,,,,,,"","",false
S Varathappan,2edb4286,male,Kuwait,1,,,,,,,"","",false
L Kumari,9577635c,female,India,1,,,,,,,"","",false
DA Rankin,ab859427,male,Ireland,1,,,,,,,"","",false
M Breban,52a0b3ed,male,Guernsey,1,,,,,,,"","",false
Mohamed Fadiga,b6004a31,male,Mali,1,,,,,,,"","",false
Aswad Khan,596ed7e6,male,Bulgaria,1,,,,,,,"","",false
A Bulow,16f4cc7e,male,Denmark,1,,,,,,,"","",false
Sufyan Yousaf,a591a202,male,Oman,1,,,,,,yes,derived:keeper_inference_aggregate/v1,0.97,false
C Gwilliam-Lopez,af39dcae,male,Spain,1,,,,,,,"","",false
DJ Vilas,087210b1,male,South Africa,1,,,,,,,"","",false
Saud Syed Iqbal Ahmad,c1685e0e,male,Saudi Arabia,1,,,,,,,"","",false
P Ghosh,3f0e3504,male,Malta,1,,,,,,,"","",false
Tanush Kotian,5724e517,male,Rajasthan Royals,1,,,,,,,"","",false
LE Milliken,b41bd968,female,New Zealand,1,,,,,,,"","",false
NJA Smith,020f24d6,male,Philippines,1,,,,,,,"","",false
CK Holder,f7c3d426,male,West Indies,1,,,,,,,"","",false
J Dickinson,0b37840b,male,Scotland,1,,,,,,,"","",false
Sefu Athumani,2df62c48,male,Tanzania,1,,,,,,,"","",false
Tareq Aziz,2a731841,male,Bangladesh,1,,,,,,,"","",false
JM Obando,b24eed5e,male,Costa Rica,1,,,,,,,"","",false
JH Desai,1af1bc4b,male,United States of America,1,,,,,,,"","",false
KL Tucker,f9a87783,male,Bermuda,1,,,,,,,"","",false
V Thari Thari,89187d8b,female,Botswana,1,,,,,,,"","",false
G Ephraim,60cc2fcb,female,Nigeria,1,,,,,,,"","",false
C Anayo,8e91ae82,female,Uganda,1,,,,,,,"","",false
D Vora,a72d5b1a,male,Hong Kong,1,,,,,,,"","",false
Samantha Singham,ee08063a,female,Singapore,1,,,,,,,"","",false
Lee Ra,de92dc24,female,South Korea,1,,,,,,,"","",false
Han Won,6cd9f191,female,South Korea,1,,,,,,,"","",false
R Cisse,be2537e9,female,Mali,1,,,,,,,"","",false
BR Sharath,c2dd89ea,male,Gujarat Titans,1,,,,,,,"","",false
Jason Lui,9206e859,male,Hong Kong,1,,,,,,,"","",false
KS Rathore,e3851766,male,Rajasthan Royals,1,,,,,,,"","",false
RD Penalba,0f4f4f59,female,Philippines,1,,,,,,,"","",false
RS Ghosh,dee07622,male,Chennai Super Kings,1,,,,,,,"","",false
OV Anderson,da984dff,female,South Africa,1,,,,,,,"","",false
GE Kidd,bd48593c,male,Ireland,1,,,,,,,"","",false
Sami Faridi,4c3bd588,male,Canada,1,,,,,,,"","",false
Rizwan Ahmed,81147b00,male,Pakistan,1,,,,,,,"","",false
P Bilimoria,ae5f7cc9,female,Sweden,1,,,,,,,"","",false
S Keshvani,39ef812b,male,Canada,1,,,,,,,"","",false
Ayush Ummat,eb02a5f7,male,Estonia,1,,,,,,,"","",false
C Rice,dbd19fb8,male,Malawi,1,,,,,,,"","",false
K Govind,0371cc19,male,Seychelles,1,,,,,,,"","",false
DLN Kenfack,3e31cd4c,female,Cameroon,1,,,,,,,"","",false
Syed Hussain,3ff4f76c,male,Cyprus,1,,,,,,,"","",false
S Guambe,da06703a,female,Mozambique,1,,,,,,,"","",false
Ali Abdulla Popalzae,818aef9a,male,Greece,1,,,,,,,"","",false
M Coulibaly,e9440fb5,female,Mali,1,,,,,,,"","",false
R Tanna,ae8ee4cc,male,Estonia,1,,,,,,,"","",false
S Kommula,cd99468d,male,Costa Rica,1,,,,,,,"","",false
Santosh Yadav,ef342bdb,male,Nepal,1,,,,,,,"","",false
S Malikzai,8ed6b6f1,male,Germany,1,,,,,,,"","",false
E Franco,ddac8821,female,Mexico,1,,,,,,,"","",false
S Panguluri,e3f77d5d,male,Switzerland,1,,,,,,,"","",false
A Williams,f1733e13,female,Barbados,1,,,,,,,"","",false
Tian Senqun,60544e2b,male,China,1,,,,,,,"","",false
Amari Ebbin,140ac7ad,male,Bermuda,1,,,,,,,"","",false
L Mcfadzean,9b95bb87,male,Belize,1,,,,,,,"","",false
Zain Amir,25f430aa,male,Uzbekistan,1,,,,,,,"","",false
Z Marosy,e1ddd62d,male,Hungary,1,,,,,,,"","",false
PHT Kaushal,ef6aea67,male,Sri Lanka,1,,,,,,,"","",false
P Dharmani,eaa90ab4,male,Kings XI Punjab,1,,,,,,,"","",false
A Tomar,aa5d8c9e,male,Kolkata Knight Riders,1,,,,,,,"","",false
RV Pawar,c9d33ef5,male,Mumbai Indians,1,,,,,,,"","",false
Gershon Yusuf,ee7abb32,male,Nigeria,1,,,,,,,"","",false
N Nankov,5ce3fe3f,male,Bulgaria,1,,,,,,,"","",false
JS Jesani,68be5567,male,Kenya,1,,,,,,,"","",false
Adhitya Shetty,94759472,male,United Arab Emirates,1,,,,,,,"","",false
Z Tomlinson,f50c35d2,male,Bermuda,1,,,,,,yes,derived:keeper_inference_aggregate/v1,0.97,false
MWA van Nierop,a3b936c8,male,Netherlands,1,,,,,,,"","",false
M Mpongwana,547c5509,male,South Africa,1,,,,,,,"","",false
EI Azine,c3de315d,male,Mozambique,1,,,,,,,"","",false
T Talemaitoga,c49375c1,female,Fiji,1,,,,,,,"","",false
SS Sawh,400388a8,female,West Indies,1,,,,,,,"","",false
HM Watson,0891ca09,female,New Zealand,1,,,,,,,"","",false
N Kruger,12f6b3bd,male,Netherlands,1,,,,,,,"","",false
L Thobela,ef3aeb35,female,Eswatini,1,,,,,,,"","",false
Chetan Kumar Ahir,3c582768,male,Panama,1,,,,,,,"","",false
R Sutton,213fc28c,female,Hong Kong,1,,,,,,,"","",false
Mushtaq Ahmed,0d08cbcb,male,Pakistan,1,,,,,,,"","",false
Kanchan Shrestha,329a8411,female,Nepal,1,,,,,,,"","",false
K Tari,a65593c6,male,Vanuatu,1,,,,,,,"","",false
Muhammad Naeem,e2f7d34b,male,Saudi Arabia,1,,,,,,,"","",false
DK Dahani,957819df,male,Iran,1,,,,,,,"","",false
Yousef Shadzehisarjou,30ac4e69,male,Iran,1,,,,,,,"","",false
AR Bawne,afe3355a,male,Delhi Daredevils,1,,,,,,,"","",false
N Robeson,00cc480b,female,Gibraltar,1,,,,,,,"","",false
Zara Haider,fc551432,female,Hong Kong,1,,,,,,,"","",false
F Tiuga,3258fdcf,female,Samoa,1,,,,,,,"","",false
Shohidul Islam,607ed7c2,male,Bangladesh,1,,,,,,,"","",false
N Tanwar,40d37689,female,India,1,,,,,,,"","",false
J Edwards,f787e0eb,male,Australia,1,,,,,,,"","",false
L Tryb,272b0f17,female,Gibraltar,1,,,,,,,"","",false
KO Altamirano,d5f4f4e4,male,Costa Rica,1,,,,,,,"","",false
Benjamin Constanzo,35cfc769,male,Chile,1,,,,,,,"","",false
S Srikanth,dc9135c6,male,Singapore,1,,,,,,,"","",false
J Evans,80f6c181,female,South Africa,1,,,,,,,"","",false
GR Napier,611926bc,male,Mumbai Indians,1,,,,,,,"","",false
Khawar Zafar,c7cf22bf,male,Saudi Arabia,1,,,,,,,"","",false
Amna Jamal,1f06e3d5,female,Singapore,1,,,,,,,"","",false
S Rengarajan,d4aa6a65,male,Czech Republic,1,,,,,,,"","",false
PP Bala,d971f8ea,female,Mumbai Indians,1,,,,,,yes,derived:keeper_inference_aggregate/v1,0.97,false
MS Kanchingwe,0dbec211,female,Zimbabwe,1,,,,,,,"","",false
Akash Waduwalage,dc9fc03a,male,Luxembourg,1,,,,,,,"","",false
SK Burke,2874f960,female,New Zealand,1,,,,,,,"","",false
RL McCrossan,fc1348bf,female,Scotland,1,,,,,,,"","",false
JN Snape,44321a66,male,England,1,,,,,,,"","",false
K Blair,f3f445dd,female,South Africa,1,,,,,,,"","",false
MF Fahey,d0835ec4,female,New Zealand,1,,,,,,,"","",false
HM Tiffen,03b09a26,female,New Zealand,1,,,,,,,"","",false
RJ Rolls,aed06cc1,female,New Zealand,1,,,,,,,"","",false
GK Davis,54719239,female,England,1,,,,,,,"","",false
EM Sampson,2954c820,female,Australia,1,,,,,,,"","",false
IIR Bhana,390721b3,male,Panama,1,,,,,,,"","",false
S Devasia,fb52a279,male,Ghana,1,,,,,,,"","",false
CM Beggs,e412b9a7,female,Ireland,1,,,,,,,"","",false
NJ Coffey,cbac178f,female,Ireland,1,,,,,,,"","",false
GA Guy,daf548d0,female,New Zealand,1,,,,,,,"","",false
R Goyal,266849c1,male,Mumbai Indians,1,,,,,,,"","",false
C Atkins,81271b06,female,United States of America,1,,,,,,,"","",false
JK Masara,e5542f57,male,Zimbabwe,1,,,,,,,"","",false
JPR Lamsam,cb5211dc,male,Hong Kong,1,,,,,,,"","",false
T Vijay,51ec3919,male,Delhi Capitals,1,,,,,,,"","",false
M Samake,7dd6e13d,female,Mali,1,,,,,,,"","",false
RA Shaikh,7c390b03,male,Mumbai Indians,1,,,,,,,"","",false
Joseph Angara,744b6ab0,male,Kenya,1,,,,,,,"","",false
ACL Richards,a3d329d7,male,West Indies,1,,,,,,,"","",false
KP Walmsley,91bbd893,male,New Zealand,1,,,,,,,"","",false
T Zilfidou,112fa94c,female,Sweden,1,,,,,,,"","",false
Aneeta Santhosh,2031e9c8,female,Malta,1,,,,,,,"","",false
LK Sharma,7143efc1,male,Mexico,1,,,,,,,"","",false
Dayyaan Galiem,47c449c5,male,South Africa,1,,,,,,,"","",false
Rasheed Rassam,bde62f47,male,Maldives,1,,,,,,,"","",false
Martina Quinn,de18edc1,female,Argentina,1,,,,,,,"","",false
M Juma,d5f3e608,female,Kenya,1,,,,,,,"","",false
Rohit Limbu,6b429231,male,Bhutan,1,,,,,,,"","",false
Subashis Roy,a3a078ba,male,Bangladesh,1,,,,,,,"","",false
Yukthi Suresh,4b437302,female,Germany,1,,,,,,,"","",false
Ravi Singh,548516a6,male,Rajasthan Royals,1,,,,,,,"","",false
J Kaur,5a648ddc,female,Hong Kong,1,,,,,,,"","",false
TW Hamid,330c8351,female,Indonesia,1,,,,,,,"","",false
D Tresac,6d9aa10a,male,Serbia,1,,,,,,,"","",false
V Kaverappa,d4d929b0,male,Punjab Kings,1,,,,,,,"","",false
AG Puttick,637b6fbd,male,South Africa,1,,,,,,,"","",false
DJ Mokoatsela,559856d5,female,Lesotho,1,,,,,,,"","",false
MS Kibwana,1eae8683,male,Tanzania,1,,,,,,,"","",false
TJ Bishop,c68554a6,male,West Indies,1,,,,,,,"","",false
Jalaj S Saxena,249abedf,male,Punjab Kings,1,,,,,,,"","",false
ADJ Pitcher,9d65b06f,male,Bermuda,1,,,,,,,"","",false
FEM Van Arkel,58fa6387,female,Netherlands,1,,,,,,,"","",false
P Nakitende,5cb61188,female,Uganda,1,,,,,,,"","",false
Imran Haider,1b8242f2,male,Romania,1,,,,,,,"","",false
Noncedo Simelane,1e1cd41d,female,Eswatini,1,,,,,,,"","",false
Sajedul Islam,0443414a,male,Bangladesh,1,,,,,,,"","",false
A Paramythioti,e0d09a51,female,Greece,1,,,,,,,"","",false
Alawi Shukri,c968b533,male,United Arab Emirates,1,,,,,,,"","",false
H Virdee,38952986,male,Luxembourg,1,,,,,,,"","",false
S Dhamala,e95cd1f5,male,Nepal,1,,,,,,,"","",false
N Mourikis,17bd7d33,male,Greece,1,,,,,,,"","",false
J Neill,8bb34d86,male,Ireland,1,,,,,,,"","",false
M Kaur,91987042,female,Hong Kong,1,,,,,,,"","",false
Mayank Rawat,2b801189,male,Mumbai Indians,1,,,,,,,"","",false
Snir Massil,7e58386e,male,Israel,1,,,,,,,"","",false
Divyes Kumar,ee407966,male,Malta,1,,,,,,,"","",false
AG D'Costa,65d3908c,female,Kuwait,1,,,,,,,"","",false
Azin Rafeeg,050bdc77,male,Maldives,1,,,,,,,"","",false
JR Loughran,ce3662d2,female,Ireland,1,,,,,,,"","",false
A Dastgir,4cc200ec,female,Norway,1,,,,,,,"","",false
RK Kaibunga,b392e6f1,female,Kenya,1,,,,,,,"","",false
C Kauripeke,277d2704,female,Namibia,1,,,,,,,"","",false
A van Schoor,06209a4c,female,Namibia,1,,,,,,,"","",false
R Dhami,a3e15c32,female,Nepal,1,,,,,,,"","",false
KH Devdhar,62e07f92,male,Deccan Chargers,1,,,,,,yes,derived:keeper_inference_aggregate/v1,0.97,false
JC Carroll,b4ba7a92,female,Ireland,1,,,,,,,"","",false
N Godage,5a4450ae,female,Cyprus,1,,,,,,,"","",false
T Langa,ffb59fe6,male,Vanuatu,1,,,,,,,"","",false
JA Whelan,adf208e5,female,Ireland,1,,,,,,,"","",false
RT Crandon,0557a636,male,West Indies,1,,,,,,,"","",false
W Kevin,fc84a459,female,Tanzania,1,,,,,,,"","",false
NAM McLean,174369f2,male,West Indies,1,,,,,,,"","",false
HE Whelan,96786fb6,female,Ireland,1,,,,,,,"","",false
N Fernandes,efa04f87,male,United Arab Emirates,1,,,,,,,"","",false
RSK Samson,2999e5b3,male,Vanuatu,1,,,,,,,"","",false
NH Naureen,ecbd4377,male,Spain,1,,,,,,,"","",false
Marsya Qistina Binti,01502fff,female,Malaysia,1,,,,,,,"","",false
Marija Mratinkovic,bda6b4fc,female,Serbia,1,,,,,,,"","",false
RA Rolfe,8cdf2905,female,Ireland,1,,,,,,,"","",false
RR Bose,21ac077a,male,Kings XI Punjab,1,,,,,,,"","",false
RR Ramdass,85caa37f,male,West Indies,1,,,,,,,"","",false
CL Fitzpatrick,5fd92ea2,female,Australia,1,,,,,,,"","",false
SS Upadhyay,c1f558ae,female,India,1,,,,,,,"","",false
E Gare,b3cd0cf9,female,Botswana,1,,,,,,,"","",false
K Damane,5f8d4a63,female,Lesotho,1,,,,,,,"","",false
A Sangare,c6d92330,female,Mali,1,,,,,,,"","",false
LJ Robertson,79108658,male,Scotland,1,,,,,,,"","",false
T Katunga,3b1816bf,female,Malawi,1,,,,,,,"","",false
M Kagoya,7f1c495f,female,Uganda,1,,,,,,,"","",false
V Nehoume,24bc8d75,female,France,1,,,,,,,"","",false
Salman Faris,9911ecbb,male,United Arab Emirates,1,,,,,,,"","",false
M Shezi,016e5101,male,South Africa,1,,,,,,,"","",false
T Bukenya,b5e7d375,male,Uganda,1,,,,,,,"","",false
P Chakraborty,2053da82,female,Bangladesh,1,,,,,,,"","",false
B Jaye,063d0e83,male,Gambia,1,,,,,,,"","",false
Qalandar Khan,7fa79e6a,male,Qatar,1,,,,,,,"","",false
Musheer Khan,d621b427,male,Punjab Kings,1,,,,,,,"","",false
Muhammad Zaghlool,b8f1cda4,male,Belize,1,,,,,,,"","",false
TE Tucker,0cc2c8b6,male,Bermuda,1,,,,,,,"","",false
Karim Janat,62175638,male,Gujarat Titans,1,,,,,,,"","",false
AM Samaroo,9e6823e7,female,West Indies,1,,,,,,,"","",false
Muhammad Asjed,02d0c9ae,male,Spain,1,,,,,,,"","",false
SMHH Aung,0544b8a9,male,Myanmar,1,,,,,,,"","",false
Constanza Vergara,e712a65b,female,Chile,1,,,,,,,"","",false
Mansoor Malangzai,6e84e207,male,Belgium,1,,,,,,,"","",false
Shivam Singh,e1d9ae9c,male,Punjab Kings,1,,,,,,,"","",false
P Gopalkrishnan,872d51a6,male,Qatar,1,,,,,,,"","",false
Abdul Basith,cc777ffa,male,Rajasthan Royals,1,,,,,,,"","",false
MT Herbert,4b3760d9,female,Ireland,1,,,,,,,"","",false
TS Roland-Jones,6c6aca89,male,England,1,,,,,,,"","",false
Jeon Myeong,68b9e5ea,female,South Korea,1,,,,,,,"","",false
Y Punja,e855edaa,male,United Arab Emirates,1,,,,,,,"","",false
Saif Ullah Malik,7e6825be,male,Malaysia,1,,,,,,,"","",false
RO Hussain,8a15b50b,male,Scotland,1,,,,,,,"","",false
S Campbell,c6b09326,female,Australia,1,,,,,,,"","",false
A Shanmuganathan,2fe631d6,female,Finland,1,,,,,,,"","",false
Monu Kumar,fb24e76c,male,Chennai Super Kings,1,,,,,,,"","",false
Aman Ali,5147ad5b,male,United Arab Emirates,1,,,,,,,"","",false
M Landsman,eaa5cb7c,female,Netherlands,1,,,,,,,"","",false
MJ Bulow,02923e7a,female,Australia,1,,,,,,,"","",false
O Sow,987ef472,female,Mali,1,,,,,,,"","",false
Nisha Kulkarni,b5c17e00,female,Estonia,1,,,,,,,"","",false
M Mehta,5a8f16fc,female,India,1,,,,,,,"","",false
Oliver Rowe,24076663,male,Argentina,1,,,,,,,"","",false
Bashir Ahmad,ffafcfce,male,Switzerland,1,,,,,,,"","",false
V Moulinou,9c6ca40d,female,Greece,1,,,,,,,"","",false
Sediqullah Atal,3c28853f,male,Delhi Capitals,1,,,,,,,"","",false
