player,cricsheet_id,gender,teams,matches,batting_hand,bowling_hand,bowling_style,bowling_family,role,wicketkeeper_status,metadata_source,confidence,manual_override
O Junipergrove,syn00121,male,Stonebridge Wolves,1164,right,right,Right-arm medium,pace,batter,,synthetic_fixture:synthetic_external_metadata/v1 | synthetic_fixture:synthetic_external_metadata/v1 | derived:role_from_usage/v1,0.99 | 0.99 | 0.95,false
O Ashwood,syn00128,male,Stonebridge Wolves,1139,left,left,Left-arm fast,pace,all-rounder,,synthetic_fixture:synthetic_external_metadata/v1 | synthetic_fixture:synthetic_external_metadata/v1 | derived:role_from_usage/v1,0.99 | 0.99 | 0.95,false
Z Glenby,syn00120,male,Stonebridge Wolves,1132,right,,,,batter,,synthetic_fixture:synthetic_external_metadata/v1 | derived:role_from_usage/v1,0.99 | 0.95,false
Q Kingstoke,syn00090,male,Highcliff Rams,1129,right,,,,batter,,synthetic_fixture:synthetic_external_metadata/v1 | derived:role_from_usage/v1,0.99 | 0.95,false
R Northmoor,syn00087,male,Highcliff Rams,1125,left,,,,batter,,synthetic_fixture:synthetic_external_metadata/v1 | derived:role_from_usage/v1,0.99 | 0.95,false
L Quarrcombe,syn00125,male,Stonebridge Wolves,1124,right,,,,batter,,synthetic_fixture:synthetic_external_metadata/v1 | derived:role_from_usage/v1,0.99 | 0.95,false
B Farrowholt,syn00020,male,Eastvale Kites,1123,,,,,batter,,derived:role_from_usage/v1,0.95,false
T Lowenford,syn00095,male,Highcliff Rams,1117,right,left,Left-arm wrist-spin,spin,all-rounder,,synthetic_fixture:synthetic_external_metadata/v1 | synthetic_fixture:synthetic_external_metadata/v1 | derived:role_from_usage/v1,0.99 | 0.99 | 0.95,false
R Coldcombe,syn00124,male,Stonebridge Wolves,1114,,,,,batter,,derived:role_from_usage/v1,0.95,false
B Foxford,syn00104,male,Lakeside Falcons,1110,right,,,,batter,,synthetic_fixture:synthetic_external_metadata/v1 | derived:role_from_usage/v1,0.99 | 0.95,false
B Amberaway,syn00022,male,Eastvale Kites,1110,left,,,,batter,,synthetic_fixture:synthetic_external_metadata/v1 | derived:role_from_usage/v1,0.99 | 0.95,false
J Merrivan,syn00038,male,Westmoor Lancers,1109,,,,,batter,,derived:role_from_usage/v1,0.95,false
M Ironwell,syn00010,male,Northshire Comets,1107,left,right,Right-arm fast,pace,all-rounder,,synthetic_fixture:synthetic_external_metadata/v1 | synthetic_fixture:synthetic_external_metadata/v1 | derived:role_from_usage/v1,0.99 | 0.99 | 0.95,false
T Dungrove,syn00044,male,Westmoor Lancers,1104,right,right,Right-arm fast,pace,all-rounder,,synthetic_fixture:synthetic_external_metadata/v1 | synthetic_fixture:synthetic_external_metadata/v1 | derived:role_from_usage/v1,0.99 | 0.99 | 0.95,false
U Yarrowton,syn00051,male,Westmoor Lancers,1100,left,left,Left-arm fast-medium,pace,bowler,,synthetic_fixture:synthetic_external_metadata/v1 | synthetic_fixture:synthetic_external_metadata/v1 | derived:role_from_usage/v1,0.99 | 0.99 | 0.95,false
W Northcourt,syn00040,male,Westmoor Lancers,1100,left,,,,batter,,synthetic_fixture:synthetic_external_metadata/v1 | derived:role_from_usage/v1,0.99 | 0.95,false
M Foxmoor,syn00060,male,Southbay Herons,1099,left,left,Left-arm orthodox,spin,all-rounder,,synthetic_fixture:synthetic_external_metadata/v1 | synthetic_fixture:synthetic_external_metadata/v1 | derived:role_from_usage/v1,0.99 | 0.99 | 0.95,false
P Elderfield,syn00115,male,Lakeside Falcons,1098,,,,,bowler,,derived:role_from_usage/v1,0.95,false
W Wexmoor,syn00094,male,Highcliff Rams,1095,left,right,Right-arm fast,pace,all-rounder,,synthetic_fixture:synthetic_external_metadata/v1 | synthetic_fixture:synthetic_external_metadata/v1 | derived:role_from_usage/v1,0.99 | 0.99 | 0.95,false
X Ravenwood,syn00116,male,Lakeside Falcons,1095,right,right,Right-arm medium,pace,bowler,,synthetic_fixture:synthetic_external_metadata/v1 | synthetic_fixture:synthetic_external_metadata/v1 | derived:role_from_usage/v1,0.99 | 0.99 | 0.95,false
A Brackton,syn00034,male,Eastvale Kites,1094,right,left,Left-arm orthodox,spin,bowler,,synthetic_fixture:synthetic_external_metadata/v1 | synthetic_fixture:synthetic_external_metadata/v1 | derived:role_from_usage/v1,0.99 | 0.99 | 0.95,false
J Juniperstoke,syn00012,male,Northshire Comets,1094,left,right,Leg-spin,spin,bowler,,synthetic_fixture:synthetic_external_metadata/v1 | synthetic_fixture:synthetic_external_metadata/v1 | derived:role_from_usage/v1,0.99 | 0.99 | 0.95,false
X Elderwood,syn00106,male,Lakeside Falcons,1094,right,,,,batter,,synthetic_fixture:synthetic_external_metadata/v1 | derived:role_from_usage/v1,0.99 | 0.95,false
P Draywood,syn00063,male,Southbay Herons,1092,left,left,Left-arm wrist-spin,spin,bowler,,synthetic_fixture:synthetic_external_metadata/v1 | synthetic_fixture:synthetic_external_metadata/v1 | derived:role_from_usage/v1,0.99 | 0.99 | 0.95,false
D Birchwood,syn00055,male,Southbay Herons,1091,right,,,,batter,,synthetic_fixture:synthetic_external_metadata/v1 | derived:role_from_usage/v1,0.99 | 0.95,false
O Birchhart,syn00079,male,Riverton Owls,1088,,,,,all-rounder,,derived:role_from_usage/v1,0.95,false
R Foxfield,syn00086,male,Highcliff Rams,1088,left,left,Left-arm fast-medium,pace,batter,,synthetic_fixture:synthetic_external_metadata/v1 | synthetic_fixture:synthetic_external_metadata/v1 | derived:role_from_usage/v1,0.99 | 0.99 | 0.95,false
C Ravenwind,syn00033,male,Eastvale Kites,1088,left,right,Off-spin,spin,bowler,,synthetic_fixture:synthetic_external_metadata/v1 | synthetic_fixture:synthetic_external_metadata/v1 | derived:role_from_usage/v1,0.99 | 0.99 | 0.95,false
R Wexstoke,syn00016,male,Northshire Comets,1085,,,,,bowler,,derived:role_from_usage/v1,0.95,false
B Wexmere,syn00082,male,Riverton Owls,1084,,,,,bowler,,derived:role_from_usage/v1,0.95,false
K Coldbank,syn00073,male,Riverton Owls,1083,left,,,,batter,,synthetic_fixture:synthetic_external_metadata/v1 | derived:role_from_usage/v1,0.99 | 0.95,false
B Drayridge,syn00080,male,Riverton Owls,1083,right,left,Left-arm fast,pace,bowler,,synthetic_fixture:synthetic_external_metadata/v1 | synthetic_fixture:synthetic_external_metadata/v1 | derived:role_from_usage/v1,0.99 | 0.99 | 0.95,false
F Valebank,syn00005,male,Northshire Comets,1082,right,,,,batter,,synthetic_fixture:synthetic_external_metadata/v1 | derived:role_from_usage/v1,0.99 | 0.95,false
U Ravenmoor,syn00036,male,Westmoor Lancers,1081,right,,,,batter,,synthetic_fixture:synthetic_external_metadata/v1 | derived:role_from_usage/v1,0.99 | 0.95,false
T Stormhart,syn00030,male,Eastvale Kites,1081,left,left,Left-arm wrist-spin,spin,bowler,,synthetic_fixture:synthetic_external_metadata/v1 | synthetic_fixture:synthetic_external_metadata/v1 | derived:role_from_usage/v1,0.99 | 0.99 | 0.95,false
W Juniperwood,syn00113,male,Lakeside Falcons,1079,right,right,Off-spin,spin,all-rounder,,synthetic_fixture:synthetic_external_metadata/v1 | synthetic_fixture:synthetic_external_metadata/v1 | derived:role_from_usage/v1,0.99 | 0.99 | 0.95,false
U Ashmere,syn00074,male,Riverton Owls,1069,left,right,Off-spin,spin,batter,,synthetic_fixture:synthetic_external_metadata/v1 | synthetic_fixture:synthetic_external_metadata/v1 | derived:role_from_usage/v1,0.99 | 0.99 | 0.95,false
L Yarrowmere,syn00066,male,Southbay Herons,1064,left,right,Right-arm medium,pace,bowler,,synthetic_fixture:synthetic_external_metadata/v1 | synthetic_fixture:synthetic_external_metadata/v1 | derived:role_from_usage/v1,0.99 | 0.99 | 0.95,false
P Greyley,syn00240,male,Avalor,1054,right,,,,batter,,synthetic_fixture:synthetic_external_metadata/v1 | derived:role_from_usage/v1,0.99 | 0.95,false
J Elderwick,syn00243,male,Avalor,1050,right,,,,batter,,synthetic_fixture:synthetic_external_metadata/v1 | derived:role_from_usage/v1,0.99 | 0.95,false
N Corrwell,syn00049,male,Westmoor Lancers,1046,left,left,Left-arm fast-medium,pace,bowler,,synthetic_fixture:synthetic_external_metadata/v1 | synthetic_fixture:synthetic_external_metadata/v1 | derived:role_from_usage/v1,0.99 | 0.99 | 0.95,false
L Valefield,syn00310,male,Estrova,1044,left,,,,batter,,synthetic_fixture:synthetic_external_metadata/v1 | derived:role_from_usage/v1,0.99 | 0.95,false
D Oakfield,syn00250,male,Avalor,1040,right,right,Leg-spin,spin,bowler,,synthetic_fixture:synthetic_external_metadata/v1 | synthetic_fixture:synthetic_external_metadata/v1 | derived:role_from_usage/v1,0.99 | 0.99 | 0.95,false
J Emberwood,syn00315,male,Estrova,1038,right,right,Right-arm fast,pace,all-rounder,,synthetic_fixture:synthetic_external_metadata/v1 | synthetic_fixture:synthetic_external_metadata/v1 | derived:role_from_usage/v1,0.99 | 0.99 | 0.95,false
C Harrowcombe,syn00260,male,Brenmark,1038,right,,,,batter,,synthetic_fixture:synthetic_external_metadata/v1 | derived:role_from_usage/v1,0.99 | 0.95,false
M Dunton,syn00319,male,Estrova,1037,right,right,Leg-spin,spin,bowler,,synthetic_fixture:synthetic_external_metadata/v1 | synthetic_fixture:synthetic_external_metadata/v1 | derived:role_from_usage/v1,0.99 | 0.99 | 0.95,false
K Stormmoor,syn00458,male,Stonebridge Wolves,1035,,,,,bowler,,derived:role_from_usage/v1,0.95,false
H Thistleaway,syn00294,male,Dunmere,1034,,,,,batter,,derived:role_from_usage/v1,0.95,false
O Inchcombe,syn00329,male,Fenmarch,1033,left,,,,batter,,synthetic_fixture:synthetic_external_metadata/v1 | derived:role_from_usage/v1,0.99 | 0.95,false
X Stormby,syn00308,male,Estrova,1029,left,,,,batter,,synthetic_fixture:synthetic_external_metadata/v1 | derived:role_from_usage/v1,0.99 | 0.95,false
L Drayson,syn00251,male,Avalor,1026,,,,,bowler,,derived:role_from_usage/v1,0.95,false
O Larkmoor,syn00256,male,Brenmark,1024,right,right,Right-arm fast-medium,pace,batter,,synthetic_fixture:synthetic_external_metadata/v1 | synthetic_fixture:synthetic_external_metadata/v1 | derived:role_from_usage/v1,0.99 | 0.99 | 0.95,false
M Draystoke,syn00339,male,Fenmarch,1022,,,,,bowler,,derived:role_from_usage/v1,0.95,false
B Stormcombe,syn00446,male,Eastvale Kites,1022,right,right,Right-arm fast-medium,pace,all-rounder,,synthetic_fixture:synthetic_external_metadata/v1 | synthetic_fixture:synthetic_external_metadata/v1 | derived:role_from_usage/v1,0.99 | 0.99 | 0.95,false
B Pellholt,syn00295,male,Dunmere,1019,right,,,,batter,,synthetic_fixture:synthetic_external_metadata/v1 | derived:role_from_usage/v1,0.99 | 0.95,false
K Northfield,syn00270,male,Brenmark,1019,right,right,Right-arm medium,pace,bowler,,synthetic_fixture:synthetic_external_metadata/v1 | synthetic_fixture:synthetic_external_metadata/v1 | derived:role_from_usage/v1,0.99 | 0.99 | 0.95,false
U Oakaway,syn00253,male,Avalor,1018,left,left,Left-arm wrist-spin,spin,bowler,,synthetic_fixture:synthetic_external_metadata/v1 | synthetic_fixture:synthetic_external_metadata/v1 | derived:role_from_usage/v1,0.99 | 0.99 | 0.95,false
Q Northstoke,syn00247,male,Avalor,1018,left,right,Right-arm medium,pace,all-rounder,,synthetic_fixture:synthetic_external_metadata/v1 | synthetic_fixture:synthetic_external_metadata/v1 | derived:role_from_usage/v1,0.99 | 0.99 | 0.95,false
R Yarrowstoke,syn00266,male,Brenmark,1017,left,right,Leg-spin,spin,all-rounder,,synthetic_fixture:synthetic_external_metadata/v1 | synthetic_fixture:synthetic_external_metadata/v1 | derived:role_from_usage/v1,0.99 | 0.99 | 0.95,false
I Harrowley,syn00239,male,Avalor,1017,right,,,,batter,,synthetic_fixture:synthetic_external_metadata/v1 | derived:role_from_usage/v1,0.99 | 0.95,false
W Yarrowby,syn00249,male,Avalor,1016,right,right,Off-spin,spin,all-rounder,,synthetic_fixture:synthetic_external_metadata/v1 | synthetic_fixture:synthetic_external_metadata/v1 | derived:role_from_usage/v1,0.99 | 0.99 | 0.95,false
Z Inchley,syn00323,male,Estrova,1015,right,left,Left-arm fast,pace,bowler,,synthetic_fixture:synthetic_external_metadata/v1 | synthetic_fixture:synthetic_external_metadata/v1 | derived:role_from_usage/v1,0.99 | 0.99 | 0.95,false
M Farrowhart,syn00269,male,Brenmark,1014,,,,,bowler,,derived:role_from_usage/v1,0.95,false
V Valecombe,syn00320,male,Estrova,1014,right,left,Left-arm fast,pace,bowler,,synthetic_fixture:synthetic_external_metadata/v1 | synthetic_fixture:synthetic_external_metadata/v1 | derived:role_from_usage/v1,0.99 | 0.99 | 0.95,false
K Ironwood,syn00334,male,Fenmarch,1013,left,left,Left-arm wrist-spin,spin,all-rounder,,synthetic_fixture:synthetic_external_metadata/v1 | synthetic_fixture:synthetic_external_metadata/v1 | derived:role_from_usage/v1,0.99 | 0.99 | 0.95,false
J Wexcourt,syn00091,male,Highcliff Rams,1011,right,,,,batter,,synthetic_fixture:synthetic_external_metadata/v1 | derived:role_from_usage/v1,0.99 | 0.95,false
D Birchson,syn00321,male,Estrova,1011,right,right,Right-arm fast,pace,bowler,,synthetic_fixture:synthetic_external_metadata/v1 | synthetic_fixture:synthetic_external_metadata/v1 | derived:role_from_usage/v1,0.99 | 0.99 | 0.95,false
B Pellson,syn00299,male,Dunmere,1009,left,left,Left-arm fast-medium,pace,all-rounder,,synthetic_fixture:synthetic_external_metadata/v1 | synthetic_fixture:synthetic_external_metadata/v1 | derived:role_from_usage/v1,0.99 | 0.99 | 0.95,false
X Thistlemere,syn00307,male,Estrova,1008,,,,,batter,,derived:role_from_usage/v1,0.95,false
K Juniperson,syn00302,male,Dunmere,1007,right,right,Off-spin,spin,bowler,,synthetic_fixture:synthetic_external_metadata/v1 | synthetic_fixture:synthetic_external_metadata/v1 | derived:role_from_usage/v1,0.99 | 0.99 | 0.95,false
F Inchson,syn00293,male,Dunmere,1006,,,,,batter,,derived:role_from_usage/v1,0.95,false
Y Kestrelford,syn00252,male,Avalor,1005,right,right,Off-spin,spin,bowler,,synthetic_fixture:synthetic_external_metadata/v1 | synthetic_fixture:synthetic_external_metadata/v1 | derived:role_from_usage/v1,0.99 | 0.99 | 0.95,false
B Corrhart,syn00304,male,Dunmere,1004,left,left,Left-arm fast,pace,bowler,,synthetic_fixture:synthetic_external_metadata/v1 | synthetic_fixture:synthetic_external_metadata/v1 | derived:role_from_usage/v1,0.99 | 0.99 | 0.95,false
Q Eldermere,syn00259,male,Brenmark,1004,right,,,,batter,,synthetic_fixture:synthetic_external_metadata/v1 | derived:role_from_usage/v1,0.99 | 0.95,false
G Hollowford,syn00316,male,Estrova,1002,,,,,all-rounder,,derived:role_from_usage/v1,0.95,false
Y Marchvan,syn00300,male,Dunmere,1002,,,,,all-rounder,,derived:role_from_usage/v1,0.95,false
C Larkton,syn00255,male,Avalor,1001,,,,,bowler,,derived:role_from_usage/v1,0.95,false
N Inchgrove,syn00248,male,Avalor,1000,right,right,Off-spin,spin,all-rounder,,synthetic_fixture:synthetic_external_metadata/v1 | synthetic_fixture:synthetic_external_metadata/v1 | derived:role_from_usage/v1,0.99 | 0.99 | 0.95,false
I Ambercombe,syn00309,male,Estrova,1000,right,,,,batter,,synthetic_fixture:synthetic_external_metadata/v1 | derived:role_from_usage/v1,0.99 | 0.95,false
J Merricourt,syn00271,male,Brenmark,998,right,right,Right-arm fast,pace,bowler,,synthetic_fixture:synthetic_external_metadata/v1 | synthetic_fixture:synthetic_external_metadata/v1 | derived:role_from_usage/v1,0.99 | 0.99 | 0.95,false
D Harrowaway,syn00001,male,Northshire Comets,998,left,left,Left-arm fast-medium,pace,batter,,synthetic_fixture:synthetic_external_metadata/v1 | synthetic_fixture:synthetic_external_metadata/v1 | derived:role_from_usage/v1,0.99 | 0.99 | 0.95,false
I Valewind,syn00264,male,Brenmark,998,,,,,all-rounder,,derived:role_from_usage/v1,0.95,false
S Larkvan,syn00340,male,Fenmarch,995,right,left,Left-arm orthodox,spin,bowler,,synthetic_fixture:synthetic_external_metadata/v1 | synthetic_fixture:synthetic_external_metadata/v1 | derived:role_from_usage/v1,0.99 | 0.99 | 0.95,false
S Lowenfield,syn00337,male,Fenmarch,993,right,right,Right-arm fast-medium,pace,bowler,,synthetic_fixture:synthetic_external_metadata/v1 | synthetic_fixture:synthetic_external_metadata/v1 | derived:role_from_usage/v1,0.99 | 0.99 | 0.95,false
I Inchfield,syn00306,male,Dunmere,992,right,right,Right-arm fast-medium,pace,bowler,,synthetic_fixture:synthetic_external_metadata/v1 | synthetic_fixture:synthetic_external_metadata/v1 | derived:role_from_usage/v1,0.99 | 0.99 | 0.95,false
O Valeby,syn00327,male,Fenmarch,990,,,,,batter,,derived:role_from_usage/v1,0.95,false
D Corrwind,syn00333,male,Fenmarch,990,left,left,Left-arm fast,pace,all-rounder,,synthetic_fixture:synthetic_external_metadata/v1 | synthetic_fixture:synthetic_external_metadata/v1 | derived:role_from_usage/v1,0.99 | 0.99 | 0.95,false
H Amberhart,syn00241,male,Avalor,989,right,,,,batter,,synthetic_fixture:synthetic_external_metadata/v1 | derived:role_from_usage/v1,0.99 | 0.95,false
W Ashson,syn00454,male,Highcliff Rams,988,right,right,Leg-spin,spin,bowler,,synthetic_fixture:synthetic_external_metadata/v1 | synthetic_fixture:synthetic_external_metadata/v1 | derived:role_from_usage/v1,0.99 | 0.99 | 0.95,false
D Inchwind,syn00326,male,Fenmarch,987,right,left,Left-arm fast-medium,pace,batter,,synthetic_fixture:synthetic_external_metadata/v1 | synthetic_fixture:synthetic_external_metadata/v1 | derived:role_from_usage/v1,0.99 | 0.99 | 0.95,false
U Coldby,syn00305,male,Dunmere,987,,,,,bowler,,derived:role_from_usage/v1,0.95,false
Z Lowenhart,syn00303,male,Dunmere,986,,,,,bowler,,derived:role_from_usage/v1,0.95,false
J Amberridge,syn00268,male,Brenmark,986,left,right,Right-arm medium,pace,bowler,,synthetic_fixture:synthetic_external_metadata/v1 | synthetic_fixture:synthetic_external_metadata/v1 | derived:role_from_usage/v1,0.99 | 0.99 | 0.95,false
D Lowencombe,syn00325,male,Fenmarch,985,right,,,,batter,,synthetic_fixture:synthetic_external_metadata/v1 | derived:role_from_usage/v1,0.99 | 0.95,false
Z Wexridge,syn00289,male,Caldora,985,left,right,Right-arm fast,pace,bowler,,synthetic_fixture:synthetic_external_metadata/v1 | synthetic_fixture:synthetic_external_metadata/v1 | derived:role_from_usage/v1,0.99 | 0.99 | 0.95,false
Q Yarrowridge,syn00242,male,Avalor,985,right,left,Left-arm fast-medium,pace,batter,,synthetic_fixture:synthetic_external_metadata/v1 | synthetic_fixture:synthetic_external_metadata/v1 | derived:role_from_usage/v1,0.99 | 0.99 | 0.95,false
Q Glenley,syn00317,male,Estrova,984,right,right,Leg-spin,spin,all-rounder,,synthetic_fixture:synthetic_external_metadata/v1 | synthetic_fixture:synthetic_external_metadata/v1 | derived:role_from_usage/v1,0.99 | 0.99 | 0.95,false
T Corrholt,syn00312,male,Estrova,984,left,right,Right-arm medium,pace,batter,,synthetic_fixture:synthetic_external_metadata/v1 | synthetic_fixture:synthetic_external_metadata/v1 | derived:role_from_usage/v1,0.99 | 0.99 | 0.95,false
Q Wexwell,syn00311,male,Estrova,983,right,,,,batter,,synthetic_fixture:synthetic_external_metadata/v1 | derived:role_from_usage/v1,0.99 | 0.95,false
X Brackford,syn00283,male,Caldora,983,left,right,Leg-spin,spin,all-rounder,,synthetic_fixture:synthetic_external_metadata/v1 | synthetic_fixture:synthetic_external_metadata/v1 | derived:role_from_usage/v1,0.99 | 0.99 | 0.95,false
S Inchton,syn00275,male,Caldora,983,,,,,batter,,derived:role_from_usage/v1,0.95,false
Q Inchaway,syn00072,male,Riverton Owls,982,,,,,batter,,derived:role_from_usage/v1,0.95,false
M Ironford,syn00292,male,Dunmere,982,right,,,,batter,,synthetic_fixture:synthetic_external_metadata/v1 | derived:role_from_usage/v1,0.99 | 0.95,false
Q Inchmere,syn00286,male,Caldora,982,,,,,bowler,,derived:role_from_usage/v1,0.95,false
L Inchridge,syn00318,male,Estrova,982,right,right,Leg-spin,spin,bowler,,synthetic_fixture:synthetic_external_metadata/v1 | synthetic_fixture:synthetic_external_metadata/v1 | derived:role_from_usage/v1,0.99 | 0.99 | 0.95,false
L Ironmoor,syn00274,male,Caldora,981,right,,,,batter,,synthetic_fixture:synthetic_external_metadata/v1 | derived:role_from_usage/v1,0.99 | 0.95,false
H Elderaway,syn00267,male,Brenmark,981,,,,,bowler,,derived:role_from_usage/v1,0.95,false
P Amberwind,syn00322,male,Estrova,981,right,left,Left-arm fast-medium,pace,bowler,,synthetic_fixture:synthetic_external_metadata/v1 | synthetic_fixture:synthetic_external_metadata/v1 | derived:role_from_usage/v1,0.99 | 0.99 | 0.95,false
C Birchmoor,syn00277,male,Caldora,978,right,,,,batter,,synthetic_fixture:synthetic_external_metadata/v1 | derived:role_from_usage/v1,0.99 | 0.95,false
J Glenholt,syn00301,male,Dunmere,978,right,right,Off-spin,spin,bowler,,synthetic_fixture:synthetic_external_metadata/v1 | synthetic_fixture:synthetic_external_metadata/v1 | derived:role_from_usage/v1,0.99 | 0.99 | 0.95,false
N Lowenmoor,syn00257,male,Brenmark,978,left,,,,batter,,synthetic_fixture:synthetic_external_metadata/v1 | derived:role_from_usage/v1,0.99 | 0.95,false
H Larkby,syn00287,male,Caldora,978,right,left,Left-arm wrist-spin,spin,bowler,,synthetic_fixture:synthetic_external_metadata/v1 | synthetic_fixture:synthetic_external_metadata/v1 | derived:role_from_usage/v1,0.99 | 0.99 | 0.95,false
R Coldson,syn00336,male,Fenmarch,978,right,right,Right-arm fast-medium,pace,bowler,,synthetic_fixture:synthetic_external_metadata/v1 | synthetic_fixture:synthetic_external_metadata/v1 | derived:role_from_usage/v1,0.99 | 0.99 | 0.95,false
B Larkholt,syn00328,male,Fenmarch,977,right,,,,batter,,synthetic_fixture:synthetic_external_metadata/v1 | derived:role_from_usage/v1,0.99 | 0.95,false
B Ashhart,syn00282,male,Caldora,976,right,right,Right-arm fast,pace,all-rounder,,synthetic_fixture:synthetic_external_metadata/v1 | synthetic_fixture:synthetic_external_metadata/v1 | derived:role_from_usage/v1,0.99 | 0.99 | 0.95,false
Z Draywell,syn00278,male,Caldora,976,left,,,,batter,,synthetic_fixture:synthetic_external_metadata/v1 | derived:role_from_usage/v1,0.99 | 0.95,false
R Juniperwick,syn00288,male,Caldora,976,,,,,bowler,,derived:role_from_usage/v1,0.95,false
V Merriton,syn00338,male,Fenmarch,975,left,left,Left-arm orthodox,spin,bowler,,synthetic_fixture:synthetic_external_metadata/v1 | synthetic_fixture:synthetic_external_metadata/v1 | derived:role_from_usage/v1,0.99 | 0.99 | 0.95,false
B Northwick,syn00265,male,Brenmark,973,right,right,Leg-spin,spin,all-rounder,,synthetic_fixture:synthetic_external_metadata/v1 | synthetic_fixture:synthetic_external_metadata/v1 | derived:role_from_usage/v1,0.99 | 0.99 | 0.95,false
Q Draycourt,syn00254,male,Avalor,973,,,,,bowler,,derived:role_from_usage/v1,0.95,false
C Greywell,syn00272,male,Brenmark,973,right,right,Right-arm fast-medium,pace,bowler,,synthetic_fixture:synthetic_external_metadata/v1 | synthetic_fixture:synthetic_external_metadata/v1 | derived:role_from_usage/v1,0.99 | 0.99 | 0.95,false
K Hollowfield,syn00244,male,Avalor,973,right,,,,batter,,synthetic_fixture:synthetic_external_metadata/v1 | derived:role_from_usage/v1,0.99 | 0.95,false
O Stormford,syn00276,male,Caldora,972,right,right,Right-arm medium,pace,batter,,synthetic_fixture:synthetic_external_metadata/v1 | synthetic_fixture:synthetic_external_metadata/v1 | derived:role_from_usage/v1,0.99 | 0.99 | 0.95,false
F Corrley,syn00298,male,Dunmere,971,right,right,Right-arm medium,pace,all-rounder,,synthetic_fixture:synthetic_external_metadata/v1 | synthetic_fixture:synthetic_external_metadata/v1 | derived:role_from_usage/v1,0.99 | 0.99 | 0.95,false
T Duncombe,syn00261,male,Brenmark,969,left,right,Right-arm medium,pace,batter,,synthetic_fixture:synthetic_external_metadata/v1 | synthetic_fixture:synthetic_external_metadata/v1 | derived:role_from_usage/v1,0.99 | 0.99 | 0.95,false
H Kestrelridge,syn00335,male,Fenmarch,967,right,right,Right-arm medium,pace,bowler,,synthetic_fixture:synthetic_external_metadata/v1 | synthetic_fixture:synthetic_external_metadata/v1 | derived:role_from_usage/v1,0.99 | 0.99 | 0.95,false
B Corrwick,syn00281,male,Caldora,967,right,right,Leg-spin,spin,all-rounder,,synthetic_fixture:synthetic_external_metadata/v1 | synthetic_fixture:synthetic_external_metadata/v1 | derived:role_from_usage/v1,0.99 | 0.99 | 0.95,false
V Birchmere,syn00291,male,Dunmere,967,,,,,batter,,derived:role_from_usage/v1,0.95,false
R Amberby,syn00284,male,Caldora,966,right,left,Left-arm fast-medium,pace,bowler,,synthetic_fixture:synthetic_external_metadata/v1 | synthetic_fixture:synthetic_external_metadata/v1 | derived:role_from_usage/v1,0.99 | 0.99 | 0.95,false
B Larkcombe,syn00258,male,Brenmark,963,right,right,Right-arm fast,pace,batter,,synthetic_fixture:synthetic_external_metadata/v1 | synthetic_fixture:synthetic_external_metadata/v1 | derived:role_from_usage/v1,0.99 | 0.99 | 0.95,false
B Understoke,syn00332,male,Fenmarch,963,left,right,Off-spin,spin,all-rounder,,synthetic_fixture:synthetic_external_metadata/v1 | synthetic_fixture:synthetic_external_metadata/v1 | derived:role_from_usage/v1,0.99 | 0.99 | 0.95,false
U Oakmoor,syn00285,male,Caldora,962,,,,,bowler,,derived:role_from_usage/v1,0.95,false
J Oakhart,syn00273,male,Caldora,962,right,,,,batter,,synthetic_fixture:synthetic_external_metadata/v1 | derived:role_from_usage/v1,0.99 | 0.95,false
L Kestrelaway,syn00324,male,Fenmarch,960,right,,,,batter,,synthetic_fixture:synthetic_external_metadata/v1 | derived:role_from_usage/v1,0.99 | 0.95,false
P Oakvan,syn00290,male,Dunmere,956,right,,,,batter,,synthetic_fixture:synthetic_external_metadata/v1 | derived:role_from_usage/v1,0.99 | 0.95,false
J Draymoor,syn00462,male,Eastvale Kites,926,left,,,,batter,,synthetic_fixture:synthetic_external_metadata/v1 | derived:role_from_usage/v1,0.99 | 0.95,false
I Kestrelbank,syn00466,male,Southbay Herons,925,,,,,bowler,,derived:role_from_usage/v1,0.95,false
C Ravenley,syn00456,male,Lakeside Falcons,923,right,right,Right-arm fast-medium,pace,batter,,synthetic_fixture:synthetic_external_metadata/v1 | synthetic_fixture:synthetic_external_metadata/v1 | derived:role_from_usage/v1,0.99 | 0.99 | 0.95,false
D Glenwind,syn00472,male,Lakeside Falcons,918,left,right,Right-arm fast,pace,all-rounder,,synthetic_fixture:synthetic_external_metadata/v1 | synthetic_fixture:synthetic_external_metadata/v1 | derived:role_from_usage/v1,0.99 | 0.99 | 0.95,false
L Dunbank,syn00465,male,Southbay Herons,906,right,right,Right-arm fast,pace,batter,,synthetic_fixture:synthetic_external_metadata/v1 | synthetic_fixture:synthetic_external_metadata/v1 | derived:role_from_usage/v1,0.99 | 0.99 | 0.95,false
T Merrifield,syn00467,male,Riverton Owls,885,right,,,,batter,,synthetic_fixture:synthetic_external_metadata/v1 | derived:role_from_usage/v1,0.99 | 0.95,false
W Farrowton,syn00045,male,Westmoor Lancers,885,left,right,Off-spin,spin,all-rounder,,synthetic_fixture:synthetic_external_metadata/v1 | synthetic_fixture:synthetic_external_metadata/v1 | derived:role_from_usage/v1,0.99 | 0.99 | 0.95,false
R Ironcombe,syn00069,male,Riverton Owls,881,right,,,,batter,,synthetic_fixture:synthetic_external_metadata/v1 | derived:role_from_usage/v1,0.99 | 0.95,false
F Ashwell,syn00108,male,Lakeside Falcons,879,left,right,Right-arm medium,pace,batter,,synthetic_fixture:synthetic_external_metadata/v1 | synthetic_fixture:synthetic_external_metadata/v1 | derived:role_from_usage/v1,0.99 | 0.99 | 0.95,false
A Eldervan,syn00463,male,Westmoor Lancers,879,right,left,Left-arm fast-medium,pace,bowler,,synthetic_fixture:synthetic_external_metadata/v1 | synthetic_fixture:synthetic_external_metadata/v1 | derived:role_from_usage/v1,0.99 | 0.99 | 0.95,false
B Kingwick,syn00024,male,Eastvale Kites,873,left,,,,wicketkeeper-batter,yes,synthetic_fixture:synthetic_external_metadata/v1 | derived:role_from_usage/v1 | derived:keeper_inference_aggregate/v1,0.99 | 0.95 | 0.97,false
T Brackmoor,syn00059,male,Southbay Herons,862,right,,,,wicketkeeper-batter,yes,synthetic_fixture:synthetic_external_metadata/v1 | derived:role_from_usage/v1 | derived:keeper_inference_aggregate/v1,0.99 | 0.95 | 0.97,false
P Elderridge,syn00477,male,Eastvale Kites,852,right,right,Leg-spin,spin,bowler,,synthetic_fixture:synthetic_external_metadata/v1 | synthetic_fixture:synthetic_external_metadata/v1 | derived:role_from_usage/v1,0.99 | 0.99 | 0.95,false
I Greymere,syn00011,male,Northshire Comets,841,right,left,Left-arm orthodox,spin,all-rounder,,synthetic_fixture:synthetic_external_metadata/v1 | synthetic_fixture:synthetic_external_metadata/v1 | derived:role_from_usage/v1,0.99 | 0.99 | 0.95,false
F Amberwood,syn00127,male,Stonebridge Wolves,839,right,,,,wicketkeeper-batter,yes,synthetic_fixture:synthetic_external_metadata/v1 | derived:role_from_usage/v1 | derived:keeper_inference_aggregate/v1,0.99 | 0.95 | 0.97,false
B Ravenbank,syn00490,male,Stonebridge Wolves,827,left,,,,batter,,synthetic_fixture:synthetic_external_metadata/v1 | derived:role_from_usage/v1,0.99 | 0.95,false
V Inchstoke,syn00096,male,Highcliff Rams,827,right,right,Right-arm medium,pace,all-rounder,,synthetic_fixture:synthetic_external_metadata/v1 | synthetic_fixture:synthetic_external_metadata/v1 | derived:role_from_usage/v1,0.99 | 0.99 | 0.95,false
K Harrowgrove,syn00450,male,Southbay Herons,827,right,left,Left-arm wrist-spin,spin,bowler,,synthetic_fixture:synthetic_external_metadata/v1 | synthetic_fixture:synthetic_external_metadata/v1 | derived:role_from_usage/v1,0.99 | 0.99 | 0.95,false
O Northford,syn00100,male,Highcliff Rams,817,left,right,Right-arm medium,pace,bowler,,synthetic_fixture:synthetic_external_metadata/v1 | synthetic_fixture:synthetic_external_metadata/v1 | derived:role_from_usage/v1,0.99 | 0.99 | 0.95,false
C Underholt,syn00488,male,Lakeside Falcons,815,left,right,Off-spin,spin,batter,,synthetic_fixture:synthetic_external_metadata/v1 | synthetic_fixture:synthetic_external_metadata/v1 | derived:role_from_usage/v1,0.99 | 0.99 | 0.95,false
R Inchford,syn00485,male,Highcliff Rams,815,right,left,Left-arm orthodox,spin,bowler,,synthetic_fixture:synthetic_external_metadata/v1 | synthetic_fixture:synthetic_external_metadata/v1 | derived:role_from_usage/v1,0.99 | 0.99 | 0.95,false
D Undergrove,syn00475,male,Northshire Comets,810,,,,,bowler,,derived:role_from_usage/v1,0.95,false
O Kingholt,syn00132,male,Stonebridge Wolves,810,right,left,Left-arm fast-medium,pace,bowler,,synthetic_fixture:synthetic_external_metadata/v1 | synthetic_fixture:synthetic_external_metadata/v1 | derived:role_from_usage/v1,0.99 | 0.99 | 0.95,false
L Hollowgrove,syn00245,male,Avalor,809,right,,,,wicketkeeper-batter,yes,synthetic_fixture:synthetic_external_metadata/v1 | derived:role_from_usage/v1 | derived:keeper_inference_aggregate/v1,0.99 | 0.95 | 0.97,false
J Ravenby,syn00008,male,Northshire Comets,808,right,,,,wicketkeeper-batter,yes,synthetic_fixture:synthetic_external_metadata/v1 | derived:role_from_usage/v1 | derived:keeper_inference_aggregate/v1,0.99 | 0.95 | 0.97,false
B Wexgrove,syn00129,male,Stonebridge Wolves,808,,,,,all-rounder,,derived:role_from_usage/v1,0.95,false
G Juniperton,syn00052,male,Southbay Herons,801,right,,,,batter,,synthetic_fixture:synthetic_external_metadata/v1 | derived:role_from_usage/v1,0.99 | 0.95,false
Q Ravenford,syn00484,male,Riverton Owls,799,,,,,bowler,,derived:role_from_usage/v1,0.95,false
N Irongrove,syn00023,male,Eastvale Kites,799,right,,,,batter,,synthetic_fixture:synthetic_external_metadata/v1 | derived:role_from_usage/v1,0.99 | 0.95,false
D Lowenson,syn00110,male,Lakeside Falcons,795,,,,,wicketkeeper-batter,yes,derived:role_from_usage/v1 | derived:keeper_inference_aggregate/v1,0.95 | 0.97,false
U Kestrelwind,syn00037,male,Westmoor Lancers,794,right,,,,batter,,synthetic_fixture:synthetic_external_metadata/v1 | derived:role_from_usage/v1,0.99 | 0.95,false
Q Brackhart,syn00457,male,Stonebridge Wolves,788,right,,,,wicketkeeper-batter,yes,synthetic_fixture:synthetic_external_metadata/v1 | derived:role_from_usage/v1 | derived:keeper_inference_aggregate/v1,0.99 | 0.95 | 0.97,false
D Wexvan,syn00314,male,Estrova,777,right,,,,wicketkeeper-batter,yes,synthetic_fixture:synthetic_external_metadata/v1 | derived:role_from_usage/v1 | derived:keeper_inference_aggregate/v1,0.99 | 0.95 | 0.97,false
H Greycombe,syn00448,male,Westmoor Lancers,775,right,,,,batter,,synthetic_fixture:synthetic_external_metadata/v1 | derived:role_from_usage/v1,0.99 | 0.95,false
A Drayley,syn00262,male,Brenmark,775,right,,,,wicketkeeper-batter,yes,synthetic_fixture:synthetic_external_metadata/v1 | derived:role_from_usage/v1 | derived:keeper_inference_aggregate/v1,0.99 | 0.95 | 0.97,false
E Marchmoor,syn00279,male,Caldora,769,right,,,,wicketkeeper-batter,yes,synthetic_fixture:synthetic_external_metadata/v1 | derived:role_from_usage/v1 | derived:keeper_inference_aggregate/v1,0.99 | 0.95 | 0.97,false
K Farrowridge,syn00014,male,Northshire Comets,765,right,left,Left-arm fast-medium,pace,bowler,,synthetic_fixture:synthetic_external_metadata/v1 | synthetic_fixture:synthetic_external_metadata/v1 | derived:role_from_usage/v1,0.99 | 0.99 | 0.95,false
C Birchwind,syn00330,male,Fenmarch,753,,,,,wicketkeeper-batter,yes,derived:role_from_usage/v1 | derived:keeper_inference_aggregate/v1,0.95 | 0.97,false
L Hollowton,syn00296,male,Dunmere,748,,,,,wicketkeeper-batter,yes,derived:role_from_usage/v1 | derived:keeper_inference_aggregate/v1,0.95 | 0.97,false
B Kestrelholt,syn00297,male,Dunmere,743,,,,,wicketkeeper-batter,yes,derived:role_from_usage/v1 | derived:keeper_inference_aggregate/v1,0.95 | 0.97,false
N Merriholt,syn00313,male,Estrova,735,left,,,,wicketkeeper-batter,yes,synthetic_fixture:synthetic_external_metadata/v1 | derived:role_from_usage/v1 | derived:keeper_inference_aggregate/v1,0.99 | 0.95 | 0.97,false
P Northcombe,syn00331,male,Fenmarch,730,left,,,,wicketkeeper-batter,yes,synthetic_fixture:synthetic_external_metadata/v1 | derived:role_from_usage/v1 | derived:keeper_inference_aggregate/v1,0.99 | 0.95 | 0.97,false
J Larkaway,syn00501,male,Highcliff Rams,724,right,right,Right-arm fast,pace,bowler,,synthetic_fixture:synthetic_external_metadata/v1 | synthetic_fixture:synthetic_external_metadata/v1 | derived:role_from_usage/v1,0.99 | 0.99 | 0.95,false
O Harrowford,syn00497,male,Southbay Herons,722,,,,,batter,,derived:role_from_usage/v1,0.95,false
G Kestrelwood,syn00263,male,Brenmark,719,left,,,,wicketkeeper-batter,yes,synthetic_fixture:synthetic_external_metadata/v1 | derived:role_from_usage/v1 | derived:keeper_inference_aggregate/v1,0.99 | 0.95 | 0.97,false
K Stormwood,syn00505,male,Stonebridge Wolves,712,right,left,Left-arm fast,pace,bowler,,synthetic_fixture:synthetic_external_metadata/v1 | synthetic_fixture:synthetic_external_metadata/v1 | derived:role_from_usage/v1,0.99 | 0.99 | 0.95,false
K Emberhart,syn00506,male,Stonebridge Wolves,710,right,right,Leg-spin,spin,bowler,,synthetic_fixture:synthetic_external_metadata/v1 | synthetic_fixture:synthetic_external_metadata/v1 | derived:role_from_usage/v1,0.99 | 0.99 | 0.95,false
N Quarrford,syn00246,male,Avalor,708,right,,,,wicketkeeper-batter,yes,synthetic_fixture:synthetic_external_metadata/v1 | derived:role_from_usage/v1 | derived:keeper_inference_aggregate/v1,0.99 | 0.95 | 0.97,false
C Greywood,syn00491,male,Northshire Comets,706,left,,,,batter,,synthetic_fixture:synthetic_external_metadata/v1 | derived:role_from_usage/v1,0.99 | 0.95,false
U Ironstoke,syn00494,male,Eastvale Kites,705,,,,,bowler,,derived:role_from_usage/v1,0.95,false
D Coldhart,syn00498,male,Southbay Herons,703,left,left,Left-arm orthodox,spin,bowler,,synthetic_fixture:synthetic_external_metadata/v1 | synthetic_fixture:synthetic_external_metadata/v1 | derived:role_from_usage/v1,0.99 | 0.99 | 0.95,false
E Hollowby,syn00077,male,Riverton Owls,697,,,,,all-rounder,,derived:role_from_usage/v1,0.95,false
V Embermoor,syn00035,male,Westmoor Lancers,695,right,,,,batter,,synthetic_fixture:synthetic_external_metadata/v1 | derived:role_from_usage/v1,0.99 | 0.95,false
F Ashmoor,syn00280,male,Caldora,694,right,,,,wicketkeeper-batter,yes,synthetic_fixture:synthetic_external_metadata/v1 | derived:role_from_usage/v1 | derived:keeper_inference_aggregate/v1,0.99 | 0.95 | 0.97,false
C Elderstoke,syn00492,male,Northshire Comets,689,left,,,,batter,,synthetic_fixture:synthetic_external_metadata/v1 | derived:role_from_usage/v1,0.99 | 0.95,false
M Kingaway,syn00452,male,Riverton Owls,688,right,right,Leg-spin,spin,bowler,,synthetic_fixture:synthetic_external_metadata/v1 | synthetic_fixture:synthetic_external_metadata/v1 | derived:role_from_usage/v1,0.99 | 0.99 | 0.95,false
C Oakson,syn00500,male,Riverton Owls,677,right,left,Left-arm orthodox,spin,bowler,,synthetic_fixture:synthetic_external_metadata/v1 | synthetic_fixture:synthetic_external_metadata/v1 | derived:role_from_usage/v1,0.99 | 0.99 | 0.95,false
Q Emberaway,syn00111,male,Lakeside Falcons,639,right,right,Right-arm fast-medium,pace,all-rounder,,synthetic_fixture:synthetic_external_metadata/v1 | synthetic_fixture:synthetic_external_metadata/v1 | derived:role_from_usage/v1,0.99 | 0.99 | 0.95,false
Q Farrowcourt,syn00025,male,Eastvale Kites,638,,,,,wicketkeeper-batter,yes,derived:role_from_usage/v1 | derived:keeper_inference_aggregate/v1,0.95 | 0.97,false
P Amberson,syn00520,male,Lakeside Falcons,628,left,right,Leg-spin,spin,bowler,,synthetic_fixture:synthetic_external_metadata/v1 | synthetic_fixture:synthetic_external_metadata/v1 | derived:role_from_usage/v1,0.99 | 0.99 | 0.95,false
U Corrmoor,syn00114,male,Lakeside Falcons,621,right,right,Right-arm medium,pace,bowler,,synthetic_fixture:synthetic_external_metadata/v1 | synthetic_fixture:synthetic_external_metadata/v1 | derived:role_from_usage/v1,0.99 | 0.99 | 0.95,false
T Greywick,syn00134,male,Stonebridge Wolves,620,left,left,Left-arm fast-medium,pace,bowler,,synthetic_fixture:synthetic_external_metadata/v1 | synthetic_fixture:synthetic_external_metadata/v1 | derived:role_from_usage/v1,0.99 | 0.99 | 0.95,false
C Glencombe,syn00507,male,Northshire Comets,620,,,,,all-rounder,,derived:role_from_usage/v1,0.95,false
S Greywind,syn00516,male,Riverton Owls,614,left,right,Leg-spin,spin,all-rounder,,synthetic_fixture:synthetic_external_metadata/v1 | synthetic_fixture:synthetic_external_metadata/v1 | derived:role_from_usage/v1,0.99 | 0.99 | 0.95,false
W Larkwick,syn00046,male,Westmoor Lancers,606,right,right,Right-arm fast-medium,pace,bowler,,synthetic_fixture:synthetic_external_metadata/v1 | synthetic_fixture:synthetic_external_metadata/v1 | derived:role_from_usage/v1,0.99 | 0.99 | 0.95,false
M Kingson,syn00455,male,Lakeside Falcons,603,right,left,Left-arm orthodox,spin,bowler,,synthetic_fixture:synthetic_external_metadata/v1 | synthetic_fixture:synthetic_external_metadata/v1 | derived:role_from_usage/v1,0.99 | 0.99 | 0.95,false
A Quarrcourt,syn00503,male,Lakeside Falcons,599,left,,,,batter,,synthetic_fixture:synthetic_external_metadata/v1 | derived:role_from_usage/v1,0.99 | 0.95,false
Q Underbank,syn00509,male,Eastvale Kites,594,left,right,Right-arm medium,pace,all-rounder,,synthetic_fixture:synthetic_external_metadata/v1 | synthetic_fixture:synthetic_external_metadata/v1 | derived:role_from_usage/v1,0.99 | 0.99 | 0.95,false
Y Elderbank,syn00061,male,Southbay Herons,586,left,right,Right-arm medium,pace,all-rounder,,synthetic_fixture:synthetic_external_metadata/v1 | synthetic_fixture:synthetic_external_metadata/v1 | derived:role_from_usage/v1,0.99 | 0.99 | 0.95,false
V Dunson,syn00479,male,Westmoor Lancers,583,right,,,,wicketkeeper-batter,yes,synthetic_fixture:synthetic_external_metadata/v1 | derived:role_from_usage/v1 | derived:keeper_inference_aggregate/v1,0.99 | 0.95 | 0.97,false
P Dunfield,syn00018,male,Eastvale Kites,581,left,,,,batter,,synthetic_fixture:synthetic_external_metadata/v1 | derived:role_from_usage/v1,0.99 | 0.95,false
R Kestrelwick,syn00449,male,Southbay Herons,579,right,,,,batter,,synthetic_fixture:synthetic_external_metadata/v1 | derived:role_from_usage/v1,0.99 | 0.95,false
C Yarrowwick,syn00459,male,Northshire Comets,559,right,,,,batter,,synthetic_fixture:synthetic_external_metadata/v1 | derived:role_from_usage/v1,0.99 | 0.95,false
Y Corrton,syn00093,male,Highcliff Rams,552,right,,,,wicketkeeper-batter,yes,synthetic_fixture:synthetic_external_metadata/v1 | derived:role_from_usage/v1 | derived:keeper_inference_aggregate/v1,0.99 | 0.95 | 0.97,false
L Yarrowmoor,syn00401,female,Dunmere Women,528,right,right,Right-arm medium,pace,all-rounder,,synthetic_fixture:synthetic_external_metadata/v1 | synthetic_fixture:synthetic_external_metadata/v1 | derived:role_from_usage/v1,0.99 | 0.99 | 0.95,false
L Greyford,syn00396,female,Dunmere Women,525,right,,,,batter,,synthetic_fixture:synthetic_external_metadata/v1 | derived:role_from_usage/v1,0.99 | 0.95,false
M Farrowwind,syn00523,male,Northshire Comets,521,,,,,batter,,derived:role_from_usage/v1,0.95,false
A Brackstoke,syn00369,female,Brenmark Women,519,right,left,Left-arm wrist-spin,spin,bowler,,synthetic_fixture:synthetic_external_metadata/v1 | synthetic_fixture:synthetic_external_metadata/v1 | derived:role_from_usage/v1,0.99 | 0.99 | 0.95,false
E Wexholt,syn00473,male,Stonebridge Wolves,518,,,,,bowler,,derived:role_from_usage/v1,0.95,false
Z Farrowwell,syn00026,male,Eastvale Kites,516,,,,,all-rounder,,derived:role_from_usage/v1,0.95,false
I Ambercourt,syn00524,male,Northshire Comets,515,right,left,Left-arm fast-medium,pace,bowler,,synthetic_fixture:synthetic_external_metadata/v1 | synthetic_fixture:synthetic_external_metadata/v1 | derived:role_from_usage/v1,0.99 | 0.99 | 0.95,false
Q Ashgrove,syn00408,female,Dunmere Women,514,right,left,Left-arm fast-medium,pace,bowler,,synthetic_fixture:synthetic_external_metadata/v1 | synthetic_fixture:synthetic_external_metadata/v1 | derived:role_from_usage/v1,0.99 | 0.99 | 0.95,false
V Elderson,syn00534,male,Highcliff Rams,514,right,left,Left-arm fast,pace,bowler,,synthetic_fixture:synthetic_external_metadata/v1 | synthetic_fixture:synthetic_external_metadata/v1 | derived:role_from_usage/v1,0.99 | 0.99 | 0.95,false
O Underley,syn00406,female,Dunmere Women,511,left,right,Off-spin,spin,bowler,,synthetic_fixture:synthetic_external_metadata/v1 | synthetic_fixture:synthetic_external_metadata/v1 | derived:role_from_usage/v1,0.99 | 0.99 | 0.95,false
B Quarrwick,syn00367,female,Brenmark Women,509,,,,,all-rounder,,derived:role_from_usage/v1,0.95,false
L Marchwind,syn00487,male,Lakeside Falcons,508,right,left,Left-arm fast,pace,bowler,,synthetic_fixture:synthetic_external_metadata/v1 | synthetic_fixture:synthetic_external_metadata/v1 | derived:role_from_usage/v1,0.99 | 0.99 | 0.95,false
A Greyaway,syn00361,female,Brenmark Women,506,right,right,Right-arm medium,pace,batter,,synthetic_fixture:synthetic_external_metadata/v1 | synthetic_fixture:synthetic_external_metadata/v1 | derived:role_from_usage/v1,0.99 | 0.99 | 0.95,false
X Junipermere,syn00378,female,Caldora Women,505,left,left,Left-arm wrist-spin,spin,batter,,synthetic_fixture:synthetic_external_metadata/v1 | synthetic_fixture:synthetic_external_metadata/v1 | derived:role_from_usage/v1,0.99 | 0.99 | 0.95,false
C Stormley,syn00397,female,Dunmere Women,505,,,,,batter,,derived:role_from_usage/v1,0.95,false
M Wexbank,syn00007,male,Northshire Comets,504,,,,,wicketkeeper-batter,yes,derived:role_from_usage/v1 | derived:keeper_inference_aggregate/v1,0.95 | 0.97,false
N Glenson,syn00089,male,Highcliff Rams,504,right,,,,batter,,synthetic_fixture:synthetic_external_metadata/v1 | derived:role_from_usage/v1,0.99 | 0.95,false
D Farrowson,syn00130,male,Stonebridge Wolves,504,left,right,Off-spin,spin,all-rounder,,synthetic_fixture:synthetic_external_metadata/v1 | synthetic_fixture:synthetic_external_metadata/v1 | derived:role_from_usage/v1,0.99 | 0.99 | 0.95,false
L Juniperhart,syn00084,male,Riverton Owls,503,right,right,Right-arm fast,pace,bowler,,synthetic_fixture:synthetic_external_metadata/v1 | synthetic_fixture:synthetic_external_metadata/v1 | derived:role_from_usage/v1,0.99 | 0.99 | 0.95,false
V Ashholt,syn00357,female,Avalor Women,503,right,right,Right-arm medium,pace,bowler,,synthetic_fixture:synthetic_external_metadata/v1 | synthetic_fixture:synthetic_external_metadata/v1 | derived:role_from_usage/v1,0.99 | 0.99 | 0.95,false
A Lowenwood,syn00423,female,Estrova Women,502,left,right,Right-arm fast,pace,bowler,,synthetic_fixture:synthetic_external_metadata/v1 | synthetic_fixture:synthetic_external_metadata/v1 | derived:role_from_usage/v1,0.99 | 0.99 | 0.95,false
H Stormgrove,syn00536,male,Lakeside Falcons,501,right,right,Right-arm medium,pace,bowler,,synthetic_fixture:synthetic_external_metadata/v1 | synthetic_fixture:synthetic_external_metadata/v1 | derived:role_from_usage/v1,0.99 | 0.99 | 0.95,false
A Kingby,syn00538,male,Stonebridge Wolves,501,left,right,Off-spin,spin,all-rounder,,synthetic_fixture:synthetic_external_metadata/v1 | synthetic_fixture:synthetic_external_metadata/v1 | derived:role_from_usage/v1,0.99 | 0.99 | 0.95,false
C Merriford,syn00233,female,Highcliff Rams Women,500,left,right,Right-arm medium,pace,bowler,,synthetic_fixture:synthetic_external_metadata/v1 | synthetic_fixture:synthetic_external_metadata/v1 | derived:role_from_usage/v1,0.99 | 0.99 | 0.95,false
D Marchbank,syn00435,female,Fenmarch Women,500,left,left,Left-arm orthodox,spin,all-rounder,,synthetic_fixture:synthetic_external_metadata/v1 | synthetic_fixture:synthetic_external_metadata/v1 | derived:role_from_usage/v1,0.99 | 0.99 | 0.95,false
V Kestrelwell,syn00405,female,Dunmere Women,499,right,left,Left-arm fast-medium,pace,bowler,,synthetic_fixture:synthetic_external_metadata/v1 | synthetic_fixture:synthetic_external_metadata/v1 | derived:role_from_usage/v1,0.99 | 0.99 | 0.95,false
X Ironaway,syn00374,female,Brenmark Women,498,right,left,Left-arm fast,pace,bowler,,synthetic_fixture:synthetic_external_metadata/v1 | synthetic_fixture:synthetic_external_metadata/v1 | derived:role_from_usage/v1,0.99 | 0.99 | 0.95,false
Q Farrowwood,syn00392,female,Dunmere Women,498,,,,,batter,,derived:role_from_usage/v1,0.95,false
J Marchmere,syn00393,female,Dunmere Women,497,right,right,Off-spin,spin,batter,,synthetic_fixture:synthetic_external_metadata/v1 | synthetic_fixture:synthetic_external_metadata/v1 | derived:role_from_usage/v1,0.99 | 0.99 | 0.95,false
D Embercombe,syn00363,female,Brenmark Women,496,,,,,batter,,derived:role_from_usage/v1,0.95,false
B Emberstoke,syn00359,female,Brenmark Women,495,right,,,,batter,,synthetic_fixture:synthetic_external_metadata/v1 | derived:role_from_usage/v1,0.99 | 0.95,false
J Larkson,syn00403,female,Dunmere Women,495,right,right,Right-arm fast-medium,pace,bowler,,synthetic_fixture:synthetic_external_metadata/v1 | synthetic_fixture:synthetic_external_metadata/v1 | derived:role_from_usage/v1,0.99 | 0.99 | 0.95,false
N Thistlemoor,syn00088,male,Highcliff Rams,494,right,left,Left-arm orthodox,spin,batter,,synthetic_fixture:synthetic_external_metadata/v1 | synthetic_fixture:synthetic_external_metadata/v1 | derived:role_from_usage/v1,0.99 | 0.99 | 0.95,false
C Larkwind,syn00370,female,Brenmark Women,494,right,left,Left-arm wrist-spin,spin,bowler,,synthetic_fixture:synthetic_external_metadata/v1 | synthetic_fixture:synthetic_external_metadata/v1 | derived:role_from_usage/v1,0.99 | 0.99 | 0.95,false
Z Ashaway,syn00351,female,Avalor Women,494,,,,,all-rounder,,derived:role_from_usage/v1,0.95,false
S Yarrowson,syn00407,female,Dunmere Women,494,left,left,Left-arm fast,pace,bowler,,synthetic_fixture:synthetic_external_metadata/v1 | synthetic_fixture:synthetic_external_metadata/v1 | derived:role_from_usage/v1,0.99 | 0.99 | 0.95,false
T Corrmere,syn00402,female,Dunmere Women,493,right,left,Left-arm wrist-spin,spin,all-rounder,,synthetic_fixture:synthetic_external_metadata/v1 | synthetic_fixture:synthetic_external_metadata/v1 | derived:role_from_usage/v1,0.99 | 0.99 | 0.95,false
Q Oakwick,syn00362,female,Brenmark Women,493,right,,,,batter,,synthetic_fixture:synthetic_external_metadata/v1 | derived:role_from_usage/v1,0.99 | 0.95,false
Z Larkford,syn00395,female,Dunmere Women,493,right,,,,batter,,synthetic_fixture:synthetic_external_metadata/v1 | derived:role_from_usage/v1,0.99 | 0.95,false
C Valewick,syn00470,male,Highcliff Rams,492,right,left,Left-arm fast,pace,bowler,,synthetic_fixture:synthetic_external_metadata/v1 | synthetic_fixture:synthetic_external_metadata/v1 | derived:role_from_usage/v1,0.99 | 0.99 | 0.95,false
S Ashley,syn00345,female,Avalor Women,492,right,,,,batter,,synthetic_fixture:synthetic_external_metadata/v1 | derived:role_from_usage/v1,0.99 | 0.95,false
D Merriley,syn00210,female,Riverton Owls Women,490,left,left,Left-arm fast,pace,batter,,synthetic_fixture:synthetic_external_metadata/v1 | synthetic_fixture:synthetic_external_metadata/v1 | derived:role_from_usage/v1,0.99 | 0.99 | 0.95,false
R Wexby,syn00376,female,Caldora Women,490,right,,,,batter,,synthetic_fixture:synthetic_external_metadata/v1 | derived:role_from_usage/v1,0.99 | 0.95,false
X Amberwell,syn00387,female,Caldora Women,490,right,left,Left-arm fast,pace,bowler,,synthetic_fixture:synthetic_external_metadata/v1 | synthetic_fixture:synthetic_external_metadata/v1 | derived:role_from_usage/v1,0.99 | 0.99 | 0.95,false
N Quarrwood,syn00394,female,Dunmere Women,490,right,,,,batter,,synthetic_fixture:synthetic_external_metadata/v1 | derived:role_from_usage/v1,0.99 | 0.95,false
A Northwind,syn00205,female,Riverton Owls Women,490,right,,,,batter,,synthetic_fixture:synthetic_external_metadata/v1 | derived:role_from_usage/v1,0.99 | 0.95,false
H Duncourt,syn00352,female,Avalor Women,489,left,right,Off-spin,spin,bowler,,synthetic_fixture:synthetic_external_metadata/v1 | synthetic_fixture:synthetic_external_metadata/v1 | derived:role_from_usage/v1,0.99 | 0.99 | 0.95,false
U Merriridge,syn00346,female,Avalor Women,489,,,,,batter,,derived:role_from_usage/v1,0.95,false
D Coldford,syn00441,female,Fenmarch Women,489,right,left,Left-arm wrist-spin,spin,bowler,,synthetic_fixture:synthetic_external_metadata/v1 | synthetic_fixture:synthetic_external_metadata/v1 | derived:role_from_usage/v1,0.99 | 0.99 | 0.95,false
I Quarrson,syn00227,female,Highcliff Rams Women,488,right,,,,batter,,synthetic_fixture:synthetic_external_metadata/v1 | derived:role_from_usage/v1,0.99 | 0.95,false
U Pellford,syn00232,female,Highcliff Rams Women,488,right,left,Left-arm orthodox,spin,all-rounder,,synthetic_fixture:synthetic_external_metadata/v1 | synthetic_fixture:synthetic_external_metadata/v1 | derived:role_from_usage/v1,0.99 | 0.99 | 0.95,false
H Valemoor,syn00530,male,Southbay Herons,487,,,,,all-rounder,,derived:role_from_usage/v1,0.95,false
A Marchfield,syn00054,male,Southbay Herons,487,right,,,,batter,,synthetic_fixture:synthetic_external_metadata/v1 | derived:role_from_usage/v1,0.99 | 0.95,false
A Ironfield,syn00436,female,Fenmarch Women,487,right,left,Left-arm wrist-spin,spin,all-rounder,,synthetic_fixture:synthetic_external_metadata/v1 | synthetic_fixture:synthetic_external_metadata/v1 | derived:role_from_usage/v1,0.99 | 0.99 | 0.95,false
X Kingmoor,syn00461,male,Eastvale Kites,487,left,,,,batter,,synthetic_fixture:synthetic_external_metadata/v1 | derived:role_from_usage/v1,0.99 | 0.95,false
Q Amberstoke,syn00404,female,Dunmere Women,487,left,right,Off-spin,spin,bowler,,synthetic_fixture:synthetic_external_metadata/v1 | synthetic_fixture:synthetic_external_metadata/v1 | derived:role_from_usage/v1,0.99 | 0.99 | 0.95,false
P Dunwick,syn00389,female,Caldora Women,486,right,left,Left-arm fast-medium,pace,bowler,,synthetic_fixture:synthetic_external_metadata/v1 | synthetic_fixture:synthetic_external_metadata/v1 | derived:role_from_usage/v1,0.99 | 0.99 | 0.95,false
K Emberford,syn00354,female,Avalor Women,486,left,right,Leg-spin,spin,bowler,,synthetic_fixture:synthetic_external_metadata/v1 | synthetic_fixture:synthetic_external_metadata/v1 | derived:role_from_usage/v1,0.99 | 0.99 | 0.95,false
D Pellcourt,syn00341,female,Avalor Women,486,right,right,Right-arm medium,pace,batter,,synthetic_fixture:synthetic_external_metadata/v1 | synthetic_fixture:synthetic_external_metadata/v1 | derived:role_from_usage/v1,0.99 | 0.99 | 0.95,false
C Ashfield,syn00368,female,Brenmark Women,486,right,right,Off-spin,spin,all-rounder,,synthetic_fixture:synthetic_external_metadata/v1 | synthetic_fixture:synthetic_external_metadata/v1 | derived:role_from_usage/v1,0.99 | 0.99 | 0.95,false
H Merriaway,syn00027,male,Eastvale Kites,485,,,,,all-rounder,,derived:role_from_usage/v1,0.95,false
M Valeridge,syn00528,male,Westmoor Lancers,484,right,left,Left-arm wrist-spin,spin,all-rounder,,synthetic_fixture:synthetic_external_metadata/v1 | synthetic_fixture:synthetic_external_metadata/v1 | derived:role_from_usage/v1,0.99 | 0.99 | 0.95,false
G Dunmoor,syn00224,female,Highcliff Rams Women,483,left,,,,batter,,synthetic_fixture:synthetic_external_metadata/v1 | derived:role_from_usage/v1,0.99 | 0.95,false
H Pellaway,syn00153,female,Northshire Comets Women,483,right,right,Right-arm medium,pace,bowler,,synthetic_fixture:synthetic_external_metadata/v1 | synthetic_fixture:synthetic_external_metadata/v1 | derived:role_from_usage/v1,0.99 | 0.99 | 0.95,false
K Pellley,syn00213,female,Riverton Owls Women,483,,,,,all-rounder,,derived:role_from_usage/v1,0.95,false
M Greyfield,syn00373,female,Brenmark Women,483,right,right,Right-arm fast,pace,bowler,,synthetic_fixture:synthetic_external_metadata/v1 | synthetic_fixture:synthetic_external_metadata/v1 | derived:role_from_usage/v1,0.99 | 0.99 | 0.95,false
W Northmere,syn00400,female,Dunmere Women,483,left,left,Left-arm fast-medium,pace,all-rounder,,synthetic_fixture:synthetic_external_metadata/v1 | synthetic_fixture:synthetic_external_metadata/v1 | derived:role_from_usage/v1,0.99 | 0.99 | 0.95,false
P Hollowwind,syn00017,male,Northshire Comets,483,right,right,Right-arm fast,pace,bowler,,synthetic_fixture:synthetic_external_metadata/v1 | synthetic_fixture:synthetic_external_metadata/v1 | derived:role_from_usage/v1,0.99 | 0.99 | 0.95,false
L Marchton,syn00169,female,Eastvale Kites Women,482,right,left,Left-arm fast-medium,pace,bowler,,synthetic_fixture:synthetic_external_metadata/v1 | synthetic_fixture:synthetic_external_metadata/v1 | derived:role_from_usage/v1,0.99 | 0.99 | 0.95,false
Z Quarrstoke,syn00429,female,Fenmarch Women,481,right,,,,batter,,synthetic_fixture:synthetic_external_metadata/v1 | derived:role_from_usage/v1,0.99 | 0.95,false
S Dunvan,syn00350,female,Avalor Women,481,,,,,all-rounder,,derived:role_from_usage/v1,0.95,false
N Ironmere,syn00356,female,Avalor Women,481,right,left,Left-arm wrist-spin,spin,bowler,,synthetic_fixture:synthetic_external_metadata/v1 | synthetic_fixture:synthetic_external_metadata/v1 | derived:role_from_usage/v1,0.99 | 0.99 | 0.95,false
U Junipercourt,syn00428,female,Fenmarch Women,480,right,,,,batter,,synthetic_fixture:synthetic_external_metadata/v1 | derived:role_from_usage/v1,0.99 | 0.95,false
I Corrwood,syn00218,female,Riverton Owls Women,480,,,,,bowler,,derived:role_from_usage/v1,0.95,false
T Junipercombe,syn00009,male,Northshire Comets,478,right,right,Off-spin,spin,all-rounder,,synthetic_fixture:synthetic_external_metadata/v1 | synthetic_fixture:synthetic_external_metadata/v1 | derived:role_from_usage/v1,0.99 | 0.99 | 0.95,false
X Stormaway,syn00360,female,Brenmark Women,478,left,,,,batter,,synthetic_fixture:synthetic_external_metadata/v1 | derived:role_from_usage/v1,0.99 | 0.95,false
P Kinghart,syn00207,female,Riverton Owls Women,478,left,,,,batter,,synthetic_fixture:synthetic_external_metadata/v1 | derived:role_from_usage/v1,0.99 | 0.95,false
C Draygrove,syn00156,female,Eastvale Kites Women,477,,,,,batter,,derived:role_from_usage/v1,0.95,false
C Glenfield,syn00157,female,Eastvale Kites Women,477,left,left,Left-arm orthodox,spin,batter,,synthetic_fixture:synthetic_external_metadata/v1 | synthetic_fixture:synthetic_external_metadata/v1 | derived:role_from_usage/v1,0.99 | 0.99 | 0.95,false
Y Coldvan,syn00385,female,Caldora Women,477,right,left,Left-arm fast,pace,all-rounder,,synthetic_fixture:synthetic_external_metadata/v1 | synthetic_fixture:synthetic_external_metadata/v1 | derived:role_from_usage/v1,0.99 | 0.99 | 0.95,false
B Coldgrove,syn00420,female,Estrova Women,476,right,left,Left-arm fast,pace,bowler,,synthetic_fixture:synthetic_external_metadata/v1 | synthetic_fixture:synthetic_external_metadata/v1 | derived:role_from_usage/v1,0.99 | 0.99 | 0.95,false
A Yarrowcombe,syn00145,female,Northshire Comets Women,476,right,left,Left-arm orthodox,spin,all-rounder,,synthetic_fixture:synthetic_external_metadata/v1 | synthetic_fixture:synthetic_external_metadata/v1 | derived:role_from_usage/v1,0.99 | 0.99 | 0.95,false
J Ravenwick,syn00442,female,Fenmarch Women,476,right,right,Right-arm fast-medium,pace,bowler,,synthetic_fixture:synthetic_external_metadata/v1 | synthetic_fixture:synthetic_external_metadata/v1 | derived:role_from_usage/v1,0.99 | 0.99 | 0.95,false
K Dunhart,syn00383,female,Caldora Women,476,right,left,Left-arm fast,pace,all-rounder,,synthetic_fixture:synthetic_external_metadata/v1 | synthetic_fixture:synthetic_external_metadata/v1 | derived:role_from_usage/v1,0.99 | 0.99 | 0.95,false
B Ashridge,syn00418,female,Estrova Women,475,,,,,all-rounder,,derived:role_from_usage/v1,0.95,false
Z Inchwood,syn00430,female,Fenmarch Women,475,right,,,,batter,,synthetic_fixture:synthetic_external_metadata/v1 | derived:role_from_usage/v1,0.99 | 0.95,false
K Wexwind,syn00215,female,Riverton Owls Women,475,left,left,Left-arm orthodox,spin,all-rounder,,synthetic_fixture:synthetic_external_metadata/v1 | synthetic_fixture:synthetic_external_metadata/v1 | derived:role_from_usage/v1,0.99 | 0.99 | 0.95,false
B Junipervan,syn00384,female,Caldora Women,475,right,left,Left-arm wrist-spin,spin,all-rounder,,synthetic_fixture:synthetic_external_metadata/v1 | synthetic_fixture:synthetic_external_metadata/v1 | derived:role_from_usage/v1,0.99 | 0.99 | 0.95,false
A Kestrelhart,syn00151,female,Northshire Comets Women,475,left,left,Left-arm fast,pace,bowler,,synthetic_fixture:synthetic_external_metadata/v1 | synthetic_fixture:synthetic_external_metadata/v1 | derived:role_from_usage/v1,0.99 | 0.99 | 0.95,false
A Juniperholt,syn00390,female,Caldora Women,474,,,,,bowler,,derived:role_from_usage/v1,0.95,false
N Junipermoor,syn00183,female,Westmoor Lancers Women,474,,,,,bowler,,derived:role_from_usage/v1,0.95,false
A Thistlewind,syn00344,female,Avalor Women,474,,,,,batter,,derived:role_from_usage/v1,0.95,false
T Inchby,syn00431,female,Fenmarch Women,473,,,,,batter,,derived:role_from_usage/v1,0.95,false
L Foxson,syn00379,female,Caldora Women,472,left,,,,batter,,synthetic_fixture:synthetic_external_metadata/v1 | derived:role_from_usage/v1,0.99 | 0.95,false
Z Marchwell,syn00168,female,Eastvale Kites Women,471,,,,,bowler,,derived:role_from_usage/v1,0.95,false
K Brackley,syn00388,female,Caldora Women,471,,,,,bowler,,derived:role_from_usage/v1,0.95,false
B Hollowley,syn00366,female,Brenmark Women,471,left,left,Left-arm fast-medium,pace,all-rounder,,synthetic_fixture:synthetic_external_metadata/v1 | synthetic_fixture:synthetic_external_metadata/v1 | derived:role_from_usage/v1,0.99 | 0.99 | 0.95,false
V Thistlevan,syn00440,female,Fenmarch Women,471,right,left,Left-arm fast-medium,pace,bowler,,synthetic_fixture:synthetic_external_metadata/v1 | synthetic_fixture:synthetic_external_metadata/v1 | derived:role_from_usage/v1,0.99 | 0.99 | 0.95,false
M Kingwood,syn00391,female,Caldora Women,471,left,left,Left-arm wrist-spin,spin,bowler,,synthetic_fixture:synthetic_external_metadata/v1 | synthetic_fixture:synthetic_external_metadata/v1 | derived:role_from_usage/v1,0.99 | 0.99 | 0.95,false
R Underton,syn00172,female,Westmoor Lancers Women,471,right,,,,batter,,synthetic_fixture:synthetic_external_metadata/v1 | derived:role_from_usage/v1,0.99 | 0.95,false
K Larkhart,syn00062,male,Southbay Herons,471,right,right,Right-arm fast-medium,pace,all-rounder,,synthetic_fixture:synthetic_external_metadata/v1 | synthetic_fixture:synthetic_external_metadata/v1 | derived:role_from_usage/v1,0.99 | 0.99 | 0.95,false
X Stormfield,syn00343,female,Avalor Women,470,left,,,,batter,,synthetic_fixture:synthetic_external_metadata/v1 | derived:role_from_usage/v1,0.99 | 0.95,false
Z Marchson,syn00372,female,Brenmark Women,470,right,right,Right-arm fast,pace,bowler,,synthetic_fixture:synthetic_external_metadata/v1 | synthetic_fixture:synthetic_external_metadata/v1 | derived:role_from_usage/v1,0.99 | 0.99 | 0.95,false
S Kingfield,syn00439,female,Fenmarch Women,470,left,left,Left-arm orthodox,spin,bowler,,synthetic_fixture:synthetic_external_metadata/v1 | synthetic_fixture:synthetic_external_metadata/v1 | derived:role_from_usage/v1,0.99 | 0.99 | 0.95,false
R Inchmoor,syn00078,male,Riverton Owls,470,right,left,Left-arm fast-medium,pace,all-rounder,,synthetic_fixture:synthetic_external_metadata/v1 | synthetic_fixture:synthetic_external_metadata/v1 | derived:role_from_usage/v1,0.99 | 0.99 | 0.95,false
S Kestrelgrove,syn00410,female,Estrova Women,470,left,,,,batter,,synthetic_fixture:synthetic_external_metadata/v1 | derived:role_from_usage/v1,0.99 | 0.95,false
F Quarrgrove,syn00342,female,Avalor Women,469,left,right,Right-arm fast,pace,batter,,synthetic_fixture:synthetic_external_metadata/v1 | synthetic_fixture:synthetic_external_metadata/v1 | derived:role_from_usage/v1,0.99 | 0.99 | 0.95,false
D Farrowgrove,syn00187,female,Westmoor Lancers Women,468,left,right,Right-arm medium,pace,bowler,,synthetic_fixture:synthetic_external_metadata/v1 | synthetic_fixture:synthetic_external_metadata/v1 | derived:role_from_usage/v1,0.99 | 0.99 | 0.95,false
K Valestoke,syn00171,female,Westmoor Lancers Women,468,,,,,batter,,derived:role_from_usage/v1,0.95,false
C Harrowmere,syn00427,female,Fenmarch Women,468,left,,,,batter,,synthetic_fixture:synthetic_external_metadata/v1 | derived:role_from_usage/v1,0.99 | 0.95,false
Z Farrowby,syn00355,female,Avalor Women,467,,,,,bowler,,derived:role_from_usage/v1,0.95,false
X Northhart,syn00146,female,Northshire Comets Women,467,right,left,Left-arm orthodox,spin,all-rounder,,synthetic_fixture:synthetic_external_metadata/v1 | synthetic_fixture:synthetic_external_metadata/v1 | derived:role_from_usage/v1,0.99 | 0.99 | 0.95,false
P Ashford,syn00158,female,Eastvale Kites Women,467,left,,,,batter,,synthetic_fixture:synthetic_external_metadata/v1 | derived:role_from_usage/v1,0.99 | 0.95,false
B Hollowwell,syn00437,female,Fenmarch Women,467,right,right,Off-spin,spin,bowler,,synthetic_fixture:synthetic_external_metadata/v1 | synthetic_fixture:synthetic_external_metadata/v1 | derived:role_from_usage/v1,0.99 | 0.99 | 0.95,false
D Marchford,syn00371,female,Brenmark Women,466,,,,,bowler,,derived:role_from_usage/v1,0.95,false
E Kingwind,syn00527,male,Westmoor Lancers,466,left,right,Right-arm medium,pace,bowler,,synthetic_fixture:synthetic_external_metadata/v1 | synthetic_fixture:synthetic_external_metadata/v1 | derived:role_from_usage/v1,0.99 | 0.99 | 0.95,false
O Amberwick,syn00412,female,Estrova Women,466,right,,,,batter,,synthetic_fixture:synthetic_external_metadata/v1 | derived:role_from_usage/v1,0.99 | 0.95,false
U Birchby,syn00159,female,Eastvale Kites Women,466,left,,,,batter,,synthetic_fixture:synthetic_external_metadata/v1 | derived:role_from_usage/v1,0.99 | 0.95,false
B Stormson,syn00349,female,Avalor Women,465,left,right,Right-arm fast,pace,all-rounder,,synthetic_fixture:synthetic_external_metadata/v1 | synthetic_fixture:synthetic_external_metadata/v1 | derived:role_from_usage/v1,0.99 | 0.99 | 0.95,false
X Corraway,syn00414,female,Estrova Women,465,right,,,,batter,,synthetic_fixture:synthetic_external_metadata/v1 | derived:role_from_usage/v1,0.99 | 0.95,false
V Inchwell,syn00149,female,Northshire Comets Women,465,right,left,Left-arm fast,pace,bowler,,synthetic_fixture:synthetic_external_metadata/v1 | synthetic_fixture:synthetic_external_metadata/v1 | derived:role_from_usage/v1,0.99 | 0.99 | 0.95,false
I Lowenmere,syn00237,female,Highcliff Rams Women,465,right,right,Leg-spin,spin,bowler,,synthetic_fixture:synthetic_external_metadata/v1 | synthetic_fixture:synthetic_external_metadata/v1 | derived:role_from_usage/v1,0.99 | 0.99 | 0.95,false
P Larkwood,syn00358,female,Brenmark Women,464,right,right,Right-arm fast-medium,pace,batter,,synthetic_fixture:synthetic_external_metadata/v1 | synthetic_fixture:synthetic_external_metadata/v1 | derived:role_from_usage/v1,0.99 | 0.99 | 0.95,false
J Hollowwick,syn00377,female,Caldora Women,464,right,right,Off-spin,spin,batter,,synthetic_fixture:synthetic_external_metadata/v1 | synthetic_fixture:synthetic_external_metadata/v1 | derived:role_from_usage/v1,0.99 | 0.99 | 0.95,false
X Undermere,syn00413,female,Estrova Women,464,right,,,,batter,,synthetic_fixture:synthetic_external_metadata/v1 | derived:role_from_usage/v1,0.99 | 0.95,false
M Kestrelley,syn00140,female,Northshire Comets Women,464,right,,,,batter,,synthetic_fixture:synthetic_external_metadata/v1 | derived:role_from_usage/v1,0.99 | 0.95,false
D Coldwick,syn00375,female,Caldora Women,464,left,,,,batter,,synthetic_fixture:synthetic_external_metadata/v1 | derived:role_from_usage/v1,0.99 | 0.95,false
R Underwick,syn00209,female,Riverton Owls Women,462,right,,,,batter,,synthetic_fixture:synthetic_external_metadata/v1 | derived:role_from_usage/v1,0.99 | 0.95,false
O Kingmere,syn00170,female,Eastvale Kites Women,461,right,left,Left-arm fast,pace,bowler,,synthetic_fixture:synthetic_external_metadata/v1 | synthetic_fixture:synthetic_external_metadata/v1 | derived:role_from_usage/v1,0.99 | 0.99 | 0.95,false
F Dunwood,syn00380,female,Caldora Women,461,right,,,,batter,,synthetic_fixture:synthetic_external_metadata/v1 | derived:role_from_usage/v1,0.99 | 0.95,false
H Kestrelmere,syn00217,female,Riverton Owls Women,460,right,right,Right-arm medium,pace,bowler,,synthetic_fixture:synthetic_external_metadata/v1 | synthetic_fixture:synthetic_external_metadata/v1 | derived:role_from_usage/v1,0.99 | 0.99 | 0.95,false
H Harrowvan,syn00386,female,Caldora Women,460,right,right,Off-spin,spin,bowler,,synthetic_fixture:synthetic_external_metadata/v1 | synthetic_fixture:synthetic_external_metadata/v1 | derived:role_from_usage/v1,0.99 | 0.99 | 0.95,false
A Brackcombe,syn00180,female,Westmoor Lancers Women,459,,,,,all-rounder,,derived:role_from_usage/v1,0.95,false
L Marchley,syn00411,female,Estrova Women,458,,,,,batter,,derived:role_from_usage/v1,0.95,false
B Brackmere,syn00417,female,Estrova Women,457,,,,,all-rounder,,derived:role_from_usage/v1,0.95,false
A Drayaway,syn00426,female,Fenmarch Women,455,right,,,,batter,,synthetic_fixture:synthetic_external_metadata/v1 | derived:role_from_usage/v1,0.99 | 0.95,false
G Birchwell,syn00166,female,Eastvale Kites Women,455,right,left,Left-arm orthodox,spin,bowler,,synthetic_fixture:synthetic_external_metadata/v1 | synthetic_fixture:synthetic_external_metadata/v1 | derived:role_from_usage/v1,0.99 | 0.99 | 0.95,false
U Yarrowbank,syn00419,female,Estrova Women,454,left,right,Right-arm medium,pace,all-rounder,,synthetic_fixture:synthetic_external_metadata/v1 | synthetic_fixture:synthetic_external_metadata/v1 | derived:role_from_usage/v1,0.99 | 0.99 | 0.95,false
W Glenford,syn00422,female,Estrova Women,454,,,,,bowler,,derived:role_from_usage/v1,0.95,false
M Larkwell,syn00438,female,Fenmarch Women,454,right,right,Leg-spin,spin,bowler,,synthetic_fixture:synthetic_external_metadata/v1 | synthetic_fixture:synthetic_external_metadata/v1 | derived:role_from_usage/v1,0.99 | 0.99 | 0.95,false
D Ironvan,syn00353,female,Avalor Women,452,left,right,Leg-spin,spin,bowler,,synthetic_fixture:synthetic_external_metadata/v1 | synthetic_fixture:synthetic_external_metadata/v1 | derived:role_from_usage/v1,0.99 | 0.99 | 0.95,false
O Kingwell,syn00424,female,Estrova Women,451,right,right,Leg-spin,spin,bowler,,synthetic_fixture:synthetic_external_metadata/v1 | synthetic_fixture:synthetic_external_metadata/v1 | derived:role_from_usage/v1,0.99 | 0.99 | 0.95,false
D Quarrmoor,syn00154,female,Eastvale Kites Women,450,right,left,Left-arm wrist-spin,spin,batter,,synthetic_fixture:synthetic_external_metadata/v1 | synthetic_fixture:synthetic_external_metadata/v1 | derived:role_from_usage/v1,0.99 | 0.99 | 0.95,false
B Elderwind,syn00409,female,Estrova Women,449,left,,,,batter,,synthetic_fixture:synthetic_external_metadata/v1 | derived:role_from_usage/v1,0.99 | 0.95,false
O Emberfield,syn00425,female,Estrova Women,449,right,right,Right-arm fast-medium,pace,bowler,,synthetic_fixture:synthetic_external_metadata/v1 | synthetic_fixture:synthetic_external_metadata/v1 | derived:role_from_usage/v1,0.99 | 0.99 | 0.95,false
B Inchvan,syn00191,female,Southbay Herons Women,446,right,,,,batter,,synthetic_fixture:synthetic_external_metadata/v1 | derived:role_from_usage/v1,0.99 | 0.95,false
A Marchwood,syn00182,female,Westmoor Lancers Women,445,right,right,Right-arm fast,pace,bowler,,synthetic_fixture:synthetic_external_metadata/v1 | synthetic_fixture:synthetic_external_metadata/v1 | derived:role_from_usage/v1,0.99 | 0.99 | 0.95,false
N Foxwell,syn00513,male,Southbay Herons,444,right,right,Right-arm fast,pace,all-rounder,,synthetic_fixture:synthetic_external_metadata/v1 | synthetic_fixture:synthetic_external_metadata/v1 | derived:role_from_usage/v1,0.99 | 0.99 | 0.95,false
P Glenwood,syn00203,female,Southbay Herons Women,443,right,right,Leg-spin,spin,bowler,,synthetic_fixture:synthetic_external_metadata/v1 | synthetic_fixture:synthetic_external_metadata/v1 | derived:role_from_usage/v1,0.99 | 0.99 | 0.95,false
J Northaway,syn00076,male,Riverton Owls,443,right,,,,wicketkeeper-batter,yes,synthetic_fixture:synthetic_external_metadata/v1 | derived:role_from_usage/v1 | derived:keeper_inference_aggregate/v1,0.99 | 0.95 | 0.97,false
V Glenbank,syn00193,female,Southbay Herons Women,439,left,,,,batter,,synthetic_fixture:synthetic_external_metadata/v1 | derived:role_from_usage/v1,0.99 | 0.95,false
Y Pellmoor,syn00152,female,Northshire Comets Women,437,left,left,Left-arm orthodox,spin,bowler,,synthetic_fixture:synthetic_external_metadata/v1 | synthetic_fixture:synthetic_external_metadata/v1 | derived:role_from_usage/v1,0.99 | 0.99 | 0.95,false
C Draywick,syn00197,female,Southbay Herons Women,437,right,left,Left-arm wrist-spin,spin,all-rounder,,synthetic_fixture:synthetic_external_metadata/v1 | synthetic_fixture:synthetic_external_metadata/v1 | derived:role_from_usage/v1,0.99 | 0.99 | 0.95,false
N Foxgrove,syn00421,female,Estrova Women,437,right,right,Right-arm fast-medium,pace,bowler,,synthetic_fixture:synthetic_external_metadata/v1 | synthetic_fixture:synthetic_external_metadata/v1 | derived:role_from_usage/v1,0.99 | 0.99 | 0.95,false
F Yarrowvan,syn00223,female,Highcliff Rams Women,435,left,,,,batter,,synthetic_fixture:synthetic_external_metadata/v1 | derived:role_from_usage/v1,0.99 | 0.95,false
S Marchcombe,syn00554,male,Stonebridge Wolves,432,right,right,Leg-spin,spin,batter,,synthetic_fixture:synthetic_external_metadata/v1 | synthetic_fixture:synthetic_external_metadata/v1 | derived:role_from_usage/v1,0.99 | 0.99 | 0.95,false
N Ravenholt,syn00512,male,Westmoor Lancers,431,right,,,,wicketkeeper-batter,yes,synthetic_fixture:synthetic_external_metadata/v1 | derived:role_from_usage/v1 | derived:keeper_inference_aggregate/v1,0.99 | 0.95 | 0.97,false
S Merriwind,syn00553,male,Stonebridge Wolves,431,right,left,Left-arm wrist-spin,spin,bowler,,synthetic_fixture:synthetic_external_metadata/v1 | synthetic_fixture:synthetic_external_metadata/v1 | derived:role_from_usage/v1,0.99 | 0.99 | 0.95,false
E Northton,syn00434,female,Fenmarch Women,429,left,left,Left-arm orthodox,spin,all-rounder,,synthetic_fixture:synthetic_external_metadata/v1 | synthetic_fixture:synthetic_external_metadata/v1 | derived:role_from_usage/v1,0.99 | 0.99 | 0.95,false
E Yarrowcourt,syn00222,female,Highcliff Rams Women,427,,,,,batter,,derived:role_from_usage/v1,0.95,false
H Birchton,syn00613,female,Highcliff Rams Women,426,right,right,Right-arm fast-medium,pace,bowler,,synthetic_fixture:synthetic_external_metadata/v1 | synthetic_fixture:synthetic_external_metadata/v1 | derived:role_from_usage/v1,0.99 | 0.99 | 0.95,false
P Harrowbank,syn00200,female,Southbay Herons Women,423,right,right,Right-arm fast,pace,bowler,,synthetic_fixture:synthetic_external_metadata/v1 | synthetic_fixture:synthetic_external_metadata/v1 | derived:role_from_usage/v1,0.99 | 0.99 | 0.95,false
L Foxcourt,syn00201,female,Southbay Herons Women,422,left,left,Left-arm wrist-spin,spin,bowler,,synthetic_fixture:synthetic_external_metadata/v1 | synthetic_fixture:synthetic_external_metadata/v1 | derived:role_from_usage/v1,0.99 | 0.99 | 0.95,false
L Merricombe,syn00102,male,Highcliff Rams,421,right,left,Left-arm fast-medium,pace,bowler,,synthetic_fixture:synthetic_external_metadata/v1 | synthetic_fixture:synthetic_external_metadata/v1 | derived:role_from_usage/v1,0.99 | 0.99 | 0.95,false
T Inchbank,syn00135,male,Stonebridge Wolves,420,left,left,Left-arm orthodox,spin,bowler,,synthetic_fixture:synthetic_external_metadata/v1 | synthetic_fixture:synthetic_external_metadata/v1 | derived:role_from_usage/v1,0.99 | 0.99 | 0.95,false
A Corrfield,syn00526,male,Eastvale Kites,418,right,,,,batter,,synthetic_fixture:synthetic_external_metadata/v1 | derived:role_from_usage/v1,0.99 | 0.95,false
P Pellby,syn00204,female,Southbay Herons Women,417,,,,,bowler,,derived:role_from_usage/v1,0.95,false
R Ravengrove,syn00136,male,Stonebridge Wolves,408,,,,,bowler,,derived:role_from_usage/v1,0.95,false
A Oakstoke,syn00057,male,Southbay Herons,408,left,,,,batter,,synthetic_fixture:synthetic_external_metadata/v1 | derived:role_from_usage/v1,0.99 | 0.95,false
C Valeford,syn00175,female,Westmoor Lancers Women,406,left,,,,batter,,synthetic_fixture:synthetic_external_metadata/v1 | derived:role_from_usage/v1,0.99 | 0.95,false
E Kestrelfield,syn00529,male,Southbay Herons,404,right,right,Leg-spin,spin,bowler,,synthetic_fixture:synthetic_external_metadata/v1 | synthetic_fixture:synthetic_external_metadata/v1 | derived:role_from_usage/v1,0.99 | 0.99 | 0.95,false
A Oakby,syn00105,male,Lakeside Falcons,404,left,,,,batter,,synthetic_fixture:synthetic_external_metadata/v1 | derived:role_from_usage/v1,0.99 | 0.95,false
L Harrowby,syn00495,male,Westmoor Lancers,403,,,,,bowler,,derived:role_from_usage/v1,0.95,false
T Ravenridge,syn00518,male,Highcliff Rams,403,right,left,Left-arm orthodox,spin,batter,,synthetic_fixture:synthetic_external_metadata/v1 | synthetic_fixture:synthetic_external_metadata/v1 | derived:role_from_usage/v1,0.99 | 0.99 | 0.95,false
C Corrcombe,syn00047,male,Westmoor Lancers,402,left,right,Right-arm medium,pace,bowler,,synthetic_fixture:synthetic_external_metadata/v1 | synthetic_fixture:synthetic_external_metadata/v1 | derived:role_from_usage/v1,0.99 | 0.99 | 0.95,false
K Lowenwind,syn00083,male,Riverton Owls,401,,,,,bowler,,derived:role_from_usage/v1,0.95,false
J Larkcourt,syn00542,male,Eastvale Kites,401,right,left,Left-arm wrist-spin,spin,bowler,,synthetic_fixture:synthetic_external_metadata/v1 | synthetic_fixture:synthetic_external_metadata/v1 | derived:role_from_usage/v1,0.99 | 0.99 | 0.95,false
P Drayholt,syn00164,female,Eastvale Kites Women,398,right,right,Right-arm fast-medium,pace,all-rounder,,synthetic_fixture:synthetic_external_metadata/v1 | synthetic_fixture:synthetic_external_metadata/v1 | derived:role_from_usage/v1,0.99 | 0.99 | 0.95,false
H Ironson,syn00533,male,Highcliff Rams,398,right,,,,wicketkeeper-batter,yes,synthetic_fixture:synthetic_external_metadata/v1 | derived:role_from_usage/v1 | derived:keeper_inference_aggregate/v1,0.99 | 0.95 | 0.97,false
O Hollowcombe,syn00150,female,Northshire Comets Women,398,right,left,Left-arm fast-medium,pace,bowler,,synthetic_fixture:synthetic_external_metadata/v1 | synthetic_fixture:synthetic_external_metadata/v1 | derived:role_from_usage/v1,0.99 | 0.99 | 0.95,false
X Quarrvan,syn00517,male,Highcliff Rams,394,right,,,,batter,,synthetic_fixture:synthetic_external_metadata/v1 | derived:role_from_usage/v1,0.99 | 0.95,false
Y Underford,syn00004,male,Northshire Comets,392,,,,,batter,,derived:role_from_usage/v1,0.95,false
P Thistlewick,syn00065,male,Southbay Herons,391,,,,,bowler,,derived:role_from_usage/v1,0.95,false
C Ravencombe,syn00508,male,Northshire Comets,391,,,,,bowler,,derived:role_from_usage/v1,0.95,false
H Ashton,syn00399,female,Dunmere Women,390,left,,,,wicketkeeper-batter,yes,synthetic_fixture:synthetic_external_metadata/v1 | derived:role_from_usage/v1 | derived:keeper_inference_aggregate/v1,0.99 | 0.95 | 0.97,false
Q Birchvan,syn00546,male,Southbay Herons,389,right,,,,batter,,synthetic_fixture:synthetic_external_metadata/v1 | derived:role_from_usage/v1,0.99 | 0.95,false
I Dunholt,syn00611,female,Riverton Owls Women,387,,,,,batter,,derived:role_from_usage/v1,0.95,false
C Dunford,syn00608,female,Westmoor Lancers Women,387,,,,,bowler,,derived:role_from_usage/v1,0.95,false
Q Stormmere,syn00181,female,Westmoor Lancers Women,386,left,right,Right-arm fast,pace,all-rounder,,synthetic_fixture:synthetic_external_metadata/v1 | synthetic_fixture:synthetic_external_metadata/v1 | derived:role_from_usage/v1,0.99 | 0.99 | 0.95,false
P Merrimoor,syn00464,male,Westmoor Lancers,384,,,,,all-rounder,,derived:role_from_usage/v1,0.95,false
K Brackfield,syn00551,male,Lakeside Falcons,383,right,right,Right-arm medium,pace,bowler,,synthetic_fixture:synthetic_external_metadata/v1 | synthetic_fixture:synthetic_external_metadata/v1 | derived:role_from_usage/v1,0.99 | 0.99 | 0.95,false
L Farrowaway,syn00543,male,Westmoor Lancers,382,right,,,,batter,,synthetic_fixture:synthetic_external_metadata/v1 | derived:role_from_usage/v1,0.99 | 0.95,false
P Lowenwell,syn00607,female,Westmoor Lancers Women,381,right,,,,batter,,synthetic_fixture:synthetic_external_metadata/v1 | derived:role_from_usage/v1,0.99 | 0.95,false
P Hollowvan,syn00549,male,Highcliff Rams,380,left,right,Right-arm fast-medium,pace,bowler,,synthetic_fixture:synthetic_external_metadata/v1 | synthetic_fixture:synthetic_external_metadata/v1 | derived:role_from_usage/v1,0.99 | 0.99 | 0.95,false
W Stormcourt,syn00229,female,Highcliff Rams Women,380,right,,,,wicketkeeper-batter,yes,synthetic_fixture:synthetic_external_metadata/v1 | derived:role_from_usage/v1 | derived:keeper_inference_aggregate/v1,0.99 | 0.95 | 0.97,false
B Hollowwood,syn00192,female,Southbay Herons Women,379,left,,,,batter,,synthetic_fixture:synthetic_external_metadata/v1 | derived:role_from_usage/v1,0.99 | 0.95,false
D Kingley,syn00029,male,Eastvale Kites,379,right,right,Right-arm medium,pace,bowler,,synthetic_fixture:synthetic_external_metadata/v1 | synthetic_fixture:synthetic_external_metadata/v1 | derived:role_from_usage/v1,0.99 | 0.99 | 0.95,false
I Quarrholt,syn00460,male,Northshire Comets,378,,,,,batter,,derived:role_from_usage/v1,0.95,false
F Drayhart,syn00547,male,Riverton Owls,373,right,right,Off-spin,spin,all-rounder,,synthetic_fixture:synthetic_external_metadata/v1 | synthetic_fixture:synthetic_external_metadata/v1 | derived:role_from_usage/v1,0.99 | 0.99 | 0.95,false
S Wexwood,syn00625,female,Highcliff Rams Women,372,right,left,Left-arm wrist-spin,spin,all-rounder,,synthetic_fixture:synthetic_external_metadata/v1 | synthetic_fixture:synthetic_external_metadata/v1 | derived:role_from_usage/v1,0.99 | 0.99 | 0.95,false
P Ravenfield,syn00365,female,Brenmark Women,372,right,,,,wicketkeeper-batter,yes,synthetic_fixture:synthetic_external_metadata/v1 | derived:role_from_usage/v1 | derived:keeper_inference_aggregate/v1,0.99 | 0.95 | 0.97,false
C Oakford,syn00482,male,Southbay Herons,370,left,,,,wicketkeeper-batter,yes,synthetic_fixture:synthetic_external_metadata/v1 | derived:role_from_usage/v1 | derived:keeper_inference_aggregate/v1,0.99 | 0.95 | 0.97,false
W Quarrwell,syn00348,female,Avalor Women,366,right,,,,wicketkeeper-batter,yes,synthetic_fixture:synthetic_external_metadata/v1 | derived:role_from_usage/v1 | derived:keeper_inference_aggregate/v1,0.99 | 0.95 | 0.97,false
P Birchford,syn00003,male,Northshire Comets,364,left,,,,batter,,synthetic_fixture:synthetic_external_metadata/v1 | derived:role_from_usage/v1,0.99 | 0.95,false
E Northholt,syn00398,female,Dunmere Women,362,right,,,,wicketkeeper-batter,yes,synthetic_fixture:synthetic_external_metadata/v1 | derived:role_from_usage/v1 | derived:keeper_inference_aggregate/v1,0.99 | 0.95 | 0.97,false
Y Foxhart,syn00626,female,Highcliff Rams Women,362,,,,,bowler,,derived:role_from_usage/v1,0.95,false
R Stormridge,syn00364,female,Brenmark Women,361,right,,,,wicketkeeper-batter,yes,synthetic_fixture:synthetic_external_metadata/v1 | derived:role_from_usage/v1 | derived:keeper_inference_aggregate/v1,0.99 | 0.95 | 0.97,false
T Draymere,syn00433,female,Fenmarch Women,361,right,,,,wicketkeeper-batter,yes,synthetic_fixture:synthetic_external_metadata/v1 | derived:role_from_usage/v1 | derived:keeper_inference_aggregate/v1,0.99 | 0.95 | 0.97,false
A Ambervan,syn00382,female,Caldora Women,359,left,,,,wicketkeeper-batter,yes,synthetic_fixture:synthetic_external_metadata/v1 | derived:role_from_usage/v1 | derived:keeper_inference_aggregate/v1,0.99 | 0.95 | 0.97,false
K Glenton,syn00416,female,Estrova Women,358,right,,,,wicketkeeper-batter,yes,synthetic_fixture:synthetic_external_metadata/v1 | derived:role_from_usage/v1 | derived:keeper_inference_aggregate/v1,0.99 | 0.95 | 0.97,false
O Juniperridge,syn00228,female,Highcliff Rams Women,357,,,,,wicketkeeper-batter,yes,derived:role_from_usage/v1 | derived:keeper_inference_aggregate/v1,0.95 | 0.97,false
F Yarrowgrove,syn00178,female,Westmoor Lancers Women,355,right,,,,wicketkeeper-batter,yes,synthetic_fixture:synthetic_external_metadata/v1 | derived:role_from_usage/v1 | derived:keeper_inference_aggregate/v1,0.99 | 0.95 | 0.97,false
Q Ironholt,syn00381,female,Caldora Women,355,right,,,,wicketkeeper-batter,yes,synthetic_fixture:synthetic_external_metadata/v1 | derived:role_from_usage/v1 | derived:keeper_inference_aggregate/v1,0.99 | 0.95 | 0.97,false
H Harrowholt,syn00212,female,Riverton Owls Women,354,left,,,,wicketkeeper-batter,yes,synthetic_fixture:synthetic_external_metadata/v1 | derived:role_from_usage/v1 | derived:keeper_inference_aggregate/v1,0.99 | 0.95 | 0.97,false
R Stormwind,syn00347,female,Avalor Women,354,right,,,,wicketkeeper-batter,yes,synthetic_fixture:synthetic_external_metadata/v1 | derived:role_from_usage/v1 | derived:keeper_inference_aggregate/v1,0.99 | 0.95 | 0.97,false
J Birchfield,syn00532,male,Riverton Owls,351,right,,,,wicketkeeper-batter,yes,synthetic_fixture:synthetic_external_metadata/v1 | derived:role_from_usage/v1 | derived:keeper_inference_aggregate/v1,0.99 | 0.95 | 0.97,false
Q Harrowton,syn00138,female,Northshire Comets Women,350,right,,,,batter,,synthetic_fixture:synthetic_external_metadata/v1 | derived:role_from_usage/v1,0.99 | 0.95,false
P Juniperaway,syn00139,female,Northshire Comets Women,350,right,right,Leg-spin,spin,batter,,synthetic_fixture:synthetic_external_metadata/v1 | synthetic_fixture:synthetic_external_metadata/v1 | derived:role_from_usage/v1,0.99 | 0.99 | 0.95,false
Z Oakmere,syn00432,female,Fenmarch Women,347,right,,,,wicketkeeper-batter,yes,synthetic_fixture:synthetic_external_metadata/v1 | derived:role_from_usage/v1 | derived:keeper_inference_aggregate/v1,0.99 | 0.95 | 0.97,false
T Larkstoke,syn00143,female,Northshire Comets Women,346,left,,,,wicketkeeper-batter,yes,synthetic_fixture:synthetic_external_metadata/v1 | derived:role_from_usage/v1 | derived:keeper_inference_aggregate/v1,0.99 | 0.95 | 0.97,false
X Kingbank,syn00160,female,Eastvale Kites Women,343,,,,,wicketkeeper-batter,yes,derived:role_from_usage/v1 | derived:keeper_inference_aggregate/v1,0.95 | 0.97,false
F Valeholt,syn00231,female,Highcliff Rams Women,342,,,,,all-rounder,,derived:role_from_usage/v1,0.95,false
Q Foxstoke,syn00177,female,Westmoor Lancers Women,341,,,,,wicketkeeper-batter,yes,derived:role_from_usage/v1 | derived:keeper_inference_aggregate/v1,0.95 | 0.97,false
B Lowenby,syn00622,female,Southbay Herons Women,340,right,left,Left-arm fast-medium,pace,all-rounder,,synthetic_fixture:synthetic_external_metadata/v1 | synthetic_fixture:synthetic_external_metadata/v1 | derived:role_from_usage/v1,0.99 | 0.99 | 0.95,false
A Pellfield,syn00609,female,Southbay Herons Women,339,,,,,bowler,,derived:role_from_usage/v1,0.95,false
U Coldmere,syn00219,female,Riverton Owls Women,337,right,right,Right-arm medium,pace,bowler,,synthetic_fixture:synthetic_external_metadata/v1 | synthetic_fixture:synthetic_external_metadata/v1 | derived:role_from_usage/v1,0.99 | 0.99 | 0.95,false
L Underwell,syn00415,female,Estrova Women,335,left,,,,wicketkeeper-batter,yes,synthetic_fixture:synthetic_external_metadata/v1 | derived:role_from_usage/v1 | derived:keeper_inference_aggregate/v1,0.99 | 0.95 | 0.97,false
V Lowenaway,syn00186,female,Westmoor Lancers Women,334,right,left,Left-arm orthodox,spin,bowler,,synthetic_fixture:synthetic_external_metadata/v1 | synthetic_fixture:synthetic_external_metadata/v1 | derived:role_from_usage/v1,0.99 | 0.99 | 0.95,false
D Thistlegrove,syn00199,female,Southbay Herons Women,326,right,left,Left-arm fast,pace,bowler,,synthetic_fixture:synthetic_external_metadata/v1 | synthetic_fixture:synthetic_external_metadata/v1 | derived:role_from_usage/v1,0.99 | 0.99 | 0.95,false
Q Harrowwell,syn00624,female,Riverton Owls Women,326,right,right,Right-arm fast-medium,pace,bowler,,synthetic_fixture:synthetic_external_metadata/v1 | synthetic_fixture:synthetic_external_metadata/v1 | derived:role_from_usage/v1,0.99 | 0.99 | 0.95,false
C Greyson,syn00616,female,Northshire Comets Women,324,,,,,batter,,derived:role_from_usage/v1,0.95,false
H Kestrelcombe,syn00123,male,Stonebridge Wolves,322,right,,,,batter,,synthetic_fixture:synthetic_external_metadata/v1 | derived:role_from_usage/v1,0.99 | 0.95,false
J Wexwick,syn00552,male,Lakeside Falcons,319,,,,,wicketkeeper-batter,yes,derived:role_from_usage/v1 | derived:keeper_inference_aggregate/v1,0.95 | 0.97,false
R Kinggrove,syn00620,female,Westmoor Lancers Women,316,right,right,Right-arm medium,pace,batter,,synthetic_fixture:synthetic_external_metadata/v1 | synthetic_fixture:synthetic_external_metadata/v1 | derived:role_from_usage/v1,0.99 | 0.99 | 0.95,false
B Coldwind,syn00621,female,Southbay Herons Women,313,left,left,Left-arm wrist-spin,spin,all-rounder,,synthetic_fixture:synthetic_external_metadata/v1 | synthetic_fixture:synthetic_external_metadata/v1 | derived:role_from_usage/v1,0.99 | 0.99 | 0.95,false
L Foxvan,syn00540,male,Northshire Comets,312,right,,,,wicketkeeper-batter,yes,synthetic_fixture:synthetic_external_metadata/v1 | derived:role_from_usage/v1 | derived:keeper_inference_aggregate/v1,0.99 | 0.95 | 0.97,false
W Marchcourt,syn00098,male,Highcliff Rams,311,right,right,Right-arm fast,pace,bowler,,synthetic_fixture:synthetic_external_metadata/v1 | synthetic_fixture:synthetic_external_metadata/v1 | derived:role_from_usage/v1,0.99 | 0.99 | 0.95,false
E Glengrove,syn00107,male,Lakeside Falcons,310,right,,,,batter,,synthetic_fixture:synthetic_external_metadata/v1 | derived:role_from_usage/v1,0.99 | 0.95,false
T Thistlewood,syn00206,female,Riverton Owls Women,309,left,right,Leg-spin,spin,batter,,synthetic_fixture:synthetic_external_metadata/v1 | synthetic_fixture:synthetic_external_metadata/v1 | derived:role_from_usage/v1,0.99 | 0.99 | 0.95,false
Q Foxwind,syn00144,female,Northshire Comets Women,309,left,,,,wicketkeeper-batter,yes,synthetic_fixture:synthetic_external_metadata/v1 | derived:role_from_usage/v1 | derived:keeper_inference_aggregate/v1,0.99 | 0.95 | 0.97,false
F Merrihart,syn00041,male,Westmoor Lancers,308,,,,,wicketkeeper-batter,yes,derived:role_from_usage/v1 | derived:keeper_inference_aggregate/v1,0.95 | 0.97,false
D Birchholt,syn00483,male,Riverton Owls,306,left,left,Left-arm orthodox,spin,batter,,synthetic_fixture:synthetic_external_metadata/v1 | synthetic_fixture:synthetic_external_metadata/v1 | derived:role_from_usage/v1,0.99 | 0.99 | 0.95,false
O Larkley,syn00555,male,Northshire Comets,306,left,left,Left-arm fast-medium,pace,bowler,,synthetic_fixture:synthetic_external_metadata/v1 | synthetic_fixture:synthetic_external_metadata/v1 | derived:role_from_usage/v1,0.99 | 0.99 | 0.95,false
B Farrowcombe,syn00605,female,Eastvale Kites Women,306,right,,,,wicketkeeper-batter,yes,synthetic_fixture:synthetic_external_metadata/v1 | derived:role_from_usage/v1 | derived:keeper_inference_aggregate/v1,0.99 | 0.95 | 0.97,false
C Glenmoor,syn00541,male,Eastvale Kites,305,left,left,Left-arm fast,pace,batter,,synthetic_fixture:synthetic_external_metadata/v1 | synthetic_fixture:synthetic_external_metadata/v1 | derived:role_from_usage/v1,0.99 | 0.99 | 0.95,false
C Wexaway,syn00013,male,Northshire Comets,305,,,,,bowler,,derived:role_from_usage/v1,0.95,false
B Oakwood,syn00481,male,Southbay Herons,305,,,,,bowler,,derived:role_from_usage/v1,0.95,false
H Emberwell,syn00499,male,Riverton Owls,303,right,,,,wicketkeeper-batter,yes,synthetic_fixture:synthetic_external_metadata/v1 | derived:role_from_usage/v1 | derived:keeper_inference_aggregate/v1,0.99 | 0.95 | 0.97,false
D Hollowridge,syn00050,male,Westmoor Lancers,303,right,left,Left-arm orthodox,spin,bowler,,synthetic_fixture:synthetic_external_metadata/v1 | synthetic_fixture:synthetic_external_metadata/v1 | derived:role_from_usage/v1,0.99 | 0.99 | 0.95,false
A Wexley,syn00471,male,Lakeside Falcons,302,left,left,Left-arm orthodox,spin,bowler,,synthetic_fixture:synthetic_external_metadata/v1 | synthetic_fixture:synthetic_external_metadata/v1 | derived:role_from_usage/v1,0.99 | 0.99 | 0.95,false
V Valeaway,syn00109,male,Lakeside Falcons,301,,,,,wicketkeeper-batter,yes,derived:role_from_usage/v1 | derived:keeper_inference_aggregate/v1,0.95 | 0.97,false
W Oakley,syn00031,male,Eastvale Kites,301,,,,,bowler,,derived:role_from_usage/v1,0.95,false
A Ambermoor,syn00560,male,Westmoor Lancers,301,left,right,Right-arm medium,pace,bowler,,synthetic_fixture:synthetic_external_metadata/v1 | synthetic_fixture:synthetic_external_metadata/v1 | derived:role_from_usage/v1,0.99 | 0.99 | 0.95,false
X Amberford,syn00568,male,Lakeside Falcons,300,right,right,Leg-spin,spin,all-rounder,,synthetic_fixture:synthetic_external_metadata/v1 | synthetic_fixture:synthetic_external_metadata/v1 | derived:role_from_usage/v1,0.99 | 0.99 | 0.95,false
P Ironton,syn00567,male,Lakeside Falcons,300,left,right,Right-arm fast-medium,pace,bowler,,synthetic_fixture:synthetic_external_metadata/v1 | synthetic_fixture:synthetic_external_metadata/v1 | derived:role_from_usage/v1,0.99 | 0.99 | 0.95,false
X Dunwell,syn00493,male,Eastvale Kites,299,,,,,bowler,,derived:role_from_usage/v1,0.95,false
Z Glenstoke,syn00531,male,Riverton Owls,298,right,,,,batter,,synthetic_fixture:synthetic_external_metadata/v1 | derived:role_from_usage/v1,0.99 | 0.95,false
L Coldfield,syn00118,male,Lakeside Falcons,296,right,right,Right-arm fast,pace,bowler,,synthetic_fixture:synthetic_external_metadata/v1 | synthetic_fixture:synthetic_external_metadata/v1 | derived:role_from_usage/v1,0.99 | 0.99 | 0.95,false
C Quarrton,syn00537,male,Stonebridge Wolves,296,right,right,Right-arm fast-medium,pace,bowler,,synthetic_fixture:synthetic_external_metadata/v1 | synthetic_fixture:synthetic_external_metadata/v1 | derived:role_from_usage/v1,0.99 | 0.99 | 0.95,false
C Elderholt,syn00565,male,Highcliff Rams,293,right,right,Right-arm medium,pace,bowler,,synthetic_fixture:synthetic_external_metadata/v1 | synthetic_fixture:synthetic_external_metadata/v1 | derived:role_from_usage/v1,0.99 | 0.99 | 0.95,false
D Glencourt,syn00085,male,Riverton Owls,292,right,left,Left-arm fast-medium,pace,bowler,,synthetic_fixture:synthetic_external_metadata/v1 | synthetic_fixture:synthetic_external_metadata/v1 | derived:role_from_usage/v1,0.99 | 0.99 | 0.95,false
Z Marchridge,syn00562,male,Southbay Herons,290,right,right,Right-arm fast,pace,batter,,synthetic_fixture:synthetic_external_metadata/v1 | synthetic_fixture:synthetic_external_metadata/v1 | derived:role_from_usage/v1,0.99 | 0.99 | 0.95,false
A Embervan,syn00548,male,Riverton Owls,289,right,right,Right-arm medium,pace,bowler,,synthetic_fixture:synthetic_external_metadata/v1 | synthetic_fixture:synthetic_external_metadata/v1 | derived:role_from_usage/v1,0.99 | 0.99 | 0.95,false
M Amberfield,syn00566,male,Highcliff Rams,289,left,right,Right-arm fast-medium,pace,all-rounder,,synthetic_fixture:synthetic_external_metadata/v1 | synthetic_fixture:synthetic_external_metadata/v1 | derived:role_from_usage/v1,0.99 | 0.99 | 0.95,false
Q Farrowvan,syn00545,male,Southbay Herons,286,,,,,batter,,derived:role_from_usage/v1,0.95,false
U Foxholt,syn00563,male,Riverton Owls,285,left,left,Left-arm fast,pace,bowler,,synthetic_fixture:synthetic_external_metadata/v1 | synthetic_fixture:synthetic_external_metadata/v1 | derived:role_from_usage/v1,0.99 | 0.99 | 0.95,false
X Harrowcourt,syn00544,male,Westmoor Lancers,285,left,left,Left-arm wrist-spin,spin,bowler,,synthetic_fixture:synthetic_external_metadata/v1 | synthetic_fixture:synthetic_external_metadata/v1 | derived:role_from_usage/v1,0.99 | 0.99 | 0.95,false
T Hollowstoke,syn00226,female,Highcliff Rams Women,284,right,,,,batter,,synthetic_fixture:synthetic_external_metadata/v1 | derived:role_from_usage/v1,0.99 | 0.95,false
N Raventon,syn00068,male,Southbay Herons,282,right,left,Left-arm wrist-spin,spin,bowler,,synthetic_fixture:synthetic_external_metadata/v1 | synthetic_fixture:synthetic_external_metadata/v1 | derived:role_from_usage/v1,0.99 | 0.99 | 0.95,false
O Foxbank,syn00628,female,Northshire Comets Women,281,right,,,,batter,,synthetic_fixture:synthetic_external_metadata/v1 | derived:role_from_usage/v1,0.99 | 0.95,false
A Birchcourt,syn00558,male,Eastvale Kites,281,right,right,Right-arm fast,pace,batter,,synthetic_fixture:synthetic_external_metadata/v1 | synthetic_fixture:synthetic_external_metadata/v1 | derived:role_from_usage/v1,0.99 | 0.99 | 0.95,false
C Coldton,syn00559,male,Westmoor Lancers,280,right,,,,batter,,synthetic_fixture:synthetic_external_metadata/v1 | derived:role_from_usage/v1,0.99 | 0.95,false
P Harrowridge,syn00637,female,Highcliff Rams Women,279,right,,,,batter,,synthetic_fixture:synthetic_external_metadata/v1 | derived:role_from_usage/v1,0.99 | 0.95,false
O Ironwind,syn00606,female,Eastvale Kites Women,279,right,right,Leg-spin,spin,all-rounder,,synthetic_fixture:synthetic_external_metadata/v1 | synthetic_fixture:synthetic_external_metadata/v1 | derived:role_from_usage/v1,0.99 | 0.99 | 0.95,false
C Quarraway,syn00032,male,Eastvale Kites,277,left,right,Right-arm fast-medium,pace,bowler,,synthetic_fixture:synthetic_external_metadata/v1 | synthetic_fixture:synthetic_external_metadata/v1 | derived:role_from_usage/v1,0.99 | 0.99 | 0.95,false
C Emberley,syn00216,female,Riverton Owls Women,275,right,left,Left-arm orthodox,spin,bowler,,synthetic_fixture:synthetic_external_metadata/v1 | synthetic_fixture:synthetic_external_metadata/v1 | derived:role_from_usage/v1,0.99 | 0.99 | 0.95,false
O Harrowwind,syn00163,female,Eastvale Kites Women,271,left,right,Right-arm fast-medium,pace,all-rounder,,synthetic_fixture:synthetic_external_metadata/v1 | synthetic_fixture:synthetic_external_metadata/v1 | derived:role_from_usage/v1,0.99 | 0.99 | 0.95,false
U Underfield,syn00476,male,Northshire Comets,270,left,right,Right-arm fast-medium,pace,bowler,,synthetic_fixture:synthetic_external_metadata/v1 | synthetic_fixture:synthetic_external_metadata/v1 | derived:role_from_usage/v1,0.99 | 0.99 | 0.95,false
G Kestrelvan,syn00627,female,Northshire Comets Women,270,right,left,Left-arm fast-medium,pace,batter,,synthetic_fixture:synthetic_external_metadata/v1 | synthetic_fixture:synthetic_external_metadata/v1 | derived:role_from_usage/v1,0.99 | 0.99 | 0.95,false
C Draycombe,syn00550,male,Highcliff Rams,270,,,,,wicketkeeper-batter,yes,derived:role_from_usage/v1 | derived:keeper_inference_aggregate/v1,0.95 | 0.97,false
J Thistlestoke,syn00614,female,Highcliff Rams Women,267,right,left,Left-arm fast-medium,pace,bowler,,synthetic_fixture:synthetic_external_metadata/v1 | synthetic_fixture:synthetic_external_metadata/v1 | derived:role_from_usage/v1,0.99 | 0.99 | 0.95,false
Z Hollowbank,syn00630,female,Eastvale Kites Women,267,right,,,,batter,,synthetic_fixture:synthetic_external_metadata/v1 | derived:role_from_usage/v1,0.99 | 0.95,false
W Stormstoke,syn00632,female,Westmoor Lancers Women,265,left,left,Left-arm orthodox,spin,all-rounder,,synthetic_fixture:synthetic_external_metadata/v1 | synthetic_fixture:synthetic_external_metadata/v1 | derived:role_from_usage/v1,0.99 | 0.99 | 0.95,false
I Merriwood,syn00148,female,Northshire Comets Women,263,,,,,bowler,,derived:role_from_usage/v1,0.95,false
E Eldercombe,syn00190,female,Southbay Herons Women,262,right,right,Leg-spin,spin,batter,,synthetic_fixture:synthetic_external_metadata/v1 | synthetic_fixture:synthetic_external_metadata/v1 | derived:role_from_usage/v1,0.99 | 0.99 | 0.95,false
O Thistleley,syn00636,female,Riverton Owls Women,260,right,left,Left-arm fast-medium,pace,all-rounder,,synthetic_fixture:synthetic_external_metadata/v1 | synthetic_fixture:synthetic_external_metadata/v1 | derived:role_from_usage/v1,0.99 | 0.99 | 0.95,false
S Greyridge,syn00610,female,Southbay Herons Women,255,right,,,,batter,,synthetic_fixture:synthetic_external_metadata/v1 | derived:role_from_usage/v1,0.99 | 0.95,false
X Hollowholt,syn00147,female,Northshire Comets Women,251,left,right,Right-arm fast,pace,all-rounder,,synthetic_fixture:synthetic_external_metadata/v1 | synthetic_fixture:synthetic_external_metadata/v1 | derived:role_from_usage/v1,0.99 | 0.99 | 0.95,false
O Undercourt,syn00189,female,Southbay Herons Women,231,left,,,,batter,,synthetic_fixture:synthetic_external_metadata/v1 | derived:role_from_usage/v1,0.99 | 0.95,false
B Underaway,syn00092,male,Highcliff Rams,230,left,,,,wicketkeeper-batter,yes,synthetic_fixture:synthetic_external_metadata/v1 | derived:role_from_usage/v1 | derived:keeper_inference_aggregate/v1,0.99 | 0.95 | 0.97,false
J Ashcourt,syn00564,male,Riverton Owls,229,right,,,,wicketkeeper-batter,yes,synthetic_fixture:synthetic_external_metadata/v1 | derived:role_from_usage/v1 | derived:keeper_inference_aggregate/v1,0.99 | 0.95 | 0.97,false
S Quarrhart,syn00570,male,Stonebridge Wolves,222,right,right,Right-arm fast,pace,all-rounder,,synthetic_fixture:synthetic_external_metadata/v1 | synthetic_fixture:synthetic_external_metadata/v1 | derived:role_from_usage/v1,0.99 | 0.99 | 0.95,false
Y Valewood,syn00514,male,Southbay Herons,219,right,,,,batter,,synthetic_fixture:synthetic_external_metadata/v1 | derived:role_from_usage/v1,0.99 | 0.95,false
S Glenaway,syn00650,female,Highcliff Rams Women,216,right,left,Left-arm fast-medium,pace,bowler,,synthetic_fixture:synthetic_external_metadata/v1 | synthetic_fixture:synthetic_external_metadata/v1 | derived:role_from_usage/v1,0.99 | 0.99 | 0.95,false
R Wexton,syn00234,female,Highcliff Rams Women,216,left,right,Right-arm fast-medium,pace,bowler,,synthetic_fixture:synthetic_external_metadata/v1 | synthetic_fixture:synthetic_external_metadata/v1 | derived:role_from_usage/v1,0.99 | 0.99 | 0.95,false
P Harrowwick,syn00119,male,Lakeside Falcons,214,right,right,Right-arm medium,pace,bowler,,synthetic_fixture:synthetic_external_metadata/v1 | synthetic_fixture:synthetic_external_metadata/v1 | derived:role_from_usage/v1,0.99 | 0.99 | 0.95,false
A Oakcourt,syn00179,female,Westmoor Lancers Women,214,right,right,Right-arm medium,pace,all-rounder,,synthetic_fixture:synthetic_external_metadata/v1 | synthetic_fixture:synthetic_external_metadata/v1 | derived:role_from_usage/v1,0.99 | 0.99 | 0.95,false
I Stormvan,syn00486,male,Highcliff Rams,214,right,,,,wicketkeeper-batter,yes,synthetic_fixture:synthetic_external_metadata/v1 | derived:role_from_usage/v1 | derived:keeper_inference_aggregate/v1,0.99 | 0.95 | 0.97,false
R Northson,syn00185,female,Westmoor Lancers Women,213,right,right,Leg-spin,spin,bowler,,synthetic_fixture:synthetic_external_metadata/v1 | synthetic_fixture:synthetic_external_metadata/v1 | derived:role_from_usage/v1,0.99 | 0.99 | 0.95,false
B Brackcourt,syn00225,female,Highcliff Rams Women,213,right,,,,batter,,synthetic_fixture:synthetic_external_metadata/v1 | derived:role_from_usage/v1,0.99 | 0.95,false
V Stormwell,syn00639,female,Northshire Comets Women,212,left,right,Right-arm medium,pace,bowler,,synthetic_fixture:synthetic_external_metadata/v1 | synthetic_fixture:synthetic_external_metadata/v1 | derived:role_from_usage/v1,0.99 | 0.99 | 0.95,false
D Stormwick,syn00480,male,Westmoor Lancers,212,right,right,Right-arm fast,pace,bowler,,synthetic_fixture:synthetic_external_metadata/v1 | synthetic_fixture:synthetic_external_metadata/v1 | derived:role_from_usage/v1,0.99 | 0.99 | 0.95,false
H Emberholt,syn00585,male,Stonebridge Wolves,210,right,right,Right-arm medium,pace,bowler,,synthetic_fixture:synthetic_external_metadata/v1 | synthetic_fixture:synthetic_external_metadata/v1 | derived:role_from_usage/v1,0.99 | 0.99 | 0.95,false
R Juniperford,syn00058,male,Southbay Herons,210,,,,,wicketkeeper-batter,yes,derived:role_from_usage/v1 | derived:keeper_inference_aggregate/v1,0.95 | 0.97,false
Q Greystoke,syn00155,female,Eastvale Kites Women,208,left,,,,batter,,synthetic_fixture:synthetic_external_metadata/v1 | derived:role_from_usage/v1,0.99 | 0.95,false
P Thistlebank,syn00640,female,Northshire Comets Women,208,left,right,Right-arm fast-medium,pace,all-rounder,,synthetic_fixture:synthetic_external_metadata/v1 | synthetic_fixture:synthetic_external_metadata/v1 | derived:role_from_usage/v1,0.99 | 0.99 | 0.95,false
F Oakgrove,syn00048,male,Westmoor Lancers,208,,,,,bowler,,derived:role_from_usage/v1,0.95,false
C Northwood,syn00618,female,Eastvale Kites Women,208,right,right,Leg-spin,spin,bowler,,synthetic_fixture:synthetic_external_metadata/v1 | synthetic_fixture:synthetic_external_metadata/v1 | derived:role_from_usage/v1,0.99 | 0.99 | 0.95,false
Q Larkgrove,syn00556,male,Northshire Comets,207,,,,,batter,,derived:role_from_usage/v1,0.95,false
Q Greyhart,syn00043,male,Westmoor Lancers,205,,,,,all-rounder,,derived:role_from_usage/v1,0.95,false
I Brackgrove,syn00649,female,Highcliff Rams Women,205,left,,,,batter,,synthetic_fixture:synthetic_external_metadata/v1 | derived:role_from_usage/v1,0.99 | 0.95,false
P Greymoor,syn00584,male,Lakeside Falcons,204,left,,,,batter,,synthetic_fixture:synthetic_external_metadata/v1 | derived:role_from_usage/v1,0.99 | 0.95,false
B Kestrelstoke,syn00002,male,Northshire Comets,204,left,,,,batter,,synthetic_fixture:synthetic_external_metadata/v1 | derived:role_from_usage/v1,0.99 | 0.95,false
O Marchby,syn00167,female,Eastvale Kites Women,204,right,left,Left-arm orthodox,spin,bowler,,synthetic_fixture:synthetic_external_metadata/v1 | synthetic_fixture:synthetic_external_metadata/v1 | derived:role_from_usage/v1,0.99 | 0.99 | 0.95,false
U Stormholt,syn00515,male,Riverton Owls,203,right,right,Right-arm medium,pace,bowler,,synthetic_fixture:synthetic_external_metadata/v1 | synthetic_fixture:synthetic_external_metadata/v1 | derived:role_from_usage/v1,0.99 | 0.99 | 0.95,false
B Oakton,syn00642,female,Eastvale Kites Women,203,,,,,bowler,,derived:role_from_usage/v1,0.95,false
I Draybank,syn00571,male,Northshire Comets,202,right,right,Right-arm fast-medium,pace,all-rounder,,synthetic_fixture:synthetic_external_metadata/v1 | synthetic_fixture:synthetic_external_metadata/v1 | derived:role_from_usage/v1,0.99 | 0.99 | 0.95,false
Y Coldaway,syn00586,male,Stonebridge Wolves,202,right,left,Left-arm orthodox,spin,bowler,,synthetic_fixture:synthetic_external_metadata/v1 | synthetic_fixture:synthetic_external_metadata/v1 | derived:role_from_usage/v1,0.99 | 0.99 | 0.95,false
C Elderwell,syn00561,male,Southbay Herons,202,right,,,,wicketkeeper-batter,yes,synthetic_fixture:synthetic_external_metadata/v1 | derived:role_from_usage/v1 | derived:keeper_inference_aggregate/v1,0.99 | 0.95 | 0.97,false
Z Birchstoke,syn00133,male,Stonebridge Wolves,202,right,left,Left-arm wrist-spin,spin,bowler,,synthetic_fixture:synthetic_external_metadata/v1 | synthetic_fixture:synthetic_external_metadata/v1 | derived:role_from_usage/v1,0.99 | 0.99 | 0.95,false
B Pellton,syn00122,male,Stonebridge Wolves,201,right,,,,batter,,synthetic_fixture:synthetic_external_metadata/v1 | derived:role_from_usage/v1,0.99 | 0.95,false
F Marchwick,syn00578,male,Southbay Herons,201,right,left,Left-arm fast-medium,pace,all-rounder,,synthetic_fixture:synthetic_external_metadata/v1 | synthetic_fixture:synthetic_external_metadata/v1 | derived:role_from_usage/v1,0.99 | 0.99 | 0.95,false
E Wexfield,syn00579,male,Riverton Owls,200,,,,,batter,,derived:role_from_usage/v1,0.95,false
A Coldwood,syn00535,male,Lakeside Falcons,200,right,left,Left-arm orthodox,spin,all-rounder,,synthetic_fixture:synthetic_external_metadata/v1 | synthetic_fixture:synthetic_external_metadata/v1 | derived:role_from_usage/v1,0.99 | 0.99 | 0.95,false
H Amberholt,syn00112,male,Lakeside Falcons,200,right,right,Leg-spin,spin,all-rounder,,synthetic_fixture:synthetic_external_metadata/v1 | synthetic_fixture:synthetic_external_metadata/v1 | derived:role_from_usage/v1,0.99 | 0.99 | 0.95,false
T Inchcourt,syn00502,male,Highcliff Rams,199,right,left,Left-arm orthodox,spin,bowler,,synthetic_fixture:synthetic_external_metadata/v1 | synthetic_fixture:synthetic_external_metadata/v1 | derived:role_from_usage/v1,0.99 | 0.99 | 0.95,false
U Glenwell,syn00451,male,Riverton Owls,198,left,,,,batter,,synthetic_fixture:synthetic_external_metadata/v1 | derived:role_from_usage/v1,0.99 | 0.95,false
D Juniperwell,syn00511,male,Westmoor Lancers,198,left,right,Leg-spin,spin,bowler,,synthetic_fixture:synthetic_external_metadata/v1 | synthetic_fixture:synthetic_external_metadata/v1 | derived:role_from_usage/v1,0.99 | 0.99 | 0.95,false
D Emberridge,syn00582,male,Highcliff Rams,198,left,,,,batter,,synthetic_fixture:synthetic_external_metadata/v1 | derived:role_from_usage/v1,0.99 | 0.95,false
A Foxley,syn00648,female,Riverton Owls Women,198,,,,,bowler,,derived:role_from_usage/v1,0.95,false
F Emberbank,syn00641,female,Eastvale Kites Women,197,,,,,all-rounder,,derived:role_from_usage/v1,0.95,false
X Merribank,syn00575,male,Westmoor Lancers,196,right,,,,batter,,synthetic_fixture:synthetic_external_metadata/v1 | derived:role_from_usage/v1,0.99 | 0.95,false
O Northwell,syn00635,female,Riverton Owls Women,195,,,,,wicketkeeper-batter,yes,derived:role_from_usage/v1 | derived:keeper_inference_aggregate/v1,0.95 | 0.97,false
G Oakcombe,syn00064,male,Southbay Herons,195,left,right,Off-spin,spin,bowler,,synthetic_fixture:synthetic_external_metadata/v1 | synthetic_fixture:synthetic_external_metadata/v1 | derived:role_from_usage/v1,0.99 | 0.99 | 0.95,false
U Wexhart,syn00214,female,Riverton Owls Women,194,left,right,Right-arm fast,pace,all-rounder,,synthetic_fixture:synthetic_external_metadata/v1 | synthetic_fixture:synthetic_external_metadata/v1 | derived:role_from_usage/v1,0.99 | 0.99 | 0.95,false
M Farrowmere,syn00053,male,Southbay Herons,194,right,,,,batter,,synthetic_fixture:synthetic_external_metadata/v1 | derived:role_from_usage/v1,0.99 | 0.95,false
P Yarrowwood,syn00576,male,Westmoor Lancers,192,right,left,Left-arm fast,pace,all-rounder,,synthetic_fixture:synthetic_external_metadata/v1 | synthetic_fixture:synthetic_external_metadata/v1 | derived:role_from_usage/v1,0.99 | 0.99 | 0.95,false
L Wexford,syn00469,male,Highcliff Rams,192,right,left,Left-arm fast,pace,bowler,,synthetic_fixture:synthetic_external_metadata/v1 | synthetic_fixture:synthetic_external_metadata/v1 | derived:role_from_usage/v1,0.99 | 0.99 | 0.95,false
U Brackwell,syn00580,male,Riverton Owls,192,left,,,,batter,,synthetic_fixture:synthetic_external_metadata/v1 | derived:role_from_usage/v1,0.99 | 0.95,false
S Kingford,syn00525,male,Eastvale Kites,191,right,right,Leg-spin,spin,all-rounder,,synthetic_fixture:synthetic_external_metadata/v1 | synthetic_fixture:synthetic_external_metadata/v1 | derived:role_from_usage/v1,0.99 | 0.99 | 0.95,false
A Valevan,syn00643,female,Westmoor Lancers Women,191,,,,,batter,,derived:role_from_usage/v1,0.95,false
W Corrgrove,syn00634,female,Southbay Herons Women,190,,,,,wicketkeeper-batter,yes,derived:role_from_usage/v1 | derived:keeper_inference_aggregate/v1,0.95 | 0.97,false
D Yarrowholt,syn00097,male,Highcliff Rams,190,,,,,bowler,,derived:role_from_usage/v1,0.95,false
O Quarrridge,syn00573,male,Eastvale Kites,189,right,right,Right-arm fast,pace,all-rounder,,synthetic_fixture:synthetic_external_metadata/v1 | synthetic_fixture:synthetic_external_metadata/v1 | derived:role_from_usage/v1,0.99 | 0.99 | 0.95,false
D Ironby,syn00633,female,Southbay Herons Women,188,left,,,,wicketkeeper-batter,yes,synthetic_fixture:synthetic_external_metadata/v1 | derived:role_from_usage/v1 | derived:keeper_inference_aggregate/v1,0.99 | 0.95 | 0.97,false
H Lowenwick,syn00645,female,Southbay Herons Women,187,right,,,,batter,,synthetic_fixture:synthetic_external_metadata/v1 | derived:role_from_usage/v1,0.99 | 0.95,false
W Thistlefield,syn00577,male,Southbay Herons,187,left,left,Left-arm wrist-spin,spin,bowler,,synthetic_fixture:synthetic_external_metadata/v1 | synthetic_fixture:synthetic_external_metadata/v1 | derived:role_from_usage/v1,0.99 | 0.99 | 0.95,false
P Farrowfield,syn00006,male,Northshire Comets,186,right,,,,batter,,synthetic_fixture:synthetic_external_metadata/v1 | derived:role_from_usage/v1,0.99 | 0.95,false
L Thistleby,syn00572,male,Northshire Comets,185,left,left,Left-arm orthodox,spin,bowler,,synthetic_fixture:synthetic_external_metadata/v1 | synthetic_fixture:synthetic_external_metadata/v1 | derived:role_from_usage/v1,0.99 | 0.99 | 0.95,false
A Valeley,syn00137,female,Northshire Comets Women,184,left,,,,batter,,synthetic_fixture:synthetic_external_metadata/v1 | derived:role_from_usage/v1,0.99 | 0.95,false
O Quarrwind,syn00489,male,Stonebridge Wolves,183,,,,,batter,,derived:role_from_usage/v1,0.95,false
C Emberby,syn00521,male,Stonebridge Wolves,183,right,,,,batter,,synthetic_fixture:synthetic_external_metadata/v1 | derived:role_from_usage/v1,0.99 | 0.95,false
E Marchgrove,syn00021,male,Eastvale Kites,183,right,,,,batter,,synthetic_fixture:synthetic_external_metadata/v1 | derived:role_from_usage/v1,0.99 | 0.95,false
C Ironbank,syn00070,male,Riverton Owls,181,left,,,,batter,,synthetic_fixture:synthetic_external_metadata/v1 | derived:role_from_usage/v1,0.99 | 0.95,false
B Kestrelmoor,syn00646,female,Southbay Herons Women,180,right,,,,batter,,synthetic_fixture:synthetic_external_metadata/v1 | derived:role_from_usage/v1,0.99 | 0.95,false
Z Oakholt,syn00644,female,Westmoor Lancers Women,178,right,left,Left-arm fast-medium,pace,bowler,,synthetic_fixture:synthetic_external_metadata/v1 | synthetic_fixture:synthetic_external_metadata/v1 | derived:role_from_usage/v1,0.99 | 0.99 | 0.95,false
Y Wexson,syn00444,male,Northshire Comets,178,right,right,Leg-spin,spin,bowler,,synthetic_fixture:synthetic_external_metadata/v1 | synthetic_fixture:synthetic_external_metadata/v1 | derived:role_from_usage/v1,0.99 | 0.99 | 0.95,false
U Birchaway,syn00468,male,Riverton Owls,165,right,,,,wicketkeeper-batter,yes,synthetic_fixture:synthetic_external_metadata/v1 | derived:role_from_usage/v1 | derived:keeper_inference_aggregate/v1,0.99 | 0.95 | 0.97,false
G Dunridge,syn00519,male,Lakeside Falcons,163,,,,,wicketkeeper-batter,yes,derived:role_from_usage/v1 | derived:keeper_inference_aggregate/v1,0.95 | 0.97,false
S Corrstoke,syn00211,female,Riverton Owls Women,157,right,,,,wicketkeeper-batter,yes,synthetic_fixture:synthetic_external_metadata/v1 | derived:role_from_usage/v1 | derived:keeper_inference_aggregate/v1,0.99 | 0.95 | 0.97,false
M Coldholt,syn00661,female,Highcliff Rams Women,156,,,,,bowler,,derived:role_from_usage/v1,0.95,false
O Lowenley,syn00447,male,Westmoor Lancers,155,left,,,,wicketkeeper-batter,yes,synthetic_fixture:synthetic_external_metadata/v1 | derived:role_from_usage/v1 | derived:keeper_inference_aggregate/v1,0.99 | 0.95 | 0.97,false
I Ashstoke,syn00174,female,Westmoor Lancers Women,148,left,left,Left-arm fast,pace,batter,,synthetic_fixture:synthetic_external_metadata/v1 | synthetic_fixture:synthetic_external_metadata/v1 | derived:role_from_usage/v1,0.99 | 0.99 | 0.95,false
C Pellstoke,syn00659,female,Riverton Owls Women,143,,,,,batter,,derived:role_from_usage/v1,0.95,false
I Greyholt,syn00647,female,Riverton Owls Women,142,left,right,Right-arm medium,pace,bowler,,synthetic_fixture:synthetic_external_metadata/v1 | synthetic_fixture:synthetic_external_metadata/v1 | derived:role_from_usage/v1,0.99 | 0.99 | 0.95,false
H Foxmere,syn00173,female,Westmoor Lancers Women,142,left,,,,batter,,synthetic_fixture:synthetic_external_metadata/v1 | derived:role_from_usage/v1,0.99 | 0.95,false
U Lowenbank,syn00656,female,Westmoor Lancers Women,142,left,right,Off-spin,spin,bowler,,synthetic_fixture:synthetic_external_metadata/v1 | synthetic_fixture:synthetic_external_metadata/v1 | derived:role_from_usage/v1,0.99 | 0.99 | 0.95,false
L Hollowson,syn00165,female,Eastvale Kites Women,141,right,right,Right-arm fast-medium,pace,bowler,,synthetic_fixture:synthetic_external_metadata/v1 | synthetic_fixture:synthetic_external_metadata/v1 | derived:role_from_usage/v1,0.99 | 0.99 | 0.95,false
A Quarrfield,syn00195,female,Southbay Herons Women,141,right,,,,wicketkeeper-batter,yes,synthetic_fixture:synthetic_external_metadata/v1 | derived:role_from_usage/v1 | derived:keeper_inference_aggregate/v1,0.99 | 0.95 | 0.97,false
N Pellwood,syn00574,male,Eastvale Kites,141,right,,,,wicketkeeper-batter,yes,synthetic_fixture:synthetic_external_metadata/v1 | derived:role_from_usage/v1 | derived:keeper_inference_aggregate/v1,0.99 | 0.95 | 0.97,false
D Quarrmere,syn00662,female,Highcliff Rams Women,140,right,right,Right-arm fast,pace,all-rounder,,synthetic_fixture:synthetic_external_metadata/v1 | synthetic_fixture:synthetic_external_metadata/v1 | derived:role_from_usage/v1,0.99 | 0.99 | 0.95,false
G Corrridge,syn00220,female,Riverton Owls Women,139,,,,,bowler,,derived:role_from_usage/v1,0.95,false
J Valeton,syn00194,female,Southbay Herons Women,138,right,,,,wicketkeeper-batter,yes,synthetic_fixture:synthetic_external_metadata/v1 | derived:role_from_usage/v1 | derived:keeper_inference_aggregate/v1,0.99 | 0.95 | 0.97,false
D Ashwind,syn00141,female,Northshire Comets Women,134,,,,,batter,,derived:role_from_usage/v1,0.95,false
S Thistleford,syn00658,female,Southbay Herons Women,134,right,left,Left-arm wrist-spin,spin,bowler,,synthetic_fixture:synthetic_external_metadata/v1 | synthetic_fixture:synthetic_external_metadata/v1 | derived:role_from_usage/v1,0.99 | 0.99 | 0.95,false
H Thistlecourt,syn00230,female,Highcliff Rams Women,132,right,right,Right-arm fast,pace,all-rounder,,synthetic_fixture:synthetic_external_metadata/v1 | synthetic_fixture:synthetic_external_metadata/v1 | derived:role_from_usage/v1,0.99 | 0.99 | 0.95,false
F Kestrelby,syn00075,male,Riverton Owls,130,left,,,,wicketkeeper-batter,yes,synthetic_fixture:synthetic_external_metadata/v1 | derived:role_from_usage/v1 | derived:keeper_inference_aggregate/v1,0.99 | 0.95 | 0.97,false
W Harrowson,syn00651,female,Northshire Comets Women,129,right,,,,batter,,synthetic_fixture:synthetic_external_metadata/v1 | derived:role_from_usage/v1,0.99 | 0.95,false
D Drayfield,syn00236,female,Highcliff Rams Women,129,left,right,Right-arm fast,pace,bowler,,synthetic_fixture:synthetic_external_metadata/v1 | synthetic_fixture:synthetic_external_metadata/v1 | derived:role_from_usage/v1,0.99 | 0.99 | 0.95,false
A Thistlehart,syn00657,female,Southbay Herons Women,125,right,right,Right-arm medium,pace,batter,,synthetic_fixture:synthetic_external_metadata/v1 | synthetic_fixture:synthetic_external_metadata/v1 | derived:role_from_usage/v1,0.99 | 0.99 | 0.95,false
B Northley,syn00623,female,Riverton Owls Women,124,left,right,Right-arm medium,pace,bowler,,synthetic_fixture:synthetic_external_metadata/v1 | synthetic_fixture:synthetic_external_metadata/v1 | derived:role_from_usage/v1,0.99 | 0.99 | 0.95,false
B Ravencourt,syn00652,female,Northshire Comets Women,123,,,,,batter,,derived:role_from_usage/v1,0.95,false
W Merristoke,syn00602,male,Stonebridge Wolves,121,right,right,Right-arm fast-medium,pace,all-rounder,,synthetic_fixture:synthetic_external_metadata/v1 | synthetic_fixture:synthetic_external_metadata/v1 | derived:role_from_usage/v1,0.99 | 0.99 | 0.95,false
D Larkbank,syn00478,male,Eastvale Kites,121,,,,,bowler,,derived:role_from_usage/v1,0.95,false
D Thistlewell,syn00453,male,Highcliff Rams,120,left,right,Right-arm fast,pace,bowler,,synthetic_fixture:synthetic_external_metadata/v1 | synthetic_fixture:synthetic_external_metadata/v1 | derived:role_from_usage/v1,0.99 | 0.99 | 0.95,false
C Farrowley,syn00474,male,Stonebridge Wolves,118,right,,,,batter,,synthetic_fixture:synthetic_external_metadata/v1 | derived:role_from_usage/v1,0.99 | 0.95,false
F Stormbank,syn00619,female,Westmoor Lancers Women,117,right,left,Left-arm wrist-spin,spin,batter,,synthetic_fixture:synthetic_external_metadata/v1 | synthetic_fixture:synthetic_external_metadata/v1 | derived:role_from_usage/v1,0.99 | 0.99 | 0.95,false
P Drayby,syn00653,female,Eastvale Kites Women,115,right,left,Left-arm fast,pace,bowler,,synthetic_fixture:synthetic_external_metadata/v1 | synthetic_fixture:synthetic_external_metadata/v1 | derived:role_from_usage/v1,0.99 | 0.99 | 0.95,false
O Pellbank,syn00581,male,Highcliff Rams,114,right,,,,batter,,synthetic_fixture:synthetic_external_metadata/v1 | derived:role_from_usage/v1,0.99 | 0.95,false
Y Farrowstoke,syn00103,male,Lakeside Falcons,114,left,,,,batter,,synthetic_fixture:synthetic_external_metadata/v1 | derived:role_from_usage/v1,0.99 | 0.95,false
L Yarrowford,syn00198,female,Southbay Herons Women,114,left,left,Left-arm fast,pace,all-rounder,,synthetic_fixture:synthetic_external_metadata/v1 | synthetic_fixture:synthetic_external_metadata/v1 | derived:role_from_usage/v1,0.99 | 0.99 | 0.95,false
Z Glenridge,syn00599,male,Lakeside Falcons,112,,,,,batter,,derived:role_from_usage/v1,0.95,false
P Ironcourt,syn00588,male,Northshire Comets,112,right,,,,batter,,synthetic_fixture:synthetic_external_metadata/v1 | derived:role_from_usage/v1,0.99 | 0.95,false
M Lowenridge,syn00196,female,Southbay Herons Women,110,right,left,Left-arm fast,pace,all-rounder,,synthetic_fixture:synthetic_external_metadata/v1 | synthetic_fixture:synthetic_external_metadata/v1 | derived:role_from_usage/v1,0.99 | 0.99 | 0.95,false
C Pellridge,syn00569,male,Stonebridge Wolves,109,,,,,bowler,,derived:role_from_usage/v1,0.95,false
T Coldstoke,syn00117,male,Lakeside Falcons,108,right,right,Off-spin,spin,bowler,,synthetic_fixture:synthetic_external_metadata/v1 | synthetic_fixture:synthetic_external_metadata/v1 | derived:role_from_usage/v1,0.99 | 0.99 | 0.95,false
M Brackby,syn00600,male,Lakeside Falcons,108,left,right,Off-spin,spin,batter,,synthetic_fixture:synthetic_external_metadata/v1 | synthetic_fixture:synthetic_external_metadata/v1 | derived:role_from_usage/v1,0.99 | 0.99 | 0.95,false
T Ashcombe,syn00598,male,Highcliff Rams,108,left,right,Leg-spin,spin,batter,,synthetic_fixture:synthetic_external_metadata/v1 | synthetic_fixture:synthetic_external_metadata/v1 | derived:role_from_usage/v1,0.99 | 0.99 | 0.95,false
P Drayford,syn00510,male,Eastvale Kites,107,right,left,Left-arm orthodox,spin,all-rounder,,synthetic_fixture:synthetic_external_metadata/v1 | synthetic_fixture:synthetic_external_metadata/v1 | derived:role_from_usage/v1,0.99 | 0.99 | 0.95,false
Z Corrson,syn00557,male,Eastvale Kites,107,right,right,Right-arm fast,pace,all-rounder,,synthetic_fixture:synthetic_external_metadata/v1 | synthetic_fixture:synthetic_external_metadata/v1 | derived:role_from_usage/v1,0.99 | 0.99 | 0.95,false
A Greycourt,syn00071,male,Riverton Owls,106,left,right,Right-arm fast-medium,pace,batter,,synthetic_fixture:synthetic_external_metadata/v1 | synthetic_fixture:synthetic_external_metadata/v1 | derived:role_from_usage/v1,0.99 | 0.99 | 0.95,false
P Ironley,syn00522,male,Stonebridge Wolves,105,,,,,all-rounder,,derived:role_from_usage/v1,0.95,false
E Northgrove,syn00015,male,Northshire Comets,104,right,right,Right-arm medium,pace,bowler,,synthetic_fixture:synthetic_external_metadata/v1 | synthetic_fixture:synthetic_external_metadata/v1 | derived:role_from_usage/v1,0.99 | 0.99 | 0.95,false
K Foxridge,syn00131,male,Stonebridge Wolves,104,right,right,Leg-spin,spin,bowler,,synthetic_fixture:synthetic_external_metadata/v1 | synthetic_fixture:synthetic_external_metadata/v1 | derived:role_from_usage/v1,0.99 | 0.99 | 0.95,false
N Yarrowaway,syn00593,male,Southbay Herons,103,,,,,batter,,derived:role_from_usage/v1,0.95,false
T Brackvan,syn00595,male,Riverton Owls,103,right,,,,batter,,synthetic_fixture:synthetic_external_metadata/v1 | derived:role_from_usage/v1,0.99 | 0.95,false
B Kingcourt,syn00589,male,Eastvale Kites,102,right,,,,batter,,synthetic_fixture:synthetic_external_metadata/v1 | derived:role_from_usage/v1,0.99 | 0.95,false
B Dunley,syn00056,male,Southbay Herons,101,left,,,,batter,,synthetic_fixture:synthetic_external_metadata/v1 | derived:role_from_usage/v1,0.99 | 0.95,false
W Dunwind,syn00445,male,Eastvale Kites,100,right,,,,batter,,synthetic_fixture:synthetic_external_metadata/v1 | derived:role_from_usage/v1,0.99 | 0.95,false
B Marchholt,syn00101,male,Highcliff Rams,99,left,right,Right-arm medium,pace,bowler,,synthetic_fixture:synthetic_external_metadata/v1 | synthetic_fixture:synthetic_external_metadata/v1 | derived:role_from_usage/v1,0.99 | 0.99 | 0.95,false
S Coldmoor,syn00587,male,Northshire Comets,98,right,,,,batter,,synthetic_fixture:synthetic_external_metadata/v1 | derived:role_from_usage/v1,0.99 | 0.95,false
W Marchstoke,syn00590,male,Eastvale Kites,98,right,left,Left-arm orthodox,spin,batter,,synthetic_fixture:synthetic_external_metadata/v1 | synthetic_fixture:synthetic_external_metadata/v1 | derived:role_from_usage/v1,0.99 | 0.99 | 0.95,false
L Amberbank,syn00067,male,Southbay Herons,97,left,right,Right-arm medium,pace,bowler,,synthetic_fixture:synthetic_external_metadata/v1 | synthetic_fixture:synthetic_external_metadata/v1 | derived:role_from_usage/v1,0.99 | 0.99 | 0.95,false
W Juniperfield,syn00039,male,Westmoor Lancers,96,right,right,Right-arm fast-medium,pace,batter,,synthetic_fixture:synthetic_external_metadata/v1 | synthetic_fixture:synthetic_external_metadata/v1 | derived:role_from_usage/v1,0.99 | 0.99 | 0.95,false
B Coldwell,syn00019,male,Eastvale Kites,95,right,,,,batter,,synthetic_fixture:synthetic_external_metadata/v1 | derived:role_from_usage/v1,0.99 | 0.95,false
B Oakridge,syn00594,male,Southbay Herons,94,left,right,Off-spin,spin,bowler,,synthetic_fixture:synthetic_external_metadata/v1 | synthetic_fixture:synthetic_external_metadata/v1 | derived:role_from_usage/v1,0.99 | 0.99 | 0.95,false
D Draywind,syn00028,male,Eastvale Kites,93,left,right,Right-arm fast-medium,pace,all-rounder,,synthetic_fixture:synthetic_external_metadata/v1 | synthetic_fixture:synthetic_external_metadata/v1 | derived:role_from_usage/v1,0.99 | 0.99 | 0.95,false
D Yarrowhart,syn00592,male,Westmoor Lancers,93,right,right,Right-arm fast-medium,pace,bowler,,synthetic_fixture:synthetic_external_metadata/v1 | synthetic_fixture:synthetic_external_metadata/v1 | derived:role_from_usage/v1,0.99 | 0.99 | 0.95,false
N Harrowfield,syn00099,male,Highcliff Rams,93,left,left,Left-arm fast-medium,pace,bowler,,synthetic_fixture:synthetic_external_metadata/v1 | synthetic_fixture:synthetic_external_metadata/v1 | derived:role_from_usage/v1,0.99 | 0.99 | 0.95,false
Z Ravenwell,syn00596,male,Riverton Owls,91,right,right,Right-arm medium,pace,bowler,,synthetic_fixture:synthetic_external_metadata/v1 | synthetic_fixture:synthetic_external_metadata/v1 | derived:role_from_usage/v1,0.99 | 0.99 | 0.95,false
B Drayvan,syn00504,male,Lakeside Falcons,90,,,,,wicketkeeper-batter,yes,derived:role_from_usage/v1 | derived:keeper_inference_aggregate/v1,0.95 | 0.97,false
S Brackaway,syn00597,male,Highcliff Rams,88,right,left,Left-arm orthodox,spin,batter,,synthetic_fixture:synthetic_external_metadata/v1 | synthetic_fixture:synthetic_external_metadata/v1 | derived:role_from_usage/v1,0.99 | 0.99 | 0.95,false
Q Brackridge,syn00184,female,Westmoor Lancers Women,83,left,right,Off-spin,spin,bowler,,synthetic_fixture:synthetic_external_metadata/v1 | synthetic_fixture:synthetic_external_metadata/v1 | derived:role_from_usage/v1,0.99 | 0.99 | 0.95,false
F Emberson,syn00142,female,Northshire Comets Women,82,,,,,batter,,derived:role_from_usage/v1,0.95,false
S Foxton,syn00081,male,Riverton Owls,80,right,left,Left-arm fast,pace,bowler,,synthetic_fixture:synthetic_external_metadata/v1 | synthetic_fixture:synthetic_external_metadata/v1 | derived:role_from_usage/v1,0.99 | 0.99 | 0.95,false
P Oakwell,syn00612,female,Riverton Owls Women,78,right,left,Left-arm wrist-spin,spin,bowler,,synthetic_fixture:synthetic_external_metadata/v1 | synthetic_fixture:synthetic_external_metadata/v1 | derived:role_from_usage/v1,0.99 | 0.99 | 0.95,false
Q Glenvan,syn00496,male,Westmoor Lancers,77,,,,,wicketkeeper-batter,yes,derived:role_from_usage/v1 | derived:keeper_inference_aggregate/v1,0.95 | 0.97,false
M Lowenholt,syn00638,female,Highcliff Rams Women,75,,,,,bowler,,derived:role_from_usage/v1,0.95,false
I Valemere,syn00176,female,Westmoor Lancers Women,74,right,,,,batter,,synthetic_fixture:synthetic_external_metadata/v1 | derived:role_from_usage/v1,0.99 | 0.95,false
J Inchholt,syn00042,male,Westmoor Lancers,73,right,,,,wicketkeeper-batter,yes,synthetic_fixture:synthetic_external_metadata/v1 | derived:role_from_usage/v1 | derived:keeper_inference_aggregate/v1,0.99 | 0.95 | 0.97,false
K Lowenvan,syn00126,male,Stonebridge Wolves,73,right,,,,wicketkeeper-batter,yes,synthetic_fixture:synthetic_external_metadata/v1 | derived:role_from_usage/v1 | derived:keeper_inference_aggregate/v1,0.99 | 0.95 | 0.97,false
L Lowencourt,syn00660,female,Riverton Owls Women,73,right,left,Left-arm orthodox,spin,bowler,,synthetic_fixture:synthetic_external_metadata/v1 | synthetic_fixture:synthetic_external_metadata/v1 | derived:role_from_usage/v1,0.99 | 0.99 | 0.95,false
I Pellwick,syn00666,female,Eastvale Kites Women,72,right,right,Off-spin,spin,all-rounder,,synthetic_fixture:synthetic_external_metadata/v1 | synthetic_fixture:synthetic_external_metadata/v1 | derived:role_from_usage/v1,0.99 | 0.99 | 0.95,false
Y Elderby,syn00667,female,Westmoor Lancers Women,70,right,right,Right-arm medium,pace,batter,,synthetic_fixture:synthetic_external_metadata/v1 | synthetic_fixture:synthetic_external_metadata/v1 | derived:role_from_usage/v1,0.99 | 0.99 | 0.95,false
Q Ironwick,syn00629,female,Eastvale Kites Women,70,left,right,Right-arm fast,pace,bowler,,synthetic_fixture:synthetic_external_metadata/v1 | synthetic_fixture:synthetic_external_metadata/v1 | derived:role_from_usage/v1,0.99 | 0.99 | 0.95,false
J Underby,syn00671,female,Riverton Owls Women,69,right,left,Left-arm wrist-spin,spin,bowler,,synthetic_fixture:synthetic_external_metadata/v1 | synthetic_fixture:synthetic_external_metadata/v1 | derived:role_from_usage/v1,0.99 | 0.99 | 0.95,false
L Harrowmoor,syn00665,female,Eastvale Kites Women,68,left,left,Left-arm fast-medium,pace,all-rounder,,synthetic_fixture:synthetic_external_metadata/v1 | synthetic_fixture:synthetic_external_metadata/v1 | derived:role_from_usage/v1,0.99 | 0.99 | 0.95,false
A Oakbank,syn00674,female,Highcliff Rams Women,68,right,left,Left-arm orthodox,spin,batter,,synthetic_fixture:synthetic_external_metadata/v1 | synthetic_fixture:synthetic_external_metadata/v1 | derived:role_from_usage/v1,0.99 | 0.99 | 0.95,false
C Pellwind,syn00668,female,Westmoor Lancers Women,68,left,left,Left-arm fast-medium,pace,all-rounder,,synthetic_fixture:synthetic_external_metadata/v1 | synthetic_fixture:synthetic_external_metadata/v1 | derived:role_from_usage/v1,0.99 | 0.99 | 0.95,false
S Ravenmere,syn00663,female,Northshire Comets Women,67,right,right,Leg-spin,spin,bowler,,synthetic_fixture:synthetic_external_metadata/v1 | synthetic_fixture:synthetic_external_metadata/v1 | derived:role_from_usage/v1,0.99 | 0.99 | 0.95,false
X Juniperley,syn00669,female,Southbay Herons Women,67,right,left,Left-arm orthodox,spin,batter,,synthetic_fixture:synthetic_external_metadata/v1 | synthetic_fixture:synthetic_external_metadata/v1 | derived:role_from_usage/v1,0.99 | 0.99 | 0.95,false
O Kestrelton,syn00673,female,Highcliff Rams Women,66,left,,,,batter,,synthetic_fixture:synthetic_external_metadata/v1 | derived:role_from_usage/v1,0.99 | 0.95,false
D Larkmere,syn00208,female,Riverton Owls Women,65,,,,,batter,,derived:role_from_usage/v1,0.95,false
O Amberley,syn00235,female,Highcliff Rams Women,65,left,right,Off-spin,spin,bowler,,synthetic_fixture:synthetic_external_metadata/v1 | synthetic_fixture:synthetic_external_metadata/v1 | derived:role_from_usage/v1,0.99 | 0.99 | 0.95,false
M Corrbank,syn00238,female,Highcliff Rams Women,65,,,,,bowler,,derived:role_from_usage/v1,0.95,false
F Greyton,syn00670,female,Southbay Herons Women,63,left,right,Off-spin,spin,bowler,,synthetic_fixture:synthetic_external_metadata/v1 | synthetic_fixture:synthetic_external_metadata/v1 | derived:role_from_usage/v1,0.99 | 0.99 | 0.95,false
M Undervan,syn00162,female,Eastvale Kites Women,62,right,left,Left-arm fast,pace,all-rounder,,synthetic_fixture:synthetic_external_metadata/v1 | synthetic_fixture:synthetic_external_metadata/v1 | derived:role_from_usage/v1,0.99 | 0.99 | 0.95,false
S Farrowbank,syn00672,female,Riverton Owls Women,62,,,,,bowler,,derived:role_from_usage/v1,0.95,false
Y Inchwick,syn00615,female,Northshire Comets Women,60,right,,,,batter,,synthetic_fixture:synthetic_external_metadata/v1 | derived:role_from_usage/v1,0.99 | 0.95,false
R Ravenhart,syn00654,female,Eastvale Kites Women,59,left,right,Right-arm fast,pace,all-rounder,,synthetic_fixture:synthetic_external_metadata/v1 | synthetic_fixture:synthetic_external_metadata/v1 | derived:role_from_usage/v1,0.99 | 0.99 | 0.95,false
S Thistlecombe,syn00221,female,Riverton Owls Women,59,,,,,bowler,,derived:role_from_usage/v1,0.95,false
B Ravenstoke,syn00202,female,Southbay Herons Women,58,right,right,Right-arm fast-medium,pace,bowler,,synthetic_fixture:synthetic_external_metadata/v1 | synthetic_fixture:synthetic_external_metadata/v1 | derived:role_from_usage/v1,0.99 | 0.99 | 0.95,false
C Dunmere,syn00188,female,Southbay Herons Women,57,right,right,Off-spin,spin,batter,,synthetic_fixture:synthetic_external_metadata/v1 | synthetic_fixture:synthetic_external_metadata/v1 | derived:role_from_usage/v1,0.99 | 0.99 | 0.95,false
Q Oakwind,syn00631,female,Westmoor Lancers Women,56,right,right,Right-arm fast,pace,bowler,,synthetic_fixture:synthetic_external_metadata/v1 | synthetic_fixture:synthetic_external_metadata/v1 | derived:role_from_usage/v1,0.99 | 0.99 | 0.95,false
E Kestrelson,syn00161,female,Eastvale Kites Women,54,right,,,,wicketkeeper-batter,yes,synthetic_fixture:synthetic_external_metadata/v1 | derived:role_from_usage/v1 | derived:keeper_inference_aggregate/v1,0.99 | 0.95 | 0.97,false
P Kestrelcourt,syn00604,female,Northshire Comets Women,53,right,,,,batter,,synthetic_fixture:synthetic_external_metadata/v1 | derived:role_from_usage/v1,0.99 | 0.95,false
E Larkfield,syn00664,female,Northshire Comets Women,46,left,,,,wicketkeeper-batter,yes,synthetic_fixture:synthetic_external_metadata/v1 | derived:role_from_usage/v1 | derived:keeper_inference_aggregate/v1,0.99 | 0.95 | 0.97,false
Z Lowenhart,unres:dbb5219bbe,male,Dunmere,4,,,,,bowler,,derived:role_from_usage/v1,0.57,false
P Amberwind,unres:9b78e6efb4,male,Estrova,4,,,,,bowler,,derived:role_from_usage/v1,0.57,false
X Ravenwood,unres:478a1d92bd,male,Lakeside Falcons,4,,,,,bowler,,derived:role_from_usage/v1,0.57,false
A Brackton,unres:68826cab5c,male,Eastvale Kites,3,,,,,bowler,,derived:role_from_usage/v1,0.55,false
P Amberson,unres:82da28f624,male,Lakeside Falcons,3,,,,,bowler,,derived:role_from_usage/v1,0.55,false
B Hollowwell,unres:e37e54a5c4,female,Fenmarch Women,3,,,,,bowler,,derived:role_from_usage/v1,0.55,false
Z Inchley,unres:fc684b34a1,male,Estrova,3,,,,,bowler,,derived:role_from_usage/v1,0.55,false
U Coldby,unres:291172f049,male,Dunmere,3,,,,,bowler,,derived:role_from_usage/v1,0.55,false
J Larkson,unres:433817d414,female,Dunmere Women,3,,,,,bowler,,derived:role_from_usage/v1,0.55,false
Q Draycourt,unres:13296a4a08,male,Avalor,3,,,,,bowler,,derived:role_from_usage/v1,0.55,false
B Wexmere,unres:dcd4d22dee,male,Riverton Owls,3,,,,,bowler,,derived:role_from_usage/v1,0.55,false
C Greywell,unres:ed9060a83d,male,Brenmark,2,,,,,,,"","",false
O Underley,unres:a40f67a5c2,female,Dunmere Women,2,,,,,,,"","",false
Q Inchmere,unres:64e84530be,male,Caldora,2,,,,,,,"","",false
O Kingholt,unres:561cbe8d64,male,Stonebridge Wolves,2,,,,,,,"","",false
R Northson,unres:f868d6fc3e,female,Westmoor Lancers Women,2,,,,,,,"","",false
T Stormhart,unres:91a170d418,male,Eastvale Kites,2,,,,,,,"","",false
E Kestrelfield,unres:6175ad1207,male,Southbay Herons,2,,,,,,,"","",false
L Yarrowmere,unres:297cd68ea8,male,Southbay Herons,2,,,,,,,"","",false
M Coldholt,unres:83e1cb0847,female,Highcliff Rams Women,2,,,,,,,"","",false
S Merriwind,unres:28b034c389,male,Stonebridge Wolves,2,,,,,,,"","",false
H Stormgrove,unres:fd97fca6e5,male,Lakeside Falcons,2,,,,,,,"","",false
P Draywood,unres:efd1c20741,male,Southbay Herons,2,,,,,,,"","",false
T Inchbank,unres:4354ed6830,male,Stonebridge Wolves,2,,,,,,,"","",false
J Merricourt,unres:a1483a8f9c,male,Brenmark,2,,,,,,,"","",false
K Farrowridge,unres:f8c331553a,male,Northshire Comets,2,,,,,,,"","",false
K Stormwood,unres:0dff665525,male,Stonebridge Wolves,2,,,,,,,"","",false
P Elderfield,unres:a8987966ab,male,Lakeside Falcons,2,,,,,,,"","",false
B Oakwood,unres:4fa565a5d3,male,Southbay Herons,2,,,,,,,"","",false
U Corrmoor,unres:ec9b447db7,male,Lakeside Falcons,2,,,,,,,"","",false
S Yarrowson,unres:5f0412c576,female,Dunmere Women,2,,,,,,,"","",false
C Ravenwind,unres:6f773a612a,male,Eastvale Kites,2,,,,,,,"","",false
E Wexholt,unres:fb2a147a32,male,Stonebridge Wolves,2,,,,,,,"","",false
I Inchfield,unres:5f26f3b601,male,Dunmere,2,,,,,,,"","",false
M Kingwood,unres:a5a9835cc2,female,Caldora Women,2,,,,,,,"","",false
W Ashson,unres:d32a1258e2,male,Highcliff Rams,2,,,,,,,"","",false
U Yarrowton,unres:e009909963,male,Westmoor Lancers,2,,,,,,,"","",false
T Greywick,unres:5d78297c1e,male,Stonebridge Wolves,2,,,,,,,"","",false
V Merriton,unres:6b6a8c9322,male,Fenmarch,2,,,,,,,"","",false
X Ironaway,unres:05060f8070,female,Brenmark Women,1,,,,,,,"","",false
Y Foxhart,unres:fc4e69e3b0,female,Highcliff Rams Women,1,,,,,,,"","",false
S Thistleford,unres:efdfcfab3a,female,Southbay Herons Women,1,,,,,,,"","",false
D Glencourt,unres:9e9498d6cb,male,Riverton Owls,1,,,,,,,"","",false
W Glenford,unres:11622e9990,female,Estrova Women,1,,,,,,,"","",false
T Inchcourt,unres:4984d0e226,male,Highcliff Rams,1,,,,,,,"","",false
Z Oakholt,unres:a5b69752c1,female,Westmoor Lancers Women,1,,,,,,,"","",false
H Harrowvan,unres:c745c8dab7,female,Caldora Women,1,,,,,,,"","",false
I Corrwood,unres:df1209bd68,female,Riverton Owls Women,1,,,,,,,"","",false
A Juniperholt,unres:109d3b8858,female,Caldora Women,1,,,,,,,"","",false
U Ironstoke,unres:c688ed4d5d,male,Eastvale Kites,1,,,,,,,"","",false
H Birchton,unres:0655444c54,female,Highcliff Rams Women,1,,,,,,,"","",false
P Pellby,unres:72d97465e5,female,Southbay Herons Women,1,,,,,,,"","",false
D Ironvan,unres:a3f6d570b8,female,Avalor Women,1,,,,,,,"","",false
P Hollowwind,unres:4ccc5931d1,male,Northshire Comets,1,,,,,,,"","",false
D Oakfield,unres:3b285a2467,male,Avalor,1,,,,,,,"","",false
F Oakgrove,unres:cb87884848,male,Westmoor Lancers,1,,,,,,,"","",false
M Kingson,unres:ed23b09dff,male,Lakeside Falcons,1,,,,,,,"","",false
Y Pellmoor,unres:906268eaf7,female,Northshire Comets Women,1,,,,,,,"","",false
K Emberford,unres:fc7d85c4bc,female,Avalor Women,1,,,,,,,"","",false
D Hollowridge,unres:0e732e4b74,male,Westmoor Lancers,1,,,,,,,"","",false
V Elderson,unres:5d4700fe9c,male,Highcliff Rams,1,,,,,,,"","",false
A Embervan,unres:420c746d14,male,Riverton Owls,1,,,,,,,"","",false
I Greyholt,unres:c6798ea0f1,female,Riverton Owls Women,1,,,,,,,"","",false
O Northford,unres:390d44ce7d,male,Highcliff Rams,1,,,,,,,"","",false
J Amberridge,unres:e8286aba68,male,Brenmark,1,,,,,,,"","",false
C Dunford,unres:69a6f1204c,female,Westmoor Lancers Women,1,,,,,,,"","",false
Z Marchson,unres:733b29fa6f,female,Brenmark Women,1,,,,,,,"","",false
D Undergrove,unres:7fad0f3503,male,Northshire Comets,1,,,,,,,"","",false
J Ravenwick,unres:9f66c741cf,female,Fenmarch Women,1,,,,,,,"","",false
K Juniperson,unres:8a961922e7,male,Dunmere,1,,,,,,,"","",false
K Lowenwind,unres:7e2b1a0bb2,male,Riverton Owls,1,,,,,,,"","",false
Q Ravenford,unres:057758307a,male,Riverton Owls,1,,,,,,,"","",false
K Brackfield,unres:c926115a32,male,Lakeside Falcons,1,,,,,,,"","",false
O Kingmere,unres:fcb5487627,female,Eastvale Kites Women,1,,,,,,,"","",false
L Foxcourt,unres:74dcc705bb,female,Southbay Herons Women,1,,,,,,,"","",false
M Kingaway,unres:feccea03d3,male,Riverton Owls,1,,,,,,,"","",false
W Larkwick,unres:5e9b5f686f,male,Westmoor Lancers,1,,,,,,,"","",false
U Oakmoor,unres:c9cfd8311a,male,Caldora,1,,,,,,,"","",false
G Birchwell,unres:6f0e39e760,female,Eastvale Kites Women,1,,,,,,,"","",false
N Corrwell,unres:b3ef772f5c,male,Westmoor Lancers,1,,,,,,,"","",false
W Oakley,unres:55d21dcd74,male,Eastvale Kites,1,,,,,,,"","",false
O Emberfield,unres:b3d860132c,female,Estrova Women,1,,,,,,,"","",false
E Northgrove,unres:ea4321c292,male,Northshire Comets,1,,,,,,,"","",false
N Raventon,unres:23dbaaeb28,male,Southbay Herons,1,,,,,,,"","",false
V Thistlevan,unres:26e0011104,female,Fenmarch Women,1,,,,,,,"","",false
I Merriwood,unres:2add20f763,female,Northshire Comets Women,1,,,,,,,"","",false
Y Coldaway,unres:88ce998179,male,Stonebridge Wolves,1,,,,,,,"","",false
U Stormholt,unres:81161e71e6,male,Riverton Owls,1,,,,,,,"","",false
P Hollowvan,unres:7746e3a637,male,Highcliff Rams,1,,,,,,,"","",false
R Inchford,unres:8f852864aa,male,Highcliff Rams,1,,,,,,,"","",false
D Kingley,unres:d7ce93dee6,male,Eastvale Kites,1,,,,,,,"","",false
C Merriford,unres:e87fa6579d,female,Highcliff Rams Women,1,,,,,,,"","",false
I Kestrelbank,unres:854952def2,male,Southbay Herons,1,,,,,,,"","",false
C Elderholt,unres:8272a68bb7,male,Highcliff Rams,1,,,,,,,"","",false
L Inchridge,unres:00cbc1ef83,male,Estrova,1,,,,,,,"","",false
Q Amberstoke,unres:4a52f7ff8e,female,Dunmere Women,1,,,,,,,"","",false
N Foxgrove,unres:10feab2935,female,Estrova Women,1,,,,,,,"","",false
A Kestrelhart,unres:6945e550ce,female,Northshire Comets Women,1,,,,,,,"","",false
O Hollowcombe,unres:07373d2e56,female,Northshire Comets Women,1,,,,,,,"","",false
J Thistlestoke,unres:3210121dab,female,Highcliff Rams Women,1,,,,,,,"","",false
U Oakaway,unres:74b1ae27f0,male,Avalor,1,,,,,,,"","",false
